,Temperature,WindSpeed,Precipitation,WeatherCondition,solar_elevation,PV_pvlib,GHI,solar_noon,sunrise,sunset,sun_up
2024-09-17 00:00:00,10.2,4.7,0.0,3,-30.09811759181723,0.0,0.0,11,4,17,0
2024-09-17 01:00:00,9.2,5.4,0.0,3,-27.127818417333472,0.0,0.0,11,4,17,0
2024-09-17 02:00:00,10.2,2.6,0.0,3,-22.161263027844825,0.0,0.0,11,4,17,0
2024-09-17 03:00:00,9.9,1.3,0.0,3,-15.696693183631808,0.0,0.0,11,4,17,0
2024-09-17 04:00:00,10.1,1.3,0.0,3,-8.226347680554525,0.0,0.0,11,4,17,0
2024-09-17 05:00:00,10.1,1.8,0.0,3,0.25025938741973164,0.0,0.0,11,4,17,1
2024-09-17 06:00:00,9.7,1.0,0.0,3,7.9624689318143,0.0,0.0,11,4,17,1
2024-09-17 07:00:00,9.5,0.8,0.0,3,15.765049242118565,0.06990746864492368,17.0,11,4,17,1
2024-09-17 08:00:00,10.2,1.6,0.0,3,22.895330775423858,0.31389647331376436,56.0,11,4,17,1
2024-09-17 09:00:00,11.6,2.4,0.0,3,28.82319958073979,0.9611918695008129,141.0,11,4,17,1
2024-09-17 10:00:00,12.1,0.5,0.0,3,32.98406077607199,1.0836933957797987,181.0,11,4,17,1
2024-09-17 11:00:00,14.3,2.7,0.0,3,34.86480310010718,2.6591053411406973,353.0,11,4,17,1
2024-09-17 12:00:00,15.5,2.6,0.0,3,34.189572594951585,3.228546751677547,432.0,11,4,17,1
2024-09-17 13:00:00,16.3,2.3,0.0,3,31.05944676486331,3.117942465796944,440.0,11,4,17,1
2024-09-17 14:00:00,16.9,2.1,0.0,3,25.89769169768013,2.2426395225336386,355.0,11,4,17,1
2024-09-17 15:00:00,17.1,2.5,0.0,3,19.26205231701445,1.9471450791579774,328.0,11,4,17,1
2024-09-17 16:00:00,17.3,2.5,0.0,3,11.69972999302955,1.4818092019883105,324.0,11,4,17,1
2024-09-17 17:00:00,17.0,4.1,0.0,3,3.757988037074398,0.5863269579107723,183.0,11,4,17,1
2024-09-17 18:00:00,15.5,6.9,0.0,3,-4.511018381837545,0.2727561541184621,70.0,11,4,17,0
2024-09-17 19:00:00,14.2,9.4,0.0,3,-12.358577944530154,0.0,4.0,11,4,17,0
2024-09-17 20:00:00,13.2,7.3,0.0,2,-19.409957485137113,0.0,0.0,11,4,17,0
2024-09-17 21:00:00,12.6,6.2,0.0,2,-25.215479098163627,0.0,0.0,11,4,17,0
2024-09-17 22:00:00,12.2,5.7,0.0,0,-29.263108248835692,0.0,0.0,11,4,17,0
2024-09-17 23:00:00,11.1,5.8,0.0,0,-31.095710123905405,0.0,0.0,11,4,17,0
2024-09-18 00:00:00,10.1,7.2,0.0,3,-30.471163606466945,0.0,0.0,11,4,17,0
2024-09-18 01:00:00,10.2,4.1,0.0,3,-27.47615436120499,0.0,0.0,11,4,17,0
2024-09-18 02:00:00,10.2,5.4,0.0,3,-22.48341846097655,0.0,0.0,11,4,17,0
2024-09-18 03:00:00,9.7,6.2,0.0,3,-15.99655077593144,0.0,0.0,11,4,17,0
2024-09-18 04:00:00,9.8,4.5,0.0,3,-8.511565658129712,0.0,0.0,11,4,17,0
2024-09-18 05:00:00,9.7,4.2,0.0,3,0.020520538000226907,0.0,0.0,11,4,17,1
2024-09-18 06:00:00,9.6,4.3,0.0,3,7.6878142400503435,0.0,0.0,11,4,17,1
2024-09-18 07:00:00,9.9,4.8,0.0,3,15.47734569953002,0.0634798206711535,16.0,11,4,17,1
2024-09-18 08:00:00,11.0,5.4,0.0,3,22.588204114815696,0.41269228707752476,72.0,11,4,17,1
2024-09-18 09:00:00,12.5,5.6,0.0,3,28.49056685608332,1.4854544357558386,178.0,11,4,17,1
2024-09-18 10:00:00,15.1,4.7,0.0,0,32.62399552724746,3.2892931565858836,332.0,11,4,17,1
2024-09-18 11:00:00,17.5,4.8,0.0,0,34.48197210376456,4.558857030237593,479.0,11,4,17,1
2024-09-18 12:00:00,19.0,7.6,0.0,0,33.79438265856556,4.73040181005418,536.0,11,4,17,1
2024-09-18 13:00:00,19.6,9.1,0.0,0,30.66313521435528,4.413087458767233,545.0,11,4,17,1
2024-09-18 14:00:00,20.0,9.1,0.0,0,25.507533884724396,3.710319106441422,512.0,11,4,17,1
2024-09-18 15:00:00,19.6,9.8,0.0,1,18.88032385159289,2.707570553596741,441.0,11,4,17,1
2024-09-18 16:00:00,18.9,10.1,0.0,1,11.325831867657527,1.46048395233634,332.0,11,4,17,1
2024-09-18 17:00:00,17.7,9.4,0.0,1,3.399794745409423,0.4057646987817923,210.0,11,4,17,1
2024-09-18 18:00:00,15.9,8.5,0.0,2,-4.891501838779533,0.18327471302991524,82.0,11,4,17,0
2024-09-18 19:00:00,14.2,9.1,0.0,3,-12.739623141511856,0.0,5.0,11,4,17,0
2024-09-18 20:00:00,13.4,7.2,0.0,3,-19.798167699649355,0.0,0.0,11,4,17,0
2024-09-18 21:00:00,12.9,7.0,0.0,3,-25.610757023849175,0.0,0.0,11,4,17,0
2024-09-18 22:00:00,12.6,7.4,0.0,3,-29.66078461942088,0.0,0.0,11,4,17,0
2024-09-18 23:00:00,12.4,7.1,0.0,3,-31.486633588756874,0.0,0.0,11,4,17,0
2024-09-19 00:00:00,12.3,6.6,0.0,3,-30.844652050427555,0.0,0.0,11,5,17,0
2024-09-19 01:00:00,11.9,5.9,0.0,3,-27.824777031101533,0.0,0.0,11,5,17,0
2024-09-19 02:00:00,10.6,10.2,0.0,1,-22.805776849827083,0.0,0.0,11,5,17,0
2024-09-19 03:00:00,10.2,9.5,0.0,0,-16.296631700289893,0.0,0.0,11,5,17,0
2024-09-19 04:00:00,9.9,9.5,0.0,0,-8.797060085199575,0.0,0.0,11,5,17,0
2024-09-19 05:00:00,9.9,8.7,0.0,0,-0.42729803173868675,0.0,0.0,11,5,17,0
2024-09-19 06:00:00,9.6,8.7,0.0,3,7.412645498369983,0.0,0.0,11,5,17,1
2024-09-19 07:00:00,11.6,5.9,0.0,3,15.188761949989356,0.29474011835499975,27.0,11,5,17,1
2024-09-19 08:00:00,13.1,4.5,0.0,3,22.2800587354444,1.349515988197964,117.0,11,5,17,1
2024-09-19 09:00:00,15.4,4.0,0.0,0,28.15690720844418,2.5194345910384595,231.0,11,5,17,1
2024-09-19 10:00:00,17.6,4.6,0.0,0,32.26302364401492,3.293122411281566,334.0,11,5,17,1
2024-09-19 11:00:00,19.2,5.3,0.0,0,34.098418562374356,4.279849466525725,455.0,11,5,17,1
2024-09-19 12:00:00,20.1,6.1,0.0,0,33.398610218984174,4.492951984300257,514.0,11,5,17,1
2024-09-19 13:00:00,20.4,8.6,0.0,0,30.266292854925517,4.206146937484238,522.0,11,5,17,1
2024-09-19 14:00:00,19.8,9.7,0.0,0,25.11685517460367,3.5592549890817815,489.0,11,5,17,1
2024-09-19 15:00:00,19.5,9.4,0.0,0,18.49810814744221,2.572435978946401,418.0,11,5,17,1
2024-09-19 16:00:00,18.9,9.1,0.0,0,10.951600973741904,1.4081221058485178,323.0,11,5,17,1
2024-09-19 17:00:00,17.8,7.6,0.0,0,3.043096795274309,0.38077075515247977,200.0,11,5,17,1
2024-09-19 18:00:00,15.8,7.2,0.0,0,-5.271613073870725,0.16466233170661893,77.0,11,5,17,0
2024-09-19 19:00:00,14.1,8.4,0.0,0,-13.120997808788232,0.0,4.0,11,5,17,0
2024-09-19 20:00:00,13.2,8.2,0.0,0,-20.186767851642614,0.0,0.0,11,5,17,0
2024-09-19 21:00:00,12.9,7.4,0.0,0,-26.00649346412108,0.0,0.0,11,5,17,0
2024-09-19 22:00:00,12.8,7.3,0.0,0,-30.058971018993233,0.0,0.0,11,5,17,0
2024-09-19 23:00:00,12.7,7.5,0.0,0,-31.878038265198583,0.0,0.0,11,5,17,0
2024-09-20 00:00:00,12.6,7.0,0.0,0,-31.21849864828863,0.0,0.0,11,5,17,0
2024-09-20 01:00:00,11.2,8.0,0.0,0,-28.17361523206212,0.0,0.0,11,5,17,0
2024-09-20 02:00:00,10.6,9.4,0.0,0,-23.12828012995449,0.0,0.0,11,5,17,0
2024-09-20 03:00:00,10.1,10.1,0.0,0,-16.596889700359185,0.0,0.0,11,5,17,0
2024-09-20 04:00:00,10.1,9.7,0.0,0,-9.082799590653892,0.0,0.0,11,5,17,0
2024-09-20 05:00:00,10.3,8.6,0.0,0,-0.8054747273058922,0.0,0.0,11,5,17,0
2024-09-20 06:00:00,10.4,9.1,0.0,0,7.137018102017933,0.0,0.0,11,5,17,1
2024-09-20 07:00:00,12.4,5.4,0.0,3,14.899341335806582,0.35302345479475417,27.0,11,5,17,1
2024-09-20 08:00:00,14.0,6.5,0.0,3,21.970946191676433,1.4025296138715742,116.0,11,5,17,1
2024-09-20 09:00:00,15.9,7.9,0.0,1,27.822285075290402,2.21070993074296,213.0,11,5,17,1
2024-09-20 10:00:00,17.9,11.6,0.0,1,31.90122384389442,3.127852304039809,323.0,11,5,17,1
2024-09-20 11:00:00,19.2,10.7,0.0,0,33.7142346550313,4.014296285206273,430.0,11,5,17,1
2024-09-20 12:00:00,19.8,10.0,0.0,0,33.002359481879125,4.340377303822574,496.0,11,5,17,1
2024-09-20 13:00:00,20.1,10.1,0.0,0,29.86903410059903,4.242660831936629,521.0,11,5,17,1
2024-09-20 14:00:00,19.1,8.9,0.0,0,24.72577759521738,3.3859782864514494,469.0,11,5,17,1
2024-09-20 15:00:00,19.1,8.5,0.0,0,18.11553305573713,2.565933909005515,416.0,11,5,17,1
2024-09-20 16:00:00,18.7,7.9,0.0,0,10.577179176843472,1.3953103834483194,320.0,11,5,17,1
2024-09-20 17:00:00,17.8,7.0,0.0,0,2.6883967304847545,0.37138737236345554,196.0,11,5,17,1
2024-09-20 18:00:00,15.9,7.2,0.0,0,-5.651371169905772,0.15196585888802808,72.0,11,5,17,0
2024-09-20 19:00:00,14.1,7.6,0.0,0,-13.502577499820276,0.0,3.0,11,5,17,0
2024-09-20 20:00:00,13.2,7.2,0.0,0,-20.575633812914447,0.0,0.0,11,5,17,0
2024-09-20 21:00:00,12.7,6.8,0.0,0,-26.402570260808233,0.0,0.0,11,5,17,0
2024-09-20 22:00:00,11.1,7.4,0.0,0,-30.457558870579078,0.0,0.0,11,5,17,0
2024-09-20 23:00:00,10.5,8.5,0.0,3,-32.26982738554352,0.0,0.0,11,5,17,0
2024-09-21 00:00:00,11.1,4.6,0.0,3,-31.592619358224894,0.0,0.0,11,5,17,0
2024-09-21 01:00:00,11.3,5.1,0.0,3,-28.52259825161407,0.0,0.0,11,5,17,0
2024-09-21 02:00:00,11.4,4.6,0.0,3,-23.450870817088784,0.0,0.0,11,5,17,0
2024-09-21 03:00:00,10.9,4.3,0.0,3,-16.897278996973967,0.0,0.0,11,5,17,0
2024-09-21 04:00:00,10.4,4.4,0.0,3,-9.368752240991228,0.0,0.0,11,5,17,0
2024-09-21 05:00:00,9.8,4.3,0.0,3,-1.1438352705546464,0.0,0.0,11,5,17,0
2024-09-21 06:00:00,10.0,3.3,0.0,3,6.860989757612813,0.0,0.0,11,5,17,1
2024-09-21 07:00:00,10.5,4.0,0.0,3,14.609127991559006,0.03806428463989985,12.0,11,5,17,1
2024-09-21 08:00:00,11.6,4.9,0.0,3,21.66091892770241,0.5483492660391229,71.0,11,5,17,1
2024-09-21 09:00:00,12.9,5.0,0.0,3,27.486765847239134,0.9209852517787662,136.0,11,5,17,1
2024-09-21 10:00:00,14.3,4.7,0.0,3,31.53867571302969,1.8582610005641043,236.0,11,5,17,1
2024-09-21 11:00:00,16.6,6.8,0.0,2,33.32951325064508,2.477020506977364,320.0,11,5,17,1
2024-09-21 12:00:00,18.5,6.2,0.0,1,32.60573516586659,3.5463453180761526,435.0,11,5,17,1
2024-09-21 13:00:00,19.8,7.9,0.0,1,29.471473778994856,4.25004479764837,524.0,11,5,17,1
2024-09-21 14:00:00,20.2,8.3,0.0,1,24.33442359934419,3.6520258297419996,499.0,11,5,17,1
2024-09-21 15:00:00,20.1,8.4,0.0,1,17.732727021036823,2.6262766491886373,426.0,11,5,17,1
2024-09-21 16:00:00,19.5,8.7,0.0,1,10.202710419419077,1.376630681135067,318.0,11,5,17,1
2024-09-21 17:00:00,18.1,7.6,0.0,2,2.3362893975141787,0.3727905216444689,191.0,11,5,17,1
2024-09-21 18:00:00,15.9,8.3,0.0,3,-6.030758537196192,0.1573834608839936,66.0,11,5,17,0
2024-09-21 19:00:00,14.2,8.6,0.0,3,-13.884236757015486,0.0,2.0,11,5,17,0
2024-09-21 20:00:00,13.8,8.3,0.0,3,-20.96464075554971,0.0,0.0,11,5,17,0
2024-09-21 21:00:00,13.5,8.0,0.0,3,-26.79886865251126,0.0,0.0,11,5,17,0
2024-09-21 22:00:00,13.4,7.6,0.0,3,-30.856439193827242,0.0,0.0,11,5,17,0
2024-09-21 23:00:00,13.4,7.6,0.0,3,-32.661904084026006,0.0,0.0,11,5,17,0
2024-09-22 00:00:00,12.9,6.6,0.0,3,-31.966930366042746,0.0,0.0,11,5,17,0
2024-09-22 01:00:00,12.6,6.6,0.0,3,-28.87165585277033,0.0,0.0,11,5,17,0
2024-09-22 02:00:00,11.8,6.3,0.0,3,-23.773491994361635,0.0,0.0,11,5,17,0
2024-09-22 03:00:00,11.1,6.5,0.0,2,-17.197754269740983,0.0,0.0,11,5,17,0
2024-09-22 04:00:00,10.7,7.6,0.0,3,-9.654885634210657,0.0,0.0,11,5,17,0
2024-09-22 05:00:00,10.9,6.6,0.0,3,-1.4625228351496986,0.0,0.0,11,5,17,0
2024-09-22 06:00:00,11.4,6.4,0.0,3,6.584620744179489,0.0,0.0,11,5,17,1
2024-09-22 07:00:00,12.4,7.0,0.0,2,14.318166889857523,0.1917893254898411,21.0,11,5,17,1
2024-09-22 08:00:00,14.1,7.6,0.0,0,21.350030303530644,1.582272275071296,119.0,11,5,17,1
2024-09-22 09:00:00,16.2,5.8,0.0,0,27.15041588422139,3.1220698257971202,253.0,11,5,17,1
2024-09-22 10:00:00,17.9,7.6,0.0,0,31.175459716379805,4.075856429534058,371.0,11,5,17,1
2024-09-22 11:00:00,18.8,9.8,0.0,0,32.94434791616663,4.554008060623242,458.0,11,5,17,1
2024-09-22 12:00:00,19.4,11.0,0.0,1,32.208842509164604,4.614804639321299,507.0,11,5,17,1
2024-09-22 13:00:00,19.6,11.9,0.0,2,29.0737271333809,4.312680278635606,518.0,11,5,17,1
2024-09-22 14:00:00,19.0,13.7,0.0,2,23.942916060533236,3.10068044019656,425.0,11,5,17,1
2024-09-22 15:00:00,18.2,13.0,0.0,1,17.349819081195733,1.8562549693247952,301.0,11,5,17,1
2024-09-22 16:00:00,17.4,11.3,0.0,1,9.828340906483845,0.9120728391326169,183.0,11,5,17,1
2024-09-22 17:00:00,16.9,9.8,0.0,0,1.987460891288066,0.40583580776694933,138.0,11,5,17,1
2024-09-22 18:00:00,15.4,8.6,0.0,0,-6.409731264806112,0.15084596658352448,58.0,11,5,17,0
2024-09-22 19:00:00,14.1,8.7,0.0,1,-14.265849166603758,0.0,1.0,11,5,17,0
2024-09-22 20:00:00,13.6,8.5,0.0,0,-21.353663158218637,0.0,0.0,11,5,17,0
2024-09-22 21:00:00,12.9,6.5,0.0,0,-27.195269270537395,0.0,0.0,11,5,17,0
2024-09-22 22:00:00,11.9,6.9,0.0,0,-31.255502595756468,0.0,0.0,11,5,17,0
2024-09-22 23:00:00,11.1,9.5,0.0,0,-33.05417138780426,0.0,0.0,11,5,17,0
2024-09-23 00:00:00,10.8,9.6,0.0,0,-32.34134807824782,0.0,0.0,11,5,17,0
2024-09-23 01:00:00,10.8,8.4,0.0,3,-29.22071826581258,0.0,0.0,11,5,17,0
2024-09-23 02:00:00,11.4,5.6,0.0,3,-24.0960872981137,0.0,0.0,11,5,17,0
2024-09-23 03:00:00,11.1,6.0,0.0,3,-17.49827063691677,0.0,0.0,11,5,17,0
2024-09-23 04:00:00,10.9,5.6,0.0,3,-9.941166972262181,0.0,0.0,11,5,17,0
2024-09-23 05:00:00,10.6,4.8,0.0,3,-1.7701332477458749,0.0,0.0,11,5,17,0
2024-09-23 06:00:00,10.4,4.6,0.0,3,6.307974232835647,0.0,0.0,11,5,17,1
2024-09-23 07:00:00,10.8,6.0,0.0,3,14.026503888538713,0.09114008225720595,14.0,11,5,17,1
2024-09-23 08:00:00,11.9,7.1,0.0,3,21.038334620692382,0.6554059789491959,77.0,11,5,17,1
2024-09-23 09:00:00,13.4,8.9,0.0,3,26.813302531060735,1.345912761304264,161.0,11,5,17,1
2024-09-23 10:00:00,15.9,7.7,0.0,1,30.811657207228286,2.7956346838310684,294.0,11,5,17,1
2024-09-23 11:00:00,17.5,8.3,0.0,0,32.558832924042584,4.188812473165448,429.0,11,5,17,1
2024-09-23 12:00:00,18.5,9.4,0.0,0,31.811787275417338,4.46612239862192,493.0,11,5,17,1
2024-09-23 13:00:00,19.1,10.2,0.0,1,28.67590982397985,4.195737367612939,505.0,11,5,17,1
2024-09-23 14:00:00,18.6,9.9,0.0,1,23.551378268425452,3.294063046201481,449.0,11,5,17,1
2024-09-23 15:00:00,19.0,9.8,0.0,0,16.96693886778398,2.4994053446412776,400.0,11,5,17,1
2024-09-23 16:00:00,19.3,10.2,0.0,1,9.454219316222193,1.2588993785368245,279.0,11,5,17,1
2024-09-23 17:00:00,18.5,7.1,0.0,1,1.6426868431167492,0.3474871646642268,148.0,11,5,17,1
2024-09-23 18:00:00,16.9,6.9,0.0,3,-6.788226110738989,0.1184296144526454,47.0,11,5,17,0
2024-09-23 19:00:00,15.9,9.5,0.0,3,-14.647287408319158,0.0,1.0,11,5,17,0
2024-09-23 20:00:00,15.4,11.0,0.0,3,-21.742574813078306,0.0,0.0,11,5,17,0
2024-09-23 21:00:00,15.1,10.5,0.1,51,-27.59165213513286,0.0,0.0,11,5,17,0
2024-09-23 22:00:00,14.6,7.2,0.7,53,-31.654639261225697,0.0,0.0,11,5,17,0
2024-09-23 23:00:00,14.1,7.3,0.0,3,-33.446532207238704,0.0,0.0,11,5,17,0
2024-09-24 00:00:00,14.4,8.5,0.0,3,-32.71578911410488,0.0,0.0,11,5,17,0
2024-09-24 01:00:00,14.8,10.0,0.0,3,-29.569716178789008,0.0,0.0,11,5,17,0
2024-09-24 02:00:00,13.6,6.4,0.0,3,-24.41860090218634,0.0,0.0,11,5,17,0
2024-09-24 03:00:00,13.7,8.7,0.0,3,-17.79878363353704,0.0,0.0,11,5,17,0
2024-09-24 04:00:00,13.9,10.1,0.0,3,-10.22756311575121,0.0,0.0,11,5,17,0
2024-09-24 05:00:00,13.8,11.2,0.0,3,-2.070941263154154,0.0,0.0,11,5,17,0
2024-09-24 06:00:00,13.7,10.1,0.0,3,6.031116718086068,0.0,0.0,11,5,17,1
2024-09-24 07:00:00,13.7,10.9,0.0,3,13.73418577948948,0.1179207812054034,15.0,11,5,17,1
2024-09-24 08:00:00,14.4,12.0,0.0,3,20.72588714769985,0.6578791266490269,77.0,11,5,17,1
2024-09-24 09:00:00,15.1,11.4,0.0,3,26.475494132463126,0.9376779626105202,130.0,11,5,17,1
2024-09-24 10:00:00,15.5,12.1,0.0,3,30.447350435989975,0.7848375637354548,133.0,11,5,17,1
2024-09-24 11:00:00,16.0,11.3,0.1,51,32.173063258835754,0.9375718716772437,156.0,11,5,17,1
2024-09-24 12:00:00,16.6,10.6,0.2,51,31.41467575859894,1.025514286246018,175.0,11,5,17,1
2024-09-24 13:00:00,17.0,10.4,0.0,3,28.2781379283866,1.1523839736189274,188.0,11,5,17,1
2024-09-24 14:00:00,16.5,8.2,0.0,3,23.15993392333418,1.3623334697089433,204.0,11,5,17,1
2024-09-24 15:00:00,16.9,5.2,0.1,51,16.58421660696817,1.0802803335296016,182.0,11,5,17,1
2024-09-24 16:00:00,14.5,12.7,3.3,63,9.080497037285014,0.791491496996469,141.0,11,5,17,1
2024-09-24 17:00:00,14.9,6.4,0.1,51,1.3028300492815106,0.3877522125073516,84.0,11,5,17,1
2024-09-24 18:00:00,14.2,5.9,0.0,3,-7.166165341678621,0.11166800868819911,26.0,11,5,17,0
2024-09-24 19:00:00,13.6,4.7,0.0,3,-15.028423301124604,0.0,0.0,11,5,17,0
2024-09-24 20:00:00,13.6,6.1,0.0,3,-22.131248833483752,0.0,0.0,11,5,17,0
2024-09-24 21:00:00,13.4,8.6,0.0,3,-27.9878966521739,0.0,0.0,11,5,17,0
2024-09-24 22:00:00,13.4,11.6,0.0,3,-32.05373894321478,0.0,0.0,11,5,17,0
2024-09-24 23:00:00,13.1,11.9,0.0,3,-33.83888932547903,0.0,0.0,11,5,17,0
2024-09-25 00:00:00,12.9,14.2,0.0,2,-33.090170296674856,0.0,0.0,11,5,17,0
2024-09-25 01:00:00,12.8,16.9,0.0,2,-29.918580726665667,0.0,0.0,11,5,17,0
2024-09-25 02:00:00,13.1,18.2,0.0,1,-24.74097750063393,0.0,0.0,11,5,17,0
2024-09-25 03:00:00,13.3,22.4,0.0,2,-18.09924918774513,0.0,0.0,11,5,17,0
2024-09-25 04:00:00,13.0,24.1,0.0,0,-10.514040623854498,0.0,0.0,11,5,17,0
2024-09-25 05:00:00,12.6,24.4,0.0,1,-2.367303809673075,0.0,0.0,11,5,17,0
2024-09-25 06:00:00,12.4,25.5,0.0,1,5.754118672269385,0.0,0.0,11,5,17,1
2024-09-25 07:00:00,12.1,23.1,0.0,3,13.441260339297145,0.16365087557575686,15.0,11,5,17,1
2024-09-25 08:00:00,12.3,24.6,0.1,51,20.412744145278424,1.2725400804639884,100.0,11,5,17,1
2024-09-25 09:00:00,12.2,25.4,0.3,51,26.137060047453396,2.160891580902931,184.0,11,5,17,1
2024-09-25 10:00:00,13.1,22.9,0.0,2,30.082622558317638,2.9898267378841834,275.0,11,5,17,1
2024-09-25 11:00:00,13.9,24.3,0.1,51,31.787134622992625,4.289166757797745,412.0,11,5,17,1
2024-09-25 12:00:00,14.2,25.8,0.1,51,31.01761478690853,4.396991360246592,458.0,11,5,17,1
2024-09-25 13:00:00,14.2,25.3,0.1,51,27.88052794098391,3.4594508094379233,410.0,11,5,17,1
2024-09-25 14:00:00,14.2,23.8,0.0,0,22.768707129951366,3.11228344699428,404.0,11,5,17,1
2024-09-25 15:00:00,14.1,24.0,0.1,51,16.201783120807775,2.335649225397753,360.0,11,5,17,1
2024-09-25 16:00:00,13.8,21.9,0.1,51,8.707328433960967,1.0919683758574588,238.0,11,5,17,1
2024-09-25 17:00:00,13.3,17.2,0.0,1,0.9688374423926689,0.3306720424522557,147.0,11,5,17,1
2024-09-25 18:00:00,12.4,14.7,0.0,1,-7.543460159226157,0.10252371243711275,44.0,11,5,17,0
2024-09-25 19:00:00,11.6,13.1,0.0,0,-15.409127845994561,0.0,0.0,11,5,17,0
2024-09-25 20:00:00,11.1,12.0,0.0,0,-22.519557662719023,0.0,0.0,11,5,17,0
2024-09-25 21:00:00,10.8,11.3,0.0,0,-28.38388161044989,0.0,0.0,11,5,17,0
2024-09-25 22:00:00,10.3,11.8,0.0,0,-32.45269095300138,0.0,0.0,11,5,17,0
2024-09-25 23:00:00,9.9,11.1,0.0,0,-34.231145387383975,0.0,0.0,11,5,17,0
2024-09-26 00:00:00,9.6,10.3,0.0,0,-33.464408642770806,0.0,0.0,11,5,17,0
2024-09-26 01:00:00,9.2,10.6,0.0,3,-30.267243479074367,0.0,0.0,11,5,17,0
2024-09-26 02:00:00,9.1,8.6,0.0,1,-25.063162288792356,0.0,0.0,11,5,17,0
2024-09-26 03:00:00,8.6,6.8,0.0,1,-18.39962359529207,0.0,0.0,11,5,17,0
2024-09-26 04:00:00,8.0,4.5,0.0,3,-10.800565781766352,0.0,0.0,11,5,17,0
2024-09-26 05:00:00,7.2,4.9,0.0,2,-2.6606197859827034,0.0,0.0,11,5,17,0
2024-09-26 06:00:00,6.7,5.0,0.0,3,5.4770556571751,0.0,0.0,11,5,17,1
2024-09-26 07:00:00,7.9,8.0,0.0,3,13.147776381979426,0.03246253986960744,11.0,11,5,17,1
2024-09-26 08:00:00,9.6,10.6,0.0,3,20.098962891419788,0.8024761505063409,82.0,11,5,17,1
2024-09-26 09:00:00,12.1,11.9,0.0,3,25.798070663234256,1.9699771715920014,191.0,11,5,17,1
2024-09-26 10:00:00,14.0,14.6,0.0,3,29.717557642471647,2.1098646658259863,243.0,11,5,17,1
2024-09-26 11:00:00,15.1,20.4,0.0,3,31.401143441674392,2.347526321200081,275.0,11,5,17,1
2024-09-26 12:00:00,14.9,21.8,0.0,3,30.620711725582048,1.153750760109719,187.0,11,5,17,1
2024-09-26 13:00:00,14.6,23.3,0.1,51,27.48319677122526,1.4122951725526425,222.0,11,5,17,1
2024-09-26 14:00:00,14.3,22.6,0.2,51,22.377822390013236,1.4995533109459307,233.0,11,5,17,1
2024-09-26 15:00:00,12.6,21.0,2.0,61,15.819769828951564,0.2560260131100301,47.0,11,5,17,1
2024-09-26 16:00:00,12.4,23.7,1.1,55,8.334871139546792,0.24383948402179415,45.0,11,5,17,1
2024-09-26 17:00:00,12.4,20.5,0.4,51,0.6417364112704291,0.23814690719829743,46.0,11,5,17,1
2024-09-26 18:00:00,12.2,22.3,0.4,51,-7.920013174717411,0.012560113793392681,8.0,11,5,17,0
2024-09-26 19:00:00,12.1,21.1,1.2,55,-15.789271266643794,0.0,0.0,11,5,17,0
2024-09-26 20:00:00,12.1,21.3,1.1,55,-22.907373083944677,0.0,0.0,11,5,17,0
2024-09-26 21:00:00,12.0,16.6,0.9,53,-28.779485179705446,0.0,0.0,11,5,17,0
2024-09-26 22:00:00,11.8,14.5,0.8,53,-32.851384150330674,0.0,0.0,11,5,17,0
2024-09-26 23:00:00,11.7,14.4,1.2,55,-34.6232028877879,0.0,0.0,11,5,17,0
2024-09-27 00:00:00,11.6,14.0,2.0,61,-33.83842135182793,0.0,0.0,11,5,17,0
2024-09-27 01:00:00,11.7,14.8,1.6,61,-30.615636426583706,0.0,0.0,11,5,17,0
2024-09-27 02:00:00,11.3,12.7,1.4,61,-25.38510094261575,0.0,0.0,11,5,17,0
2024-09-27 03:00:00,11.3,7.4,0.6,53,-18.699863492159494,0.0,0.0,11,5,17,0
2024-09-27 04:00:00,11.3,6.8,0.6,53,-11.087104617559177,0.0,0.0,11,5,17,0
2024-09-27 05:00:00,11.1,8.3,0.2,51,-2.9517658230755757,0.0,0.0,11,5,17,0
2024-09-27 06:00:00,11.1,9.8,0.3,51,5.200010385003438,0.0,0.0,11,5,17,1
2024-09-27 07:00:00,11.0,12.2,0.6,53,12.85378381401253,0.0,2.0,11,5,17,1
2024-09-27 08:00:00,11.1,13.0,0.7,53,19.784601706253397,0.04421419184750736,13.0,11,5,17,1
2024-09-27 09:00:00,11.1,13.1,0.5,53,25.458597408488885,0.13215138066853946,27.0,11,5,17,1
2024-09-27 10:00:00,11.1,13.0,0.2,51,29.35224067593976,0.2261507833926458,42.0,11,5,17,1
2024-09-27 11:00:00,11.2,11.4,0.2,51,31.01518686662032,0.40692014383406805,71.0,11,5,17,1
2024-09-27 12:00:00,11.2,9.8,0.6,53,30.224074478510076,0.4253907903016275,74.0,11,5,17,1
2024-09-27 13:00:00,11.1,9.9,1.0,55,27.086261740665165,0.344653183388302,61.0,11,5,17,1
2024-09-27 14:00:00,11.0,10.2,2.3,61,21.987404593797677,0.40712519103527467,71.0,11,5,17,1
2024-09-27 15:00:00,11.0,11.4,2.4,61,15.43830875073975,0.27623128965590854,50.0,11,5,17,1
2024-09-27 16:00:00,10.9,11.9,1.0,55,7.963286377313096,0.22004958373826913,41.0,11,5,17,1
2024-09-27 17:00:00,10.8,12.4,0.1,51,0.3226304788346823,0.12605339672161503,26.0,11,5,17,1
2024-09-27 18:00:00,10.5,11.2,0.0,3,-8.295720230061377,0.044394134753734445,13.0,11,5,17,0
2024-09-27 19:00:00,10.4,8.1,0.0,3,-16.168723048959734,0.0,0.0,11,5,17,0
2024-09-27 20:00:00,9.6,5.9,0.0,1,-23.29456623156672,0.0,0.0,11,5,17,0
2024-09-27 21:00:00,9.1,6.1,0.0,1,-29.17458490959605,0.0,0.0,11,5,17,0
2024-09-27 22:00:00,8.4,6.3,0.0,2,-33.249706933662466,0.0,0.0,11,5,17,0
2024-09-27 23:00:00,9.2,8.9,0.0,2,-35.01496415913961,0.0,0.0,11,5,17,0
2024-09-28 00:00:00,8.6,7.1,0.0,1,-34.21212579364287,0.0,0.0,11,5,17,0
2024-09-28 01:00:00,7.9,5.6,0.0,2,-30.963691965444013,0.0,0.0,11,5,17,0
2024-09-28 02:00:00,8.3,6.9,0.2,51,-25.706739596240723,0.0,0.0,11,5,17,0
2024-09-28 03:00:00,8.0,7.4,0.0,1,-18.999925825268875,0.0,0.0,11,5,17,0
2024-09-28 04:00:00,8.9,16.5,0.0,0,-11.373622909957618,0.0,0.0,11,5,17,0
2024-09-28 05:00:00,8.9,20.4,0.0,0,-3.2413139587955584,0.0,0.0,11,5,17,0
2024-09-28 06:00:00,8.6,22.9,0.0,0,4.9227422150662505,0.0,0.0,11,5,17,1
2024-09-28 07:00:00,8.5,23.7,0.0,0,12.559333691943706,0.16388776415147224,13.0,11,5,17,1
2024-09-28 08:00:00,9.1,24.9,0.0,0,19.469719976774726,1.8800435394652486,106.0,11,5,17,1
2024-09-28 09:00:00,9.8,27.6,0.0,1,25.11871276610667,3.108128500623376,223.0,11,5,17,1
2024-09-28 10:00:00,10.3,28.1,0.0,1,28.98675757127848,3.9444923554489884,329.0,11,5,17,1
2024-09-28 11:00:00,10.8,27.8,0.0,0,30.629362778984863,4.4749299286774615,412.0,11,5,17,1
2024-09-28 12:00:00,11.4,27.4,0.0,0,29.82781148860706,4.595274689506883,466.0,11,5,17,1
2024-09-28 13:00:00,11.6,26.0,0.0,0,26.689840578620583,4.524664202978453,497.0,11,5,17,1
2024-09-28 14:00:00,11.9,25.4,0.0,0,21.59757901030426,3.780290852422919,468.0,11,5,17,1
2024-09-28 15:00:00,11.8,22.6,0.0,0,15.057532507723678,2.4773043041420966,374.0,11,5,17,1
2024-09-28 16:00:00,11.6,25.0,0.0,1,7.59273930810285,1.2166993031783537,272.0,11,5,17,1
2024-09-28 17:00:00,10.7,24.6,0.0,1,0.012694351295394313,0.33809018696470217,129.0,11,5,17,1
2024-09-28 18:00:00,9.9,24.3,0.0,1,-8.670471760612614,0.06513277827143893,30.0,11,5,17,0
2024-09-28 19:00:00,9.8,25.2,0.0,2,-16.54735197979886,0.0,0.0,11,5,17,0
2024-09-28 20:00:00,9.6,23.9,0.0,1,-23.68100760422186,0.0,0.0,11,5,17,0
2024-09-28 21:00:00,9.4,23.2,0.0,1,-29.56905772970252,0.0,0.0,11,5,17,0
2024-09-28 22:00:00,9.3,22.8,0.0,0,-33.64754723058894,0.0,0.0,11,5,17,0
2024-09-28 23:00:00,9.2,22.1,0.0,0,-35.40633135852845,0.0,0.0,11,5,17,0
2024-09-29 00:00:00,9.2,22.1,0.0,0,-34.58543949494094,0.0,0.0,11,5,16,0
2024-09-29 01:00:00,9.2,22.0,0.0,0,-31.31134288072812,0.0,0.0,11,5,16,0
2024-09-29 02:00:00,8.6,18.1,0.0,1,-26.02802481769018,0.0,0.0,11,5,16,0
2024-09-29 03:00:00,8.6,16.5,0.0,0,-19.299767821252757,0.0,0.0,11,5,16,0
2024-09-29 04:00:00,8.4,15.3,0.0,1,-11.660086188251285,0.0,0.0,11,5,16,0
2024-09-29 05:00:00,8.6,14.6,0.1,51,-3.5296487486672845,0.0,0.0,11,5,16,0
2024-09-29 06:00:00,8.4,15.2,0.0,2,4.646379409234143,0.0,0.0,11,5,16,1
2024-09-29 07:00:00,8.7,15.5,0.0,0,12.26447828285285,0.062398712073281064,8.0,11,5,16,1
2024-09-29 08:00:00,9.4,17.5,0.0,2,19.154378181430744,1.6505651253573868,96.0,11,5,16,1
2024-09-29 09:00:00,10.6,18.9,0.0,1,24.77849028532229,2.912343048866477,209.0,11,5,16,1
2024-09-29 10:00:00,11.6,23.9,0.0,3,28.621195171133657,3.7633797783764935,317.0,11,5,16,1
2024-09-29 11:00:00,11.8,21.2,0.0,2,30.24376979108665,2.6225517366314253,284.0,11,5,16,1
2024-09-29 12:00:00,12.1,19.6,0.0,2,29.432031736827682,2.0318543992895957,263.0,11,5,16,1
2024-09-29 13:00:00,12.1,17.6,0.0,3,26.294051416356233,2.3667743726213417,291.0,11,5,16,1
2024-09-29 14:00:00,11.9,12.9,0.0,2,21.208471275995223,1.7028443121278047,239.0,11,5,16,1
2024-09-29 15:00:00,12.5,14.8,0.0,1,14.677574326649221,1.8601994922887732,289.0,11,5,16,1
2024-09-29 16:00:00,12.4,10.4,0.0,0,7.223399405731342,1.0276480433753339,218.0,11,5,16,1
2024-09-29 17:00:00,11.9,6.5,0.0,3,-0.5753739617533284,0.3480278295793623,125.0,11,5,16,0
2024-09-29 18:00:00,10.9,7.0,0.0,3,-9.044153831969055,0.044807139880122485,18.0,11,5,16,0
2024-09-29 19:00:00,10.8,8.5,0.0,3,-16.925026185720668,0.0,0.0,11,5,16,0
2024-09-29 20:00:00,10.4,10.9,0.0,1,-24.066567079583578,0.0,0.0,11,5,16,0
2024-09-29 21:00:00,10.4,13.8,0.0,1,-29.962779950769516,0.0,0.0,11,5,16,0
2024-09-29 22:00:00,10.1,13.5,0.0,1,-34.04479248852344,0.0,0.0,11,5,16,0
2024-09-29 23:00:00,9.9,12.7,0.0,0,-35.79720645413235,0.0,0.0,11,5,16,0
2024-09-30 00:00:00,9.4,11.7,0.0,3,-34.958280124754154,0.0,0.0,11,5,16,0
2024-09-30 01:00:00,9.1,11.1,0.3,51,-31.658522327824855,0.0,0.0,11,5,16,0
2024-09-30 02:00:00,9.2,12.0,0.0,3,-26.348903582678815,0.0,0.0,11,5,16,0
2024-09-30 03:00:00,8.4,11.3,0.0,3,-19.599346953246936,0.0,0.0,11,5,16,0
2024-09-30 04:00:00,8.0,11.1,0.0,3,-11.946459725352895,0.0,0.0,11,5,16,0
2024-09-30 05:00:00,7.7,9.7,0.0,3,-3.8170341311638083,0.0,0.0,11,5,16,0
2024-09-30 06:00:00,7.7,10.0,0.0,3,4.370472691396969,0.0,0.0,11,5,16,1
2024-09-30 07:00:00,8.3,10.4,0.0,3,11.969271127973911,0.06718741628019256,8.0,11,5,16,1
2024-09-30 08:00:00,9.7,11.4,0.0,3,18.838637914566135,0.668762037373927,71.0,11,5,16,1
2024-09-30 09:00:00,11.9,17.5,0.0,3,24.438004593258228,2.40145364584293,194.0,11,5,16,1
2024-09-30 10:00:00,12.6,18.3,0.0,3,28.255641252421036,2.791679925694595,268.0,11,5,16,1
2024-09-30 11:00:00,13.1,22.2,0.0,3,29.858507247019887,3.0480123358740383,329.0,11,5,16,1
2024-09-30 12:00:00,13.3,24.4,0.0,3,29.0368447397586,2.6756520697188635,325.0,11,5,16,1
2024-09-30 13:00:00,13.7,25.0,0.0,3,25.89901277967911,2.4416757918024343,323.0,11,5,16,1
2024-09-30 14:00:00,13.6,25.7,0.0,3,20.820207381963584,1.993335720131,282.0,11,5,16,1
2024-09-30 15:00:00,13.4,24.6,0.0,3,14.298568042972065,1.2226126405721625,196.0,11,5,16,1
2024-09-30 16:00:00,13.4,23.3,0.0,1,6.855440871219244,0.8879742316315673,182.0,11,5,16,1
2024-09-30 17:00:00,12.9,22.3,0.0,2,-1.0467030557674377,0.27124731688827397,111.0,11,5,16,0
2024-09-30 18:00:00,12.3,21.3,0.0,3,-9.41664894119566,0.057270565473178624,23.0,11,5,16,0
2024-09-30 19:00:00,12.2,22.5,0.0,3,-17.301613172174186,0.0,0.0,11,5,16,0
2024-09-30 20:00:00,11.6,21.2,0.0,3,-24.451113931174845,0.0,0.0,11,5,16,0
2024-09-30 21:00:00,11.7,21.0,0.0,2,-30.355627267327847,0.0,0.0,11,5,16,0
2024-09-30 22:00:00,11.4,21.0,0.0,1,-34.44132966574537,0.0,0.0,11,5,16,0
2024-09-30 23:00:00,11.1,20.2,0.0,1,-36.187491211086126,0.0,0.0,11,5,16,0
2024-10-01 00:00:00,11.1,19.8,0.0,1,-35.33056547856327,0.0,0.0,11,5,16,0
2024-10-01 01:00:00,11.2,20.2,0.0,1,-32.00516381222208,0.0,0.0,11,5,16,0
2024-10-01 02:00:00,11.5,21.1,0.0,3,-26.669323246457935,0.0,0.0,11,5,16,0
2024-10-01 03:00:00,11.4,19.8,0.0,3,-19.898620905692923,0.0,0.0,11,5,16,0
2024-10-01 04:00:00,11.7,21.3,0.0,3,-12.232708524819387,0.0,0.0,11,5,16,0
2024-10-01 05:00:00,11.6,22.2,0.0,3,-4.103653510865044,0.0,0.0,11,5,16,0
2024-10-01 06:00:00,11.5,24.8,0.0,3,4.095082699323257,0.0,0.0,11,5,16,1
2024-10-01 07:00:00,11.4,25.6,0.0,3,11.673767109793971,0.0,4.0,11,5,16,1
2024-10-01 08:00:00,11.8,26.2,0.0,3,18.52256191073323,0.5228329425634659,57.0,11,5,16,1
2024-10-01 09:00:00,12.1,29.3,0.0,3,24.097331405824022,1.6278440599662434,160.0,11,5,16,1
2024-10-01 10:00:00,12.4,31.1,0.0,3,27.890184529608383,2.2740055168685136,233.0,11,5,16,1
2024-10-01 11:00:00,12.7,30.8,0.0,3,29.47367522206602,2.666928976966399,281.0,11,5,16,1
2024-10-01 12:00:00,13.0,32.2,0.0,3,28.642360545713473,3.4200443305268307,374.0,11,5,16,1
2024-10-01 13:00:00,12.6,29.8,0.1,51,25.50484357985681,2.633625648831655,321.0,11,5,16,1
2024-10-01 14:00:00,12.8,26.9,0.1,51,20.43291365942278,1.9395705051625365,262.0,11,5,16,1
2024-10-01 15:00:00,12.9,26.1,0.0,2,13.920648104994498,1.2142331764294845,194.0,11,5,16,1
2024-10-01 16:00:00,12.4,22.4,0.0,3,6.489043127244287,0.8977827477699696,183.0,11,5,16,1
2024-10-01 17:00:00,11.9,18.5,0.0,3,-1.471950977948154,0.3301129870734548,95.0,11,5,16,0
2024-10-01 18:00:00,11.6,16.5,0.0,3,-9.78783664561118,0.038123338560432686,15.0,11,5,16,0
2024-10-01 19:00:00,11.4,16.4,0.0,1,-17.676979863577216,0.0,0.0,11,5,16,0
2024-10-01 20:00:00,10.4,14.0,0.0,2,-24.83451684737871,0.0,0.0,11,5,16,0
2024-10-01 21:00:00,10.5,13.4,0.0,1,-30.747474761854363,0.0,0.0,11,5,16,0
2024-10-01 22:00:00,10.4,14.5,0.0,1,-34.8370452229145,0.0,0.0,11,5,16,0
2024-10-01 23:00:00,9.8,13.9,0.0,1,-36.57708717682509,0.0,0.0,11,5,16,0
2024-10-02 00:00:00,9.2,12.6,0.0,2,-35.70221346118869,0.0,0.0,11,5,16,0
2024-10-02 01:00:00,8.9,12.3,0.0,0,-32.35120116752361,0.0,0.0,11,5,16,0
2024-10-02 02:00:00,8.8,12.4,0.0,1,-26.989231513659405,0.0,0.0,11,5,16,0
2024-10-02 03:00:00,8.8,13.4,0.0,0,-20.197547537140494,0.0,0.0,11,5,16,0
2024-10-02 04:00:00,8.4,13.2,0.0,0,-12.518797302536939,0.0,0.0,11,5,16,0
2024-10-02 05:00:00,7.8,12.9,0.0,0,-4.389634783752271,0.0,0.0,11,5,16,0
2024-10-02 06:00:00,7.6,12.1,0.0,0,3.8203017073228693,0.0,0.0,11,5,16,1
2024-10-02 07:00:00,7.4,11.6,0.0,1,11.378022522974817,0.0,7.0,11,5,16,1
2024-10-02 08:00:00,8.9,13.3,0.0,0,18.206214068858344,1.2195709838011466,75.0,11,5,16,1
2024-10-02 09:00:00,10.9,16.2,0.0,1,23.756547537961765,2.7107052451142097,192.0,11,5,16,1
2024-10-02 10:00:00,11.6,17.5,0.0,0,27.52491465706907,3.4822000708756735,290.0,11,5,16,1
2024-10-02 11:00:00,12.1,16.4,0.0,0,29.08937452085172,4.239879812715753,389.0,11,5,16,1
2024-10-02 12:00:00,12.5,16.1,0.0,0,28.248689729246436,4.6364939683929585,460.0,11,5,16,1
2024-10-02 13:00:00,12.8,18.2,0.0,1,25.111663102737637,4.1678419016108235,458.0,11,5,16,1
2024-10-02 14:00:00,12.4,17.8,0.0,2,20.046716763391657,2.357313596286982,315.0,11,5,16,1
2024-10-02 15:00:00,12.1,18.0,0.0,1,13.54394957872232,1.076304323704639,175.0,11,5,16,1
2024-10-02 16:00:00,11.9,16.6,0.0,1,6.124391516765797,0.9859750184680252,209.0,11,5,16,1
2024-10-02 17:00:00,11.2,10.5,0.0,1,-1.8754821574909357,0.2945378783220866,105.0,11,5,16,0
2024-10-02 18:00:00,9.9,8.4,0.0,1,-10.157594063935434,0.03282969073079587,19.0,11,5,16,0
2024-10-02 19:00:00,9.1,9.7,0.0,0,-18.050992644697374,0.0,0.0,11,5,16,0
2024-10-02 20:00:00,8.3,10.0,0.0,0,-25.216643952837245,0.0,0.0,11,5,16,0
2024-10-02 21:00:00,7.8,9.8,0.0,0,-31.138196910628665,0.0,0.0,11,5,16,0
2024-10-02 22:00:00,7.4,8.2,0.0,0,-35.23182511513511,0.0,0.0,11,5,16,0
2024-10-02 23:00:00,7.4,8.3,0.0,0,-36.9658956658984,0.0,0.0,11,5,16,0
2024-10-03 00:00:00,7.3,8.2,0.0,1,-36.073142068385025,0.0,0.0,11,5,16,0
2024-10-03 01:00:00,6.8,5.8,0.0,1,-32.69656853166087,0.0,0.0,11,5,16,0
2024-10-03 02:00:00,5.7,7.2,0.0,0,-27.308576406097984,0.0,0.0,11,5,16,0
2024-10-03 03:00:00,6.4,6.3,0.0,0,-20.496084841027255,0.0,0.0,11,5,16,0
2024-10-03 04:00:00,6.7,7.5,0.0,0,-12.80469046363595,0.0,0.0,11,5,16,0
2024-10-03 05:00:00,6.7,7.7,0.0,0,-4.675066508252456,0.0,0.0,11,5,16,0
2024-10-03 06:00:00,6.5,7.0,0.0,0,3.5462538705398146,0.0,0.0,11,5,16,1
2024-10-03 07:00:00,5.4,7.2,0.0,0,11.082095149446602,0.0,6.0,11,5,16,1
2024-10-03 08:00:00,7.9,7.1,0.0,0,17.88965947624483,1.5815076422265901,85.0,11,5,16,1
2024-10-03 09:00:00,10.1,5.1,0.0,0,23.415730913189847,3.0052370875475867,205.0,11,5,16,1
2024-10-03 10:00:00,12.3,5.2,0.0,0,27.15992223044868,3.9083758416868033,317.0,11,5,16,1
2024-10-03 11:00:00,13.4,7.2,0.0,0,28.705706674187176,4.3912132877683225,401.0,11,5,16,1
2024-10-03 12:00:00,14.2,8.1,0.0,0,27.855943384015298,4.427576512235287,448.0,11,5,16,1
2024-10-03 13:00:00,14.9,10.7,0.0,2,24.71959099601152,4.030932827503092,449.0,11,5,16,1
2024-10-03 14:00:00,14.8,10.4,0.0,3,19.661743654485406,2.340493184210896,314.0,11,5,16,1
2024-10-03 15:00:00,14.4,10.9,0.0,2,13.168608153587343,1.4813562505362807,233.0,11,5,16,1
2024-10-03 16:00:00,13.7,11.8,0.0,0,5.761678542504569,0.9403529766928341,206.0,11,5,16,1
2024-10-03 17:00:00,12.2,8.9,0.0,0,-2.266590638450168,0.23290716986027685,115.0,11,5,16,0
2024-10-03 18:00:00,10.4,7.8,0.0,0,-10.525796281998097,0.02650135754780394,19.0,11,5,16,0
2024-10-03 19:00:00,9.6,7.9,0.0,0,-18.423517403685224,0.0,0.0,11,5,16,0
2024-10-03 20:00:00,8.2,6.7,0.0,0,-25.597362832417886,0.0,0.0,11,5,16,0
2024-10-03 21:00:00,7.9,7.7,0.0,0,-31.527667591452342,0.0,0.0,11,5,16,0
2024-10-03 22:00:00,8.6,6.8,0.0,0,-35.62555478469095,0.0,0.0,11,5,16,0
2024-10-03 23:00:00,8.4,5.9,0.0,0,-37.35381774430422,0.0,0.0,11,5,16,0
2024-10-04 00:00:00,7.8,4.4,0.0,1,-36.44326936713243,0.0,0.0,11,5,16,0
2024-10-04 01:00:00,6.9,3.3,0.0,3,-33.04120032125688,0.0,0.0,11,5,16,0
2024-10-04 02:00:00,5.2,4.9,0.0,3,-27.62730622851062,0.0,0.0,11,5,16,0
2024-10-04 03:00:00,5.5,4.5,0.0,3,-20.79419090446447,0.0,0.0,11,5,16,0
2024-10-04 04:00:00,5.3,5.7,0.0,3,-13.090352075144821,0.0,0.0,11,5,16,0
2024-10-04 05:00:00,5.2,4.9,0.0,3,-4.960008666973295,0.0,0.0,11,5,16,0
2024-10-04 06:00:00,5.1,5.8,0.0,3,3.2730953742883315,0.0,0.0,11,5,16,1
2024-10-04 07:00:00,5.2,7.7,0.0,3,10.786044338058758,0.0,3.0,11,5,16,1
2024-10-04 08:00:00,5.9,8.8,0.0,3,17.572964432398905,0.3762509531384118,51.0,11,5,16,1
2024-10-04 09:00:00,8.4,9.2,0.0,2,23.074960572395653,1.2288263450262793,137.0,11,5,16,1
2024-10-04 10:00:00,10.8,7.5,0.0,0,26.795298787000583,3.3133233012358843,285.0,11,5,16,1
2024-10-04 11:00:00,12.7,10.1,0.0,0,28.32277393453289,4.504453658848942,400.0,11,5,16,1
2024-10-04 12:00:00,13.6,13.8,0.0,2,27.464233113929815,4.2535740203444,427.0,11,5,16,1
2024-10-04 13:00:00,13.7,13.7,0.0,2,24.32874725450489,2.809382947034124,344.0,11,5,16,1
2024-10-04 14:00:00,13.4,13.6,0.0,3,19.278121578708976,1.565756977499751,233.0,11,5,16,1
2024-10-04 15:00:00,13.3,13.1,0.0,3,12.794760149158762,1.0162512059923041,168.0,11,5,16,1
2024-10-04 16:00:00,12.9,12.1,0.0,3,5.401106521295901,0.8059533678102434,150.0,11,5,16,1
2024-10-04 17:00:00,12.1,8.9,0.0,3,-2.649543386938518,0.2708608312804163,70.0,11,5,16,0
2024-10-04 18:00:00,11.2,7.2,0.0,3,-10.892316686521013,0.019243265053134097,11.0,11,5,16,0
2024-10-04 19:00:00,10.8,8.2,0.0,3,-18.794419577080504,0.0,0.0,11,5,16,0
2024-10-04 20:00:00,10.9,9.4,0.0,3,-25.976540557915598,0.0,0.0,11,5,16,0
2024-10-04 21:00:00,10.8,10.5,0.0,3,-31.915760093385003,0.0,0.0,11,5,16,0
2024-10-04 22:00:00,10.6,10.7,0.0,3,-36.01811915455035,0.0,0.0,11,5,16,0
2024-10-04 23:00:00,9.9,9.6,0.0,3,-37.740754213366245,0.0,0.0,11,5,16,0
2024-10-05 00:00:00,9.4,8.4,0.0,3,-36.81251347459268,0.0,0.0,11,5,16,0
2024-10-05 01:00:00,9.6,8.8,0.0,3,-33.385031204101296,0.0,0.0,11,5,16,0
2024-10-05 02:00:00,9.9,8.9,0.0,3,-27.945369532203955,0.0,0.0,11,5,16,0
2024-10-05 03:00:00,9.9,8.7,0.0,3,-21.091823865024963,0.0,0.0,11,5,16,0
2024-10-05 04:00:00,9.8,8.5,0.0,3,-13.37574583480368,0.0,0.0,11,5,16,0
2024-10-05 05:00:00,9.8,8.9,0.0,3,-5.2445000127816,0.0,0.0,11,5,16,0
2024-10-05 06:00:00,9.6,9.5,0.0,3,3.0010144844822406,0.0,0.0,11,5,16,1
2024-10-05 07:00:00,9.6,9.8,0.0,3,10.489931089152208,0.0,2.0,11,5,16,1
2024-10-05 08:00:00,9.9,10.2,0.0,3,17.2561964726482,0.5223146304730286,47.0,11,5,16,1
2024-10-05 09:00:00,10.6,9.3,0.0,3,22.734316681845044,1.15010052375508,122.0,11,5,16,1
2024-10-05 10:00:00,11.8,9.3,0.0,3,26.43113680483195,2.1728405288918955,227.0,11,5,16,1
2024-10-05 11:00:00,12.8,9.7,0.0,3,27.94067927003345,2.6313581314124987,302.0,11,5,16,1
2024-10-05 12:00:00,13.5,10.3,0.0,3,27.0736710225153,3.294330191233158,370.0,11,5,16,1
2024-10-05 13:00:00,13.8,10.8,0.0,3,23.93925220344896,2.5412485822455024,319.0,11,5,16,1
2024-10-05 14:00:00,13.9,9.6,0.0,3,18.89597804516231,1.3970567307191581,206.0,11,5,16,1
2024-10-05 15:00:00,13.9,8.6,0.0,1,12.4225425230061,1.131674873921988,182.0,11,5,16,1
2024-10-05 16:00:00,13.9,7.2,0.0,1,5.042465610989396,0.6866413117788602,135.0,11,5,16,1
2024-10-05 17:00:00,12.8,6.2,0.0,1,-3.026536410759107,0.2601994024725613,93.0,11,5,16,0
2024-10-05 18:00:00,11.3,8.1,0.0,0,-11.257027244305561,0.013270317041341007,13.0,11,5,16,0
2024-10-05 19:00:00,10.4,9.4,0.0,0,-19.163564197076667,0.0,0.0,11,5,16,0
2024-10-05 20:00:00,9.7,10.1,0.0,0,-26.354043717675978,0.0,0.0,11,5,16,0
2024-10-05 21:00:00,9.0,10.7,0.0,0,-32.302347128656166,0.0,0.0,11,5,16,0
2024-10-05 22:00:00,8.5,10.3,0.0,2,-36.409402622739364,0.0,0.0,11,5,16,0
2024-10-05 23:00:00,8.2,10.3,0.0,0,-38.126605593187634,0.0,0.0,11,5,16,0
2024-10-06 00:00:00,7.8,9.9,0.0,0,-37.18079253572465,0.0,0.0,11,5,16,0
2024-10-06 01:00:00,7.7,10.2,0.0,1,-33.72799606972315,0.0,0.0,11,5,16,0
2024-10-06 02:00:00,7.8,11.4,0.0,1,-28.262715076618022,0.0,0.0,11,5,16,0
2024-10-06 03:00:00,7.5,11.2,0.0,2,-21.38894186557502,0.0,0.0,11,5,16,0
2024-10-06 04:00:00,7.6,10.3,0.0,2,-13.66083503641434,0.0,0.0,11,5,16,0
2024-10-06 05:00:00,7.5,10.0,0.0,1,-5.528563195052783,0.0,0.0,11,5,16,0
2024-10-06 06:00:00,7.1,8.7,0.0,0,2.7302314951364934,0.0,0.0,11,5,16,1
2024-10-06 07:00:00,6.9,8.7,0.0,0,10.193818144437131,0.0,3.0,11,5,16,1
2024-10-06 08:00:00,8.1,9.9,0.0,0,16.939424391525165,1.3807412502924992,73.0,11,5,16,1
2024-10-06 09:00:00,9.6,8.9,0.0,0,22.3938805403278,2.9599227254224934,191.0,11,5,16,1
2024-10-06 10:00:00,11.2,9.2,0.0,0,26.06752970100743,3.9113004482037446,302.0,11,5,16,1
2024-10-06 11:00:00,12.5,11.2,0.0,0,27.559526357059617,4.409335944033868,386.0,11,5,16,1
2024-10-06 12:00:00,13.2,12.8,0.0,2,26.684369700436278,4.481241562923053,434.0,11,5,16,1
2024-10-06 13:00:00,13.6,12.6,0.0,3,23.551226479634792,3.9718734905157906,432.0,11,5,16,1
2024-10-06 14:00:00,13.5,12.7,0.0,3,18.515440801590316,2.1667232155568996,297.0,11,5,16,1
2024-10-06 15:00:00,13.2,9.6,0.0,3,12.052092879840615,0.8956841359814031,149.0,11,5,16,1
2024-10-06 16:00:00,12.9,7.8,0.0,3,4.68724262877673,0.6329405978480456,120.0,11,5,16,1
2024-10-06 17:00:00,11.8,7.7,0.0,1,-3.398784398959563,0.23630325499783883,87.0,11,5,16,0
2024-10-06 18:00:00,10.1,10.5,0.0,0,-11.619798739776627,0.007189241516910298,12.0,11,5,16,0
2024-10-06 19:00:00,9.4,10.9,0.0,0,-19.530815941293866,0.0,0.0,11,5,16,0
2024-10-06 20:00:00,8.5,11.5,0.0,0,-26.72973844928795,0.0,0.0,11,5,16,0
2024-10-06 21:00:00,8.5,9.3,0.0,1,-32.68730084691944,0.0,0.0,11,5,16,0
2024-10-06 22:00:00,8.9,8.9,0.0,3,-36.7992890577178,0.0,0.0,11,5,16,0
2024-10-06 23:00:00,8.8,12.7,0.0,3,-38.511272105730114,0.0,0.0,11,5,16,0
2024-10-07 00:00:00,9.1,13.2,0.0,3,-37.54802469953559,0.0,0.0,11,5,16,0
2024-10-07 01:00:00,8.8,12.1,0.0,3,-34.07002999802735,0.0,0.0,11,5,16,0
2024-10-07 02:00:00,9.2,13.1,0.0,3,-28.57929178878554,0.0,0.0,11,5,16,0
2024-10-07 03:00:00,9.4,11.7,0.0,3,-21.685503007174304,0.0,0.0,11,5,16,0
2024-10-07 04:00:00,9.5,12.8,0.0,3,-13.945582532072507,0.0,0.0,11,5,16,0
2024-10-07 05:00:00,9.6,15.3,0.0,3,-5.812208406179309,0.0,0.0,11,5,16,0
2024-10-07 06:00:00,9.9,15.7,0.0,3,2.4609985688493765,0.0,0.0,11,5,16,1
2024-10-07 07:00:00,9.9,16.6,0.0,3,9.897770082520793,0.0,1.0,11,5,16,1
2024-10-07 08:00:00,10.5,18.6,0.0,3,16.62271826586783,0.12001510985646954,25.0,11,5,16,1
2024-10-07 09:00:00,10.9,19.5,0.0,3,22.053734585403973,0.43935662927435604,76.0,11,5,16,1
2024-10-07 10:00:00,11.5,23.8,0.0,1,25.70457182844376,1.2794065002106036,170.0,11,5,16,1
2024-10-07 11:00:00,12.1,25.9,0.0,3,27.17941957120562,2.2661618724974892,245.0,11,5,16,1
2024-10-07 12:00:00,11.7,29.0,0.0,3,26.29644221111524,0.9685971894380658,151.0,11,5,16,1
2024-10-07 13:00:00,11.5,21.9,0.5,53,23.16479101041064,0.4142463732529343,70.0,11,5,16,1
2024-10-07 14:00:00,11.4,22.2,0.3,51,18.136637807688544,0.40743563214724227,71.0,11,5,16,1
2024-10-07 15:00:00,11.4,20.7,1.4,61,11.683549482073445,0.3615689833539878,63.0,11,5,16,1
2024-10-07 16:00:00,11.2,19.7,3.5,63,4.335109923300891,0.15099268972012767,30.0,11,5,16,1
2024-10-07 17:00:00,11.1,16.4,5.7,63,-3.7669878944815025,0.08194632396910158,19.0,11,5,16,0
2024-10-07 18:00:00,11.3,16.9,0.7,53,-11.98050098065761,0.0,3.0,11,5,16,0
2024-10-07 19:00:00,11.3,16.5,0.0,3,-19.896039185292565,0.0,0.0,11,5,16,0
2024-10-07 20:00:00,11.2,14.4,0.0,2,-27.103490475515272,0.0,0.0,11,5,16,0
2024-10-07 21:00:00,10.9,13.8,0.0,1,-33.070492852001806,0.0,0.0,11,5,16,0
2024-10-07 22:00:00,10.4,12.8,0.0,2,-37.187661794855785,0.0,0.0,11,5,16,0
2024-10-07 23:00:00,10.2,10.9,0.0,2,-38.89465365755632,0.0,0.0,11,5,16,0
2024-10-08 00:00:00,10.2,9.7,0.0,0,-37.91412809398636,0.0,0.0,11,5,16,0
2024-10-08 01:00:00,9.9,10.3,0.0,0,-34.41106822600187,0.0,0.0,11,5,16,0
2024-10-08 02:00:00,10.1,9.0,0.0,3,-28.895048720728823,0.0,0.0,11,5,16,0
2024-10-08 03:00:00,9.9,9.9,0.0,3,-21.981465300110116,0.0,0.0,11,5,16,0
2024-10-08 04:00:00,9.6,8.9,0.0,3,-14.229950691574956,0.0,0.0,11,5,16,0
2024-10-08 05:00:00,9.5,10.3,0.0,3,-6.0954360192083925,0.0,0.0,11,5,16,0
2024-10-08 06:00:00,9.6,10.1,0.0,3,2.1935994661369165,0.0,0.0,11,5,16,1
2024-10-08 07:00:00,9.9,11.5,0.0,3,9.601853420397475,0.0,1.0,11,5,16,1
2024-10-08 08:00:00,10.6,12.7,0.0,3,16.3061494776087,0.11989419880745429,25.0,11,5,16,1
2024-10-08 09:00:00,11.8,14.2,0.0,3,21.713962398663796,0.3458721455398929,59.0,11,5,16,1
2024-10-08 10:00:00,12.8,16.0,0.0,3,25.342358471539427,0.661770321456965,111.0,11,5,16,1
2024-10-08 11:00:00,12.6,16.3,0.0,3,26.800463976677946,0.4748557157197152,75.0,11,5,16,1
2024-10-08 12:00:00,12.7,15.9,0.5,53,25.910002074402115,0.3357702420149483,58.0,11,5,16,1
2024-10-08 13:00:00,13.1,18.1,1.3,61,22.78006699044637,0.4352636860287449,76.0,11,5,16,1
2024-10-08 14:00:00,13.3,22.9,0.3,51,17.759697206109806,0.7129736521966599,115.0,11,5,16,1
2024-10-08 15:00:00,13.3,23.4,0.1,51,11.317051261847453,0.7300690435895779,122.0,11,5,16,1
2024-10-08 16:00:00,13.2,21.7,0.1,51,3.986213385087794,0.1869446343610357,36.0,11,5,16,1
2024-10-08 17:00:00,13.2,19.9,0.2,51,-4.131556808800909,0.03109793698342076,11.0,11,5,16,0
2024-10-08 18:00:00,13.1,13.5,0.0,3,-12.33900297921305,0.0,2.0,11,5,16,0
2024-10-08 19:00:00,13.1,11.2,0.0,3,-20.259098058023937,0.0,0.0,11,5,16,0
2024-10-08 20:00:00,13.1,12.1,0.0,3,-27.475165143608038,0.0,0.0,11,5,16,0
2024-10-08 21:00:00,12.7,10.5,0.0,3,-33.451794221308006,0.0,0.0,11,5,16,0
2024-10-08 22:00:00,12.6,11.6,0.0,3,-37.57440363414071,0.0,0.0,11,5,16,0
2024-10-08 23:00:00,12.6,11.6,0.0,3,-39.27664982229038,0.0,0.0,11,5,16,0
2024-10-09 00:00:00,12.4,11.9,0.0,3,-38.27902079954063,0.0,0.0,11,5,16,0
2024-10-09 01:00:00,12.1,11.4,0.0,3,-34.75104611248935,0.0,0.0,11,5,16,0
2024-10-09 02:00:00,12.1,10.1,0.0,3,-29.209935004801594,0.0,0.0,11,5,16,0
2024-10-09 03:00:00,11.8,9.5,0.0,3,-22.276786613118674,0.0,0.0,11,5,16,0
2024-10-09 04:00:00,11.6,9.6,0.0,3,-14.513901359300178,0.0,0.0,11,5,16,0
2024-10-09 05:00:00,11.3,9.4,0.0,3,-6.378238523672849,0.0,0.0,11,5,16,0
2024-10-09 06:00:00,10.9,9.6,0.0,3,1.9283491594744788,0.0,0.0,11,5,16,1
2024-10-09 07:00:00,10.6,10.3,0.0,0,9.306136721142224,0.0,1.0,11,5,16,1
2024-10-09 08:00:00,11.2,10.5,0.0,0,15.989790736189008,1.0030664328783039,57.0,11,5,16,1
2024-10-09 09:00:00,12.6,12.0,0.0,2,21.374648709945305,2.7170208055621154,171.0,11,5,16,1
2024-10-09 10:00:00,13.8,12.1,0.0,2,24.98098584047719,3.0380070146099323,254.0,11,5,16,1
2024-10-09 11:00:00,14.6,11.4,0.0,2,26.422765314032077,2.607411785348329,270.0,11,5,16,1
2024-10-09 12:00:00,15.5,13.4,0.1,51,25.52516324824282,2.9258879132103104,324.0,11,5,16,1
2024-10-09 13:00:00,14.0,11.5,2.6,63,22.39717585622752,0.7148591519414427,122.0,11,5,16,1
2024-10-09 14:00:00,14.4,11.0,0.1,51,17.384747291108667,1.620149796017144,221.0,11,5,16,1
2024-10-09 15:00:00,14.6,14.2,0.0,3,10.952737834551712,1.2388196005377135,191.0,11,5,16,1
2024-10-09 16:00:00,14.1,12.6,0.0,3,3.640776142886537,0.6456903739871348,129.0,11,5,16,1
2024-10-09 17:00:00,13.1,9.2,0.0,1,-4.492726700367527,0.20245879292806268,68.0,11,5,16,0
2024-10-09 18:00:00,12.0,9.6,0.0,0,-12.69517311477587,0.0,5.0,11,5,16,0
2024-10-09 19:00:00,11.7,10.7,0.0,1,-20.619856500386064,0.0,0.0,11,5,16,0
2024-10-09 20:00:00,11.4,10.9,0.0,0,-27.844627468139365,0.0,0.0,11,5,16,0
2024-10-09 21:00:00,11.0,10.3,0.0,0,-33.83107552804351,0.0,0.0,11,5,16,0
2024-10-09 22:00:00,10.6,9.4,0.0,0,-37.95939683923926,0.0,0.0,11,5,16,0
2024-10-09 23:00:00,10.1,7.3,0.0,0,-39.657159822856926,0.0,0.0,11,5,16,0
2024-10-10 00:00:00,9.5,6.2,0.0,3,-38.64262082137546,0.0,0.0,11,5,16,0
2024-10-10 01:00:00,9.4,5.2,0.0,3,-35.08989910103571,0.0,0.0,11,5,16,0
2024-10-10 02:00:00,8.9,5.4,0.0,3,-29.523899807033146,0.0,0.0,11,5,16,0
2024-10-10 03:00:00,9.1,3.6,0.0,3,-22.571424620883647,0.0,0.0,11,5,16,0
2024-10-10 04:00:00,8.6,3.8,0.0,3,-14.79739580881882,0.0,0.0,11,5,16,0
2024-10-10 05:00:00,9.0,5.0,0.8,53,-6.660601964320364,0.0,0.0,11,5,16,0
2024-10-10 06:00:00,9.0,3.1,0.3,51,1.6655933278934896,0.0,0.0,11,5,16,1
2024-10-10 07:00:00,9.2,3.6,2.4,61,9.010690707928319,0.0,0.0,11,5,16,1
2024-10-10 08:00:00,9.6,7.5,0.2,51,15.673716100552369,0.06993071338041584,17.0,11,5,16,1
2024-10-10 09:00:00,10.6,10.8,0.1,51,21.03587940041936,0.348085644649855,59.0,11,5,16,1
2024-10-10 10:00:00,11.4,12.5,0.0,3,24.620551064120065,0.48866782201267484,76.0,11,5,16,1
2024-10-10 11:00:00,11.6,18.9,0.0,3,26.046429986189978,0.5002862918925832,86.0,11,5,16,1
2024-10-10 12:00:00,11.3,18.4,0.0,3,25.14204010830403,0.6872723603739823,116.0,11,5,16,1
2024-10-10 13:00:00,11.8,20.0,0.0,3,22.016239258234393,1.9667325259713573,250.0,11,5,16,1
2024-10-10 14:00:00,11.9,25.9,0.0,3,17.01191647477573,2.5740898648524655,318.0,11,5,16,1
2024-10-10 15:00:00,11.6,25.7,0.0,3,10.590749513690014,1.1158853857898638,175.0,11,5,16,1
2024-10-10 16:00:00,11.2,22.8,0.0,1,3.2990935299518895,0.4843190242977967,84.0,11,5,16,1
2024-10-10 17:00:00,10.8,21.9,0.0,1,-4.850623411713926,0.19772631263399493,59.0,11,5,16,0
2024-10-10 18:00:00,10.0,23.9,0.0,1,-13.048879281992413,0.0,5.0,11,5,16,0
2024-10-10 19:00:00,9.8,27.0,0.0,1,-20.9781783270454,0.0,0.0,11,5,16,0
2024-10-10 20:00:00,9.6,29.9,0.0,0,-28.211742177495438,0.0,0.0,11,5,16,0
2024-10-10 21:00:00,9.2,29.5,0.0,0,-34.208206866398285,0.0,0.0,11,5,16,0
2024-10-10 22:00:00,8.9,30.4,0.0,0,-38.34252313804271,0.0,0.0,11,5,16,0
2024-10-10 23:00:00,8.9,30.7,0.0,1,-40.03608251356417,0.0,0.0,11,5,16,0
2024-10-11 00:00:00,8.9,29.4,0.0,1,-39.004846060282915,0.0,0.0,11,5,16,0
2024-10-11 01:00:00,9.0,28.2,0.0,0,-35.42756268085127,0.0,0.0,11,5,16,0
2024-10-11 02:00:00,8.4,25.2,0.0,0,-29.83689227851525,0.0,0.0,11,5,16,0
2024-10-11 03:00:00,8.4,25.9,0.0,1,-22.865336749893075,0.0,0.0,11,5,16,0
2024-10-11 04:00:00,8.4,27.7,0.0,2,-15.080394695501809,0.0,0.0,11,5,16,0
2024-10-11 05:00:00,8.2,25.8,0.0,1,-6.942507021967799,0.0,0.0,11,5,16,0
2024-10-11 06:00:00,8.2,25.1,0.0,0,1.4057077280286734,0.0,0.0,11,5,16,1
2024-10-11 07:00:00,7.8,23.0,0.0,0,8.715588384350909,0.0,0.0,11,5,16,1
2024-10-11 08:00:00,8.1,20.0,0.0,0,15.358001000658945,0.9198789114892844,48.0,11,5,16,1
2024-10-11 09:00:00,9.0,18.5,0.0,1,20.69774150447823,2.4456232939776816,151.0,11,5,16,1
2024-10-11 10:00:00,9.9,23.7,0.0,2,24.261152181460446,3.308178114438508,246.0,11,5,16,1
2024-10-11 11:00:00,10.2,23.4,0.0,1,25.671565042705495,2.754077066354227,248.0,11,5,16,1
2024-10-11 12:00:00,10.0,24.8,0.0,1,24.76074742551991,2.3232270463995195,249.0,11,5,16,1
2024-10-11 13:00:00,10.6,25.0,0.0,2,21.63737903076668,2.824371041697413,311.0,11,5,16,1
2024-10-11 14:00:00,9.6,22.2,0.1,51,16.64133325080479,1.3993048340078038,183.0,11,5,16,1
2024-10-11 15:00:00,9.8,20.1,0.1,51,10.231227326805907,0.9340803287648985,148.0,11,5,16,1
2024-10-11 16:00:00,9.6,22.9,0.0,2,2.961527608047703,0.5521252723129401,103.0,11,5,16,1
2024-10-11 17:00:00,8.9,19.8,0.1,51,-5.205300992589159,0.11643218618473847,40.0,11,5,16,0
2024-10-11 18:00:00,8.9,20.6,0.0,1,-13.399989028229228,0.0,3.0,11,5,16,0
2024-10-11 19:00:00,8.8,19.7,0.0,1,-21.33392729164855,0.0,0.0,11,5,16,0
2024-10-11 20:00:00,8.8,20.8,0.0,0,-28.576373764148272,0.0,0.0,11,5,16,0
2024-10-11 21:00:00,8.9,21.3,0.0,1,-34.583057879866544,0.0,0.0,11,5,16,0
2024-10-11 22:00:00,8.8,19.9,0.0,1,-38.723663724839014,0.0,0.0,11,5,16,0
2024-10-11 23:00:00,8.4,17.6,0.0,1,-40.41331636210444,0.0,0.0,11,5,16,0
2024-10-12 00:00:00,7.9,15.4,0.0,0,-39.365614282289954,0.0,0.0,11,5,16,0
2024-10-12 01:00:00,7.4,13.4,0.0,0,-35.76397234590688,0.0,0.0,11,5,16,0
2024-10-12 02:00:00,6.7,12.0,0.0,1,-30.148861504916525,0.0,0.0,11,5,16,0
2024-10-12 03:00:00,6.3,11.0,0.0,2,-23.158480122771465,0.0,0.0,11,5,16,0
2024-10-12 04:00:00,6.1,11.8,0.0,3,-15.36285800736303,0.0,0.0,11,5,16,0
2024-10-12 05:00:00,6.7,11.1,0.0,2,-7.223929832891031,0.0,0.0,11,5,16,0
2024-10-12 06:00:00,7.2,11.9,0.0,2,1.149097437581716,0.0,0.0,11,5,16,1
2024-10-12 07:00:00,7.2,12.4,0.0,3,8.4209051608578,0.0,0.0,11,5,16,1
2024-10-12 08:00:00,7.8,13.0,0.0,3,15.042722258450553,0.3084173551447725,30.0,11,5,16,1
2024-10-12 09:00:00,8.8,12.8,0.0,3,20.360323210327266,1.233173802917902,119.0,11,5,16,1
2024-10-12 10:00:00,9.9,15.3,0.0,3,23.902888131525557,1.496890065905903,168.0,11,5,16,1
2024-10-12 11:00:00,11.1,17.9,0.0,3,25.298278162211602,2.385989364459882,255.0,11,5,16,1
2024-10-12 12:00:00,11.9,22.7,0.0,3,24.38140034152086,3.2954928127597776,329.0,11,5,16,1
2024-10-12 13:00:00,12.2,24.0,0.0,3,21.260717159391334,3.19481144236945,348.0,11,5,16,1
2024-10-12 14:00:00,11.6,23.8,0.0,3,16.273126155766562,1.9036809134216561,255.0,11,5,16,1
2024-10-12 15:00:00,11.6,23.9,0.0,3,9.874313031911328,1.2750497921991468,199.0,11,5,16,1
2024-10-12 16:00:00,11.0,22.0,0.0,3,2.628501288208014,0.5926365924109969,104.0,11,5,16,1
2024-10-12 17:00:00,10.4,21.0,0.0,3,-5.55676497290132,0.20202879647113445,39.0,11,5,16,0
2024-10-12 18:00:00,9.9,20.7,0.0,3,-13.74836968284842,0.0,2.0,11,5,16,0
2024-10-12 19:00:00,9.9,20.5,0.0,3,-21.68696715552761,0.0,0.0,11,5,16,0
2024-10-12 20:00:00,9.9,21.3,0.0,3,-28.93838653881626,0.0,0.0,11,5,16,0
2024-10-12 21:00:00,10.0,21.6,0.0,3,-34.95549779284089,0.0,0.0,11,5,16,0
2024-10-12 22:00:00,9.8,21.5,0.0,3,-39.102699264247775,0.0,0.0,11,5,16,0
2024-10-12 23:00:00,9.8,20.7,0.0,3,-40.78875943156456,0.0,0.0,11,5,16,0
2024-10-13 00:00:00,9.9,20.4,0.0,3,-39.724843087045684,0.0,0.0,11,5,16,0
2024-10-13 01:00:00,9.6,19.7,0.0,1,-36.09906355223244,0.0,0.0,11,5,16,0
2024-10-13 02:00:00,9.1,18.6,0.0,3,-30.459756454200303,0.0,0.0,11,5,16,0
2024-10-13 03:00:00,9.2,19.3,0.1,51,-23.450811501198373,0.0,0.0,11,5,16,0
2024-10-13 04:00:00,9.3,18.1,0.1,51,-15.64474501439085,0.0,0.0,11,5,16,0
2024-10-13 05:00:00,9.2,15.9,0.3,51,-7.504842614645938,0.0,0.0,11,5,16,0
2024-10-13 06:00:00,9.1,11.7,0.4,51,0.896195967269847,0.0,0.0,11,5,16,1
2024-10-13 07:00:00,8.7,8.6,0.3,51,8.126718986902674,0.0,0.0,11,5,16,1
2024-10-13 08:00:00,8.8,4.9,0.1,51,14.727958108207659,0.058628814170716435,11.0,11,5,16,1
2024-10-13 09:00:00,9.2,7.0,0.0,2,20.023713859205728,0.6023135963501518,73.0,11,5,16,1
2024-10-13 10:00:00,10.2,5.8,0.0,1,23.54585874169051,1.7244707342516186,172.0,11,5,16,1
2024-10-13 11:00:00,11.4,3.6,0.0,3,24.926677633013313,3.348548685140646,305.0,11,5,16,1
2024-10-13 12:00:00,11.4,5.0,0.0,3,24.004114341922545,1.3220108926969576,177.0,11,5,16,1
2024-10-13 13:00:00,11.6,6.9,0.0,3,20.88637574598981,1.8864439014046412,230.0,11,5,16,1
2024-10-13 14:00:00,11.9,6.4,0.0,3,15.90742372783781,2.233008671364123,283.0,11,5,16,1
2024-10-13 15:00:00,11.5,5.8,0.0,1,9.52014913352562,1.2040804350509846,182.0,11,5,16,1
2024-10-13 16:00:00,10.9,4.5,0.2,51,2.300492089927957,0.5241945906170296,110.0,11,5,16,1
2024-10-13 17:00:00,9.9,3.6,0.0,2,-5.904987201053473,0.1217164428507143,39.0,11,5,16,0
2024-10-13 18:00:00,8.9,5.7,0.1,51,-14.093888480484225,0.0,1.0,11,5,16,0
2024-10-13 19:00:00,8.1,5.7,0.0,1,-22.03716175998092,0.0,0.0,11,5,16,0
2024-10-13 20:00:00,7.7,6.6,0.0,0,-29.297644688618178,0.0,0.0,11,5,16,0
2024-10-13 21:00:00,6.9,5.9,0.0,0,-35.325395445633916,0.0,0.0,11,5,16,0
2024-10-13 22:00:00,5.8,6.9,0.0,0,-39.47950989707002,0.0,0.0,11,5,16,0
2024-10-13 23:00:00,6.7,6.8,0.0,0,-41.1623093625295,0.0,0.0,11,5,16,0
2024-10-14 00:00:00,6.6,6.4,0.0,0,-40.08244987502857,0.0,0.0,11,5,16,0
2024-10-14 01:00:00,6.9,7.2,0.0,2,-36.432771673470725,0.0,0.0,11,5,16,0
2024-10-14 02:00:00,7.8,7.4,0.0,3,-30.76952592264675,0.0,0.0,11,5,16,0
2024-10-14 03:00:00,7.8,7.9,0.0,3,-23.742287227564873,0.0,0.0,11,5,16,0
2024-10-14 04:00:00,8.1,10.0,0.0,3,-15.926014216612984,0.0,0.0,11,5,16,0
2024-10-14 05:00:00,8.2,11.9,0.3,51,-7.785214146846172,0.0,0.0,11,5,16,0
2024-10-14 06:00:00,8.9,13.0,0.2,51,0.6474642374970756,0.0,0.0,11,5,16,1
2024-10-14 07:00:00,8.9,15.0,0.0,3,7.8331104883430385,0.0,0.0,11,5,16,1
2024-10-14 08:00:00,8.6,16.1,0.0,1,14.413788216213717,0.39398697506936403,34.0,11,5,16,1
2024-10-14 09:00:00,9.2,16.5,0.0,3,19.68800394312838,2.4418684653672957,150.0,11,5,16,1
2024-10-14 10:00:00,9.9,18.7,0.0,3,23.190164714326016,2.5235559765679727,219.0,11,5,16,1
2024-10-14 11:00:00,10.4,21.7,0.0,2,24.55687233178304,2.9476499782959014,286.0,11,5,16,1
2024-10-14 12:00:00,10.7,22.8,0.0,3,23.629005227452836,3.9886032963563545,370.0,11,5,16,1
2024-10-14 13:00:00,10.6,23.3,0.0,3,20.514476971394984,3.318675547866281,355.0,11,5,16,1
2024-10-14 14:00:00,10.2,21.7,0.0,3,15.54435446295004,1.7689056330618262,248.0,11,5,16,1
2024-10-14 15:00:00,9.9,21.6,0.0,3,9.168878897011723,1.1777117780431068,185.0,11,5,16,1
2024-10-14 16:00:00,9.4,18.8,0.0,3,1.9780255828453903,0.6856428881362289,128.0,11,5,16,1
2024-10-14 17:00:00,8.6,14.5,0.0,2,-6.249915622243591,0.19243291819333738,51.0,11,5,16,0
2024-10-14 18:00:00,7.8,11.7,0.0,3,-14.436412679991491,0.0,1.0,11,5,16,0
2024-10-14 19:00:00,7.8,10.2,0.0,1,-22.38437510219856,0.0,0.0,11,5,16,0
2024-10-14 20:00:00,7.7,10.1,0.0,2,-29.65401233930504,0.0,0.0,11,5,16,0
2024-10-14 21:00:00,7.6,8.5,0.0,2,-35.69261933308296,0.0,0.0,11,5,16,0
2024-10-14 22:00:00,7.3,7.1,0.0,1,-39.853975248209,0.0,0.0,11,5,16,0
2024-10-14 23:00:00,7.2,6.6,0.0,2,-41.53386335540068,0.0,0.0,11,5,16,0
2024-10-15 00:00:00,7.2,6.5,0.0,2,-40.438351813654236,0.0,0.0,11,5,16,0
2024-10-15 01:00:00,6.8,6.4,0.0,1,-36.76503195477906,0.0,0.0,11,5,16,0
2024-10-15 02:00:00,6.8,7.5,0.0,3,-31.078118479302375,0.0,0.0,11,5,16,0
2024-10-15 03:00:00,6.7,7.1,0.0,3,-24.032863165498227,0.0,0.0,11,5,16,0
2024-10-15 04:00:00,6.6,7.7,0.0,0,-16.206623291128196,0.0,0.0,11,5,16,0
2024-10-15 05:00:00,6.1,5.7,0.0,2,-8.065010142113877,0.0,0.0,11,5,16,0
2024-10-15 06:00:00,6.1,6.6,0.0,2,0.403389416162085,0.0,0.0,11,5,16,1
2024-10-15 07:00:00,7.7,4.8,0.0,0,7.540163109793269,0.0,0.0,11,5,16,1
2024-10-15 08:00:00,7.8,3.0,0.0,1,14.100293699663098,0.6237324835455965,35.0,11,5,16,1
2024-10-15 09:00:00,8.3,2.3,0.0,2,19.35328510107827,2.016161212150132,130.0,11,5,16,1
2024-10-15 10:00:00,9.6,2.3,0.0,0,22.835907611707313,3.446741083815924,248.0,11,5,16,1
2024-10-15 11:00:00,10.4,1.3,0.0,1,24.188971700306325,3.9211103269918297,329.0,11,5,16,1
2024-10-15 12:00:00,11.0,2.2,0.0,0,23.25618908289256,3.9130604774808373,368.0,11,5,16,1
2024-10-15 13:00:00,11.4,3.8,0.0,2,20.145143055600144,2.9147846644150204,316.0,11,5,16,1
2024-10-15 14:00:00,11.6,4.8,0.0,3,15.184046768334554,1.4869343242539832,211.0,11,5,16,1
2024-10-15 15:00:00,11.4,4.2,0.0,3,8.820646359328393,0.7378845908373151,125.0,11,5,16,1
2024-10-15 16:00:00,11.2,1.6,0.0,1,1.661668557137304,0.4610819244381153,80.0,11,5,16,1
2024-10-15 17:00:00,8.8,4.8,0.0,0,-6.591480912209434,0.130172099565549,53.0,11,5,16,0
2024-10-15 18:00:00,8.2,9.3,0.0,0,-14.775809680403796,0.0,1.0,11,5,16,0
2024-10-15 19:00:00,7.3,10.6,0.0,0,-22.728471414863662,0.0,0.0,11,5,16,0
2024-10-15 20:00:00,6.8,10.4,0.0,0,-30.007353621653195,0.0,0.0,11,5,16,0
2024-10-15 21:00:00,6.6,11.3,0.0,0,-36.057037646874164,0.0,0.0,11,5,16,0
2024-10-15 22:00:00,6.3,10.7,0.0,0,-40.22597443682017,0.0,0.0,11,5,16,0
2024-10-15 23:00:00,6.2,9.7,0.0,0,-41.90331815302903,0.0,0.0,11,5,16,0
2024-10-16 00:00:00,6.2,10.1,0.0,1,-40.79246580235045,0.0,0.0,11,5,16,0
2024-10-16 01:00:00,6.3,11.5,0.0,3,-37.09577946515856,0.0,0.0,11,5,16,0
2024-10-16 02:00:00,6.1,13.0,0.0,3,-31.385482408974184,0.0,0.0,11,5,16,0
2024-10-16 03:00:00,6.2,13.1,0.0,3,-24.3224946394362,0.0,0.0,11,5,16,0
2024-10-16 04:00:00,6.6,13.6,0.0,3,-16.486529038363315,0.0,0.0,11,5,16,0
2024-10-16 05:00:00,6.8,15.5,0.0,3,-8.34419353304223,0.0,0.0,11,5,16,0
2024-10-16 06:00:00,7.2,17.5,0.0,3,0.16448361429786473,0.0,0.0,11,5,16,1
2024-10-16 07:00:00,7.7,19.2,0.0,3,7.247963262530732,0.0,0.0,11,5,16,1
2024-10-16 08:00:00,8.2,22.0,0.0,3,13.787557144715251,0.21317571054882453,26.0,11,5,16,1
2024-10-16 09:00:00,9.1,24.3,0.0,3,19.019650113525927,0.8214838888425913,96.0,11,5,16,1
2024-10-16 10:00:00,9.9,26.6,0.0,3,22.48318983912209,2.295548641848731,204.0,11,5,16,1
2024-10-16 11:00:00,10.6,27.5,0.0,3,23.82308572025667,3.3248773080088583,295.0,11,5,16,1
2024-10-16 12:00:00,11.2,27.0,0.0,3,22.885782243824167,3.312421504363804,331.0,11,5,16,1
2024-10-16 13:00:00,11.6,26.3,0.0,3,19.778496215556146,2.713416158555296,312.0,11,5,16,1
2024-10-16 14:00:00,12.1,28.3,0.0,3,14.82662891341137,2.6374208542149273,313.0,11,5,16,1
2024-10-16 15:00:00,11.8,27.3,0.0,1,8.475596333741223,1.5421136249614156,227.0,11,5,16,1
2024-10-16 16:00:00,11.1,27.3,0.0,0,1.3520219707757946,0.6955432798792558,161.0,11,5,16,1
2024-10-16 17:00:00,10.1,27.4,0.0,2,-6.929601096118944,0.10483195330052733,53.0,11,5,16,0
2024-10-16 18:00:00,9.7,26.8,0.0,3,-15.111947134940635,0.0,0.0,11,5,16,0
2024-10-16 19:00:00,9.6,26.5,0.0,3,-23.06931524945304,0.0,0.0,11,5,16,0
2024-10-16 20:00:00,9.6,26.3,0.0,1,-30.35753274207555,0.0,0.0,11,5,16,0
2024-10-16 21:00:00,9.6,26.5,0.0,2,-36.41851832173158,0.0,0.0,11,5,16,0
2024-10-16 22:00:00,9.9,25.8,0.0,1,-40.59538608886254,0.0,0.0,11,5,16,0
2024-10-16 23:00:00,9.9,24.8,0.0,2,-42.27057002380582,0.0,0.0,11,5,16,0
2024-10-17 00:00:00,9.9,23.4,0.0,2,-41.1447084367133,0.0,0.0,11,5,16,0
2024-10-17 01:00:00,9.9,22.3,0.0,1,-37.424949048337126,0.0,0.0,11,5,16,0
2024-10-17 02:00:00,9.6,21.8,0.0,1,-31.69156565392815,0.0,0.0,11,5,16,0
2024-10-17 03:00:00,9.4,21.1,0.0,2,-24.61113637341596,0.0,0.0,11,5,16,0
2024-10-17 04:00:00,8.9,20.0,0.0,2,-16.765687327792605,0.0,0.0,11,5,16,0
2024-10-17 05:00:00,8.8,21.8,0.0,1,-8.622724694434268,0.0,0.0,11,5,16,0
2024-10-17 06:00:00,8.8,22.0,0.0,1,-0.15741568006743023,0.0,0.0,11,5,16,0
2024-10-17 07:00:00,8.9,22.4,0.0,1,6.95660048105745,0.0,0.0,11,5,16,1
2024-10-17 08:00:00,9.4,23.2,0.0,1,13.475662623618007,0.592415556245542,31.0,11,5,16,1
2024-10-17 09:00:00,10.4,22.6,0.0,1,18.68719289519356,2.177744913609613,126.0,11,5,16,1
2024-10-17 10:00:00,11.4,24.1,0.0,1,22.132114626106244,3.2441092356130157,226.0,11,5,16,1
2024-10-17 11:00:00,12.4,24.4,0.0,3,23.459324885950807,3.9257335655878043,310.0,11,5,16,1
2024-10-17 12:00:00,12.8,20.9,0.0,1,22.517901261181393,3.329104427170915,320.0,11,5,16,1
2024-10-17 13:00:00,13.1,18.5,0.0,3,19.41465862054463,2.6898802223438674,294.0,11,5,16,1
2024-10-17 14:00:00,13.3,19.5,0.0,3,14.472228977992089,1.725544350822044,218.0,11,5,16,1
2024-10-17 15:00:00,13.1,16.2,0.0,3,8.133874405451849,1.1362174286640536,176.0,11,5,16,1
2024-10-17 16:00:00,12.6,14.8,0.0,3,1.0497137234131628,0.5010161059616672,92.0,11,5,16,1
2024-10-17 17:00:00,11.8,14.5,0.0,3,-7.264184841469316,0.1506023986002884,31.0,11,5,16,0
2024-10-17 18:00:00,11.4,15.6,0.2,51,-15.444693063892785,0.0,0.0,11,5,16,0
2024-10-17 19:00:00,11.4,14.3,0.1,51,-23.406771563231487,0.0,0.0,11,5,16,0
2024-10-17 20:00:00,11.4,14.4,0.0,3,-30.704414057498326,0.0,0.0,11,5,16,0
2024-10-17 21:00:00,11.6,13.3,0.0,3,-36.77692908560583,0.0,0.0,11,5,16,0
2024-10-17 22:00:00,11.8,12.6,0.0,3,-40.96208835223092,0.0,0.0,11,5,16,0
2024-10-17 23:00:00,12.1,11.4,0.0,3,-42.63551474535399,0.0,0.0,11,5,16,0
2024-10-18 00:00:00,12.3,9.9,0.0,3,-41.49499597184712,0.0,0.0,11,6,16,0
2024-10-18 01:00:00,12.5,9.4,0.0,3,-37.75247527231875,0.0,0.0,11,6,16,0
2024-10-18 02:00:00,12.4,8.6,0.0,3,-31.996315754444538,0.0,0.0,11,6,16,0
2024-10-18 03:00:00,12.6,8.0,0.0,3,-24.898742429280432,0.0,0.0,11,6,16,0
2024-10-18 04:00:00,12.6,7.6,0.0,3,-17.044053043384693,0.0,0.0,11,6,16,0
2024-10-18 05:00:00,12.7,7.4,0.0,3,-8.900561615284161,0.0,0.0,11,6,16,0
2024-10-18 06:00:00,12.7,6.0,0.0,3,-0.5907149714388282,0.0,0.0,11,6,16,0
2024-10-18 07:00:00,12.7,5.1,0.0,3,6.666167597300358,0.0,0.0,11,6,16,1
2024-10-18 08:00:00,12.9,6.9,0.0,3,13.164695710791008,0.0,6.0,11,6,16,1
2024-10-18 09:00:00,13.2,7.5,0.1,51,18.356008485957858,0.11204806392623952,24.0,11,6,16,1
2024-10-18 10:00:00,13.4,6.8,0.1,51,21.782786005743816,0.19881218942176332,38.0,11,6,16,1
2024-10-18 11:00:00,14.4,6.5,0.0,3,23.09780017505203,0.6876603150799783,105.0,11,6,16,1
2024-10-18 12:00:00,15.1,9.0,0.0,3,22.152662863586954,0.8285081661122127,129.0,11,6,16,1
2024-10-18 13:00:00,15.3,9.3,0.0,3,19.05375234515283,0.7702385226608068,124.0,11,6,16,1
2024-10-18 14:00:00,14.8,7.2,0.0,3,14.12097479775045,0.2898926663182611,53.0,11,6,16,1
2024-10-18 15:00:00,14.9,8.3,0.5,53,7.795626914855504,0.43684487485998513,76.0,11,6,16,1
2024-10-18 16:00:00,14.2,4.7,0.9,53,0.755391308005855,0.11762099123118618,25.0,11,6,16,1
2024-10-18 17:00:00,13.8,5.3,1.0,55,-7.595133857518775,0.006007334165731999,7.0,11,6,16,0
2024-10-18 18:00:00,13.5,6.6,0.3,51,-15.773915967011604,0.0,0.0,11,6,16,0
2024-10-18 19:00:00,13.3,7.6,0.0,3,-23.740705809916264,0.0,0.0,11,6,16,0
2024-10-18 20:00:00,13.1,10.5,0.0,3,-31.047862154546095,0.0,0.0,11,6,16,0
2024-10-18 21:00:00,12.4,11.2,0.0,3,-37.132137513989804,0.0,0.0,11,6,16,0
2024-10-18 22:00:00,12.2,10.8,0.0,3,-41.325958914635635,0.0,0.0,11,6,16,0
2024-10-18 23:00:00,12.2,10.5,0.0,3,-42.998047588963516,0.0,0.0,11,6,16,0
2024-10-19 00:00:00,12.2,10.9,0.0,3,-41.84324428501546,0.0,0.0,11,6,16,0
2024-10-19 01:00:00,12.1,11.2,0.0,3,-38.07829237775013,0.0,0.0,11,6,16,0
2024-10-19 02:00:00,11.1,12.4,0.0,1,-32.29967978840672,0.0,0.0,11,6,16,0
2024-10-19 03:00:00,10.7,10.3,0.0,2,-25.185266144492076,0.0,0.0,11,6,16,0
2024-10-19 04:00:00,10.2,9.6,0.0,2,-17.321580029011997,0.0,0.0,11,6,16,0
2024-10-19 05:00:00,10.0,11.1,0.0,3,-9.177660031536192,0.0,0.0,11,6,16,0
2024-10-19 06:00:00,9.9,10.4,0.0,3,-0.9537252285200992,0.0,0.0,11,6,16,0
2024-10-19 07:00:00,10.1,10.6,0.0,3,6.376760954457438,0.0,0.0,11,6,16,1
2024-10-19 08:00:00,10.4,13.1,0.0,3,12.854743497775488,0.1861277080521828,21.0,11,6,16,1
2024-10-19 09:00:00,11.5,15.0,0.0,3,18.02619303978244,1.0849472933884732,92.0,11,6,16,1
2024-10-19 10:00:00,12.3,16.8,0.0,3,21.435308791959798,0.996969004560248,133.0,11,6,16,1
2024-10-19 11:00:00,13.1,15.6,0.0,3,22.738623017205555,1.7913507559295323,209.0,11,6,16,1
2024-10-19 12:00:00,13.4,12.1,0.0,3,21.79018391749807,1.2079630985682113,181.0,11,6,16,1
2024-10-19 13:00:00,13.8,12.0,0.0,3,18.695899319855897,1.3977699170953943,208.0,11,6,16,1
2024-10-19 14:00:00,13.7,12.8,0.1,51,13.77299390690142,1.061493746243055,165.0,11,6,16,1
2024-10-19 15:00:00,13.2,13.8,0.3,51,7.461000925689021,0.7557374193580016,119.0,11,6,16,1
2024-10-19 16:00:00,13.2,9.7,1.9,61,0.4697143922948186,0.38802948915744484,76.0,11,6,16,1
2024-10-19 17:00:00,12.8,11.6,0.0,3,-7.922344679952047,0.0499282426530782,14.0,11,6,16,0
2024-10-19 18:00:00,12.2,10.4,0.0,3,-16.099484935907768,0.0,0.0,11,6,16,0
2024-10-19 19:00:00,11.9,11.9,0.0,3,-24.070984033960585,0.0,0.0,11,6,16,0
2024-10-19 20:00:00,11.6,12.0,0.0,3,-31.38774193303628,0.0,0.0,11,6,16,0
2024-10-19 21:00:00,11.4,12.0,0.3,51,-37.48401108849454,0.0,0.0,11,6,16,0
2024-10-19 22:00:00,11.6,12.6,1.0,55,-41.686875024436205,0.0,0.0,11,6,16,0
2024-10-19 23:00:00,11.6,12.4,0.6,53,-43.35806330495549,0.0,0.0,11,6,16,0
2024-10-20 00:00:00,11.9,14.5,1.3,61,-42.189368837751886,0.0,0.0,11,6,16,0
2024-10-20 01:00:00,12.2,14.7,0.6,53,-38.402334225255544,0.0,0.0,11,6,16,0
2024-10-20 02:00:00,12.3,15.1,0.0,1,-32.60160431011872,0.0,0.0,11,6,16,0
2024-10-20 03:00:00,11.6,12.6,0.0,3,-25.470660069782284,0.0,0.0,11,6,16,0
2024-10-20 04:00:00,11.7,13.8,0.0,3,-17.59822103410434,0.0,0.0,11,6,16,0
2024-10-20 05:00:00,11.9,15.3,0.0,3,-9.453973528109017,0.0,0.0,11,6,16,0
2024-10-20 06:00:00,12.1,16.6,0.0,3,-1.2856431786123323,0.0,0.0,11,6,16,0
2024-10-20 07:00:00,12.5,17.8,0.0,3,6.088480710072687,0.0,0.0,11,6,16,1
2024-10-20 08:00:00,12.8,18.4,0.0,3,12.545894606926865,0.0,6.0,11,6,16,1
2024-10-20 09:00:00,13.1,18.7,0.0,3,17.697843811580128,0.16207768725862587,32.0,11,6,16,1
2024-10-20 10:00:00,13.6,20.0,0.0,3,21.089788554742725,0.5348152035306368,78.0,11,6,16,1
2024-10-20 11:00:00,14.0,17.7,0.0,3,22.381905260562192,0.5752625835014056,99.0,11,6,16,1
2024-10-20 12:00:00,14.6,18.3,0.1,51,21.430581385149765,1.125474829235047,152.0,11,6,16,1
2024-10-20 13:00:00,14.4,16.1,0.0,3,18.34122127923615,0.46965258513084734,82.0,11,6,16,1
2024-10-20 14:00:00,14.1,18.9,0.5,53,13.42841347803018,0.27285814631324434,50.0,11,6,16,1
2024-10-20 15:00:00,13.9,20.6,0.3,51,7.130144177961114,0.14907083557072556,30.0,11,6,16,1
2024-10-20 16:00:00,13.9,22.1,0.0,3,0.193347382952183,0.06826201279676997,17.0,11,6,16,1
2024-10-20 17:00:00,13.9,21.8,0.0,3,-8.245710024567558,0.012235115568096373,8.0,11,6,16,0
2024-10-20 18:00:00,13.9,23.3,0.0,3,-16.421269766815442,0.0,0.0,11,6,16,0
2024-10-20 19:00:00,14.0,23.8,0.0,3,-24.397472968394695,0.0,0.0,11,6,16,0
2024-10-20 20:00:00,13.9,25.2,0.6,53,-31.723918693794474,0.0,0.0,11,6,16,0
2024-10-20 21:00:00,13.4,27.6,1.1,55,-37.832417259786126,0.0,0.0,11,6,16,0
2024-10-20 22:00:00,13.7,31.5,0.2,51,-42.044713514610976,0.0,0.0,11,6,16,0
2024-10-20 23:00:00,14.1,29.5,0.1,51,-43.715456109153905,0.0,0.0,11,6,16,0
2024-10-21 00:00:00,14.6,29.0,0.1,51,-42.53328463758399,0.0,0.0,11,6,16,0
2024-10-21 01:00:00,14.6,27.4,0.1,51,-38.72453424191434,0.0,0.0,11,6,16,0
2024-10-21 02:00:00,14.4,26.5,0.1,51,-32.9020352885498,0.0,0.0,11,6,16,0
2024-10-21 03:00:00,14.6,26.0,0.2,51,-25.75487590685499,0.0,0.0,11,6,16,0
2024-10-21 04:00:00,14.2,26.4,0.1,51,-17.873927659793623,0.0,0.0,11,6,16,0
2024-10-21 05:00:00,13.9,28.1,0.1,51,-9.729453616780475,0.0,0.0,11,6,16,0
2024-10-21 06:00:00,13.6,27.4,0.1,51,-1.6008329622768827,0.0,0.0,11,6,16,0
2024-10-21 07:00:00,13.3,28.4,0.0,3,5.801431335534701,0.0,0.0,11,6,16,1
2024-10-21 08:00:00,13.4,28.0,0.0,3,12.238239203720354,0.16985707238766093,18.0,11,6,16,1
2024-10-21 09:00:00,13.9,28.5,0.0,3,17.37105914189391,1.7240764537520552,103.0,11,6,16,1
2024-10-21 10:00:00,14.5,28.0,0.0,3,20.746331593239915,2.5870020469587085,189.0,11,6,16,1
2024-10-21 11:00:00,14.4,32.7,0.2,51,22.02775913618234,2.118371650353985,202.0,11,6,16,1
2024-10-21 12:00:00,14.6,26.7,0.1,51,21.073972280313896,2.472651652511863,235.0,11,6,16,1
2024-10-21 13:00:00,14.9,28.9,0.0,3,17.98983970786105,2.356270682947074,258.0,11,6,16,1
2024-10-21 14:00:00,13.9,25.0,0.0,3,13.087360258989122,0.8707389970233532,141.0,11,6,16,1
2024-10-21 15:00:00,13.9,23.1,0.0,3,6.803205032515905,0.7611558968706434,123.0,11,6,16,1
2024-10-21 16:00:00,13.6,25.1,0.0,2,-0.16676254535433088,0.4603539018899918,88.0,11,6,16,0
2024-10-21 17:00:00,12.9,21.8,0.0,3,-8.565119833696116,0.04477992236207269,23.0,11,6,16,0
2024-10-21 18:00:00,12.2,18.9,0.0,3,-16.739141073986588,0.0,0.0,11,6,16,0
2024-10-21 19:00:00,11.9,17.3,0.0,3,-24.72004013612309,0.0,0.0,11,6,16,0
2024-10-21 20:00:00,11.2,15.0,0.0,3,-32.056258230771306,0.0,0.0,11,6,16,0
2024-10-21 21:00:00,10.9,13.0,0.0,3,-38.17722351500262,0.0,0.0,11,6,16,0
2024-10-21 22:00:00,10.5,12.3,0.0,3,-42.39935083006333,0.0,0.0,11,6,16,0
2024-10-21 23:00:00,10.6,12.3,0.0,3,-44.07011967065279,0.0,0.0,11,6,16,0
2024-10-22 00:00:00,10.3,10.9,0.0,3,-42.874906199543744,0.0,0.0,11,6,15,0
2024-10-22 01:00:00,10.4,12.5,0.0,3,-39.044825367069734,0.0,0.0,11,6,15,0
2024-10-22 02:00:00,10.6,12.5,0.0,3,-33.200918045224284,0.0,0.0,11,6,15,0
2024-10-22 03:00:00,10.9,13.6,0.0,3,-26.037864446384106,0.0,0.0,11,6,15,0
2024-10-22 04:00:00,10.9,13.8,0.1,51,-18.14865030581913,0.0,0.0,11,6,15,0
2024-10-22 05:00:00,10.9,14.1,0.4,51,-10.004049795117893,0.0,0.0,11,6,15,0
2024-10-22 06:00:00,10.8,13.1,0.1,51,-1.9057778475795146,0.0,0.0,11,6,15,0
2024-10-22 07:00:00,10.6,12.8,0.0,2,5.515722538622953,0.0,0.0,11,6,15,1
2024-10-22 08:00:00,10.4,15.2,0.0,0,11.9318690075158,0.2609647307319498,16.0,11,6,15,1
2024-10-22 09:00:00,11.1,16.9,0.0,1,17.045938439290822,1.964601334897699,103.0,11,6,15,1
2024-10-22 10:00:00,12.2,20.8,0.0,1,20.40504490665373,3.006169550271298,201.0,11,6,15,1
2024-10-22 11:00:00,13.0,20.2,0.0,1,21.67629722028542,3.5185486379941717,273.0,11,6,15,1
2024-10-22 12:00:00,13.6,22.4,0.0,2,20.720473621898506,3.1690987211448967,285.0,11,6,15,1
2024-10-22 13:00:00,13.9,24.7,0.0,1,17.641875783855482,2.8335604505004914,288.0,11,6,15,1
2024-10-22 14:00:00,13.2,26.7,0.1,51,12.749960506766342,2.0568862294027785,237.0,11,6,15,1
2024-10-22 15:00:00,12.1,23.5,0.7,53,6.480332430180923,1.1288251395945976,159.0,11,6,15,1
2024-10-22 16:00:00,11.8,23.2,0.0,2,-0.6476648125517244,0.35949704939233557,80.0,11,6,15,0
2024-10-22 17:00:00,11.2,20.1,0.0,2,-8.880462100211247,0.04497830640158222,20.0,11,6,15,0
2024-10-22 18:00:00,11.0,20.5,0.1,51,-17.052970403899778,0.0,0.0,11,6,15,0
2024-10-22 19:00:00,10.6,20.8,0.0,0,-25.03855395457701,0.0,0.0,11,6,15,0
2024-10-22 20:00:00,10.3,20.3,0.0,0,-32.38462692741395,0.0,0.0,11,6,15,0
2024-10-22 21:00:00,10.1,19.9,0.0,0,-38.518297449747735,0.0,0.0,11,6,15,0
2024-10-22 22:00:00,9.9,19.5,0.0,0,-42.75066305847332,0.0,0.0,11,6,15,0
2024-10-22 23:00:00,9.9,19.3,0.0,1,-44.421947101111584,0.0,0.0,11,6,15,0
2024-10-23 00:00:00,9.9,18.8,0.0,0,-43.21414750766559,0.0,0.0,11,6,15,0
2024-10-23 01:00:00,9.7,18.5,0.0,2,-39.363139997668554,0.0,0.0,11,6,15,0
2024-10-23 02:00:00,9.8,18.4,0.0,1,-33.49819719199061,0.0,0.0,11,6,15,0
2024-10-23 03:00:00,9.6,17.2,0.0,2,-26.319575506548304,0.0,0.0,11,6,15,0
2024-10-23 04:00:00,9.6,16.3,0.0,3,-18.42233811846789,0.0,0.0,11,6,15,0
2024-10-23 05:00:00,9.8,17.9,0.0,3,-10.277709590575896,0.0,0.0,11,6,15,0
2024-10-23 06:00:00,9.3,18.4,0.0,0,-2.2038131006850676,0.0,0.0,11,6,15,0
2024-10-23 07:00:00,9.0,17.4,0.0,0,5.231471084218242,0.0,0.0,11,6,15,1
2024-10-23 08:00:00,9.6,17.8,0.0,1,11.626877300620535,0.3019494725046095,16.0,11,6,15,1
2024-10-23 09:00:00,10.6,19.3,0.0,0,16.722582160352673,1.7463623242008603,94.0,11,6,15,1
2024-10-23 10:00:00,12.0,21.1,0.0,3,20.066036162881986,3.097782262104206,200.0,11,6,15,1
2024-10-23 11:00:00,12.6,21.7,0.0,3,21.32763239434506,2.8532684028629594,247.0,11,6,15,1
2024-10-23 12:00:00,13.1,25.5,0.0,3,20.370202385387827,2.7418315938940525,275.0,11,6,15,1
2024-10-23 13:00:00,13.4,26.6,0.0,3,17.297450320195523,2.546589043168905,275.0,11,6,15,1
2024-10-23 14:00:00,12.9,22.9,0.0,3,12.416339918211762,1.666442607202026,220.0,11,6,15,1
2024-10-23 15:00:00,12.5,19.4,0.0,3,6.1616759232417735,0.7910557175282434,128.0,11,6,15,1
2024-10-23 16:00:00,12.0,17.8,0.0,3,-1.0446403241024456,0.41440642249314347,74.0,11,6,15,0
2024-10-23 17:00:00,11.4,17.3,0.0,3,-9.191623528288616,0.056697511924640266,15.0,11,6,15,0
2024-10-23 18:00:00,11.2,17.2,0.0,3,-17.362630350376136,0.0,0.0,11,6,15,0
2024-10-23 19:00:00,10.8,17.1,0.0,3,-25.3528838435722,0.0,0.0,11,6,15,0
2024-10-23 20:00:00,10.5,17.0,0.0,3,-32.708891857240616,0.0,0.0,11,6,15,0
2024-10-23 21:00:00,10.3,16.2,0.0,2,-38.85550684473526,0.0,0.0,11,6,15,0
2024-10-23 22:00:00,10.2,15.8,0.0,3,-43.09852596489674,0.0,0.0,11,6,15,0
2024-10-23 23:00:00,10.2,16.0,0.0,3,-44.770830945787765,0.0,0.0,11,6,15,0
2024-10-24 00:00:00,10.3,16.9,0.0,3,-43.5509219766634,0.0,0.0,11,6,15,0
2024-10-24 01:00:00,10.6,17.5,0.0,3,-39.679409933354606,0.0,0.0,11,6,15,0
2024-10-24 02:00:00,11.2,17.1,0.0,3,-33.793816568905726,0.0,0.0,11,6,15,0
2024-10-24 03:00:00,11.1,16.7,0.0,3,-26.599957872363802,0.0,0.0,11,6,15,0
2024-10-24 04:00:00,11.0,17.3,0.0,3,-18.694938939805652,0.0,0.0,11,6,15,0
2024-10-24 05:00:00,10.9,17.5,0.0,3,-10.5503785930469,0.0,0.0,11,6,15,0
2024-10-24 06:00:00,11.4,16.3,0.0,3,-2.49681325754473,0.0,0.0,11,6,15,0
2024-10-24 07:00:00,11.3,16.0,0.0,3,4.948446328357804,0.0,0.0,11,6,15,1
2024-10-24 08:00:00,11.4,16.2,0.0,3,11.323358935433063,0.012707641059150955,8.0,11,6,15,1
2024-10-24 09:00:00,12.1,17.7,0.0,2,16.401091787157654,0.25395417792687924,39.0,11,6,15,1
2024-10-24 10:00:00,12.5,16.1,0.0,2,19.72941366484551,1.35384788728659,127.0,11,6,15,1
2024-10-24 11:00:00,12.7,17.5,0.0,3,20.981877802999065,2.521043389572776,224.0,11,6,15,1
2024-10-24 12:00:00,13.0,16.3,0.0,3,20.023275452163062,1.9334470508073596,218.0,11,6,15,1
2024-10-24 13:00:00,13.2,13.0,0.0,3,16.956683703768093,1.2969237295280134,182.0,11,6,15,1
2024-10-24 14:00:00,12.6,12.2,0.0,3,12.086623557471441,1.0695567995023352,164.0,11,6,15,1
2024-10-24 15:00:00,12.6,12.8,0.0,3,5.847385909575962,0.6734503859800092,109.0,11,6,15,1
2024-10-24 16:00:00,12.3,11.6,0.0,2,-1.4051236843171466,0.40534695168370344,79.0,11,6,15,0
2024-10-24 17:00:00,10.5,12.1,0.0,0,-9.498490072821298,0.038983969669281936,20.0,11,6,15,0
2024-10-24 18:00:00,9.3,11.8,0.0,0,-17.66799467064486,0.0,0.0,11,6,15,0
2024-10-24 19:00:00,8.6,11.4,0.0,1,-25.662900336228347,0.0,0.0,11,6,15,0
2024-10-24 20:00:00,8.4,13.3,0.0,3,-33.02892088854006,0.0,0.0,11,6,15,0
2024-10-24 21:00:00,8.4,13.9,0.0,3,-39.188719747166914,0.0,0.0,11,6,15,0
2024-10-24 22:00:00,8.4,13.2,0.0,3,-43.44281503032255,0.0,0.0,11,6,15,0
2024-10-24 23:00:00,8.4,12.3,0.0,2,-45.116663176556244,0.0,0.0,11,6,15,0
2024-10-25 00:00:00,8.3,12.6,0.0,3,-43.885142414021715,0.0,0.0,11,6,15,0
2024-10-25 01:00:00,8.4,12.4,0.0,1,-39.99356632154212,0.0,0.0,11,6,15,0
2024-10-25 02:00:00,8.1,11.1,0.0,1,-34.08771918248942,0.0,0.0,11,6,15,0
2024-10-25 03:00:00,7.9,10.3,0.0,0,-26.878959236062116,0.0,0.0,11,6,15,0
2024-10-25 04:00:00,7.9,10.6,0.0,0,-18.966399258488963,0.0,0.0,11,6,15,0
2024-10-25 05:00:00,8.0,10.9,0.0,0,-10.822000478545945,0.0,0.0,11,6,15,0
2024-10-25 06:00:00,8.1,11.8,0.0,0,-2.7858987984902512,0.0,0.0,11,6,15,0
2024-10-25 07:00:00,8.1,11.7,0.0,1,4.667848565859217,0.0,0.0,11,6,15,1
2024-10-25 08:00:00,8.4,9.7,0.0,0,11.021410339435135,0.1837522237188593,12.0,11,6,15,1
2024-10-25 09:00:00,9.6,12.4,0.0,3,16.081569802132805,1.766242707976778,90.0,11,6,15,1
2024-10-25 10:00:00,10.4,13.0,0.0,3,19.395286314447816,0.5093594036348275,78.0,11,6,15,1
2024-10-25 11:00:00,10.8,11.2,0.0,3,20.639146809774758,0.3077196887638437,55.0,11,6,15,1
2024-10-25 12:00:00,10.9,9.4,0.1,51,19.679809556722887,0.1698499717387568,33.0,11,6,15,1
2024-10-25 13:00:00,11.6,12.2,0.0,3,16.619695832238193,0.38145353979042773,67.0,11,6,15,1
2024-10-25 14:00:00,11.6,10.8,0.0,3,11.760935779970609,0.30490158690696517,54.0,11,6,15,1
2024-10-25 15:00:00,11.6,9.5,0.1,51,5.5376143492929515,0.2151203019302862,40.0,11,6,15,1
2024-10-25 16:00:00,11.4,8.8,0.1,51,-1.7450725065641137,0.06921020148314708,17.0,11,6,15,0
2024-10-25 17:00:00,11.2,8.8,0.1,51,-9.80094738755868,0.0,5.0,11,6,15,0
2024-10-25 18:00:00,11.1,6.9,0.4,51,-17.968938402354894,0.0,0.0,11,6,15,0
2024-10-25 19:00:00,10.9,6.1,0.2,51,-25.96847519275977,0.0,0.0,11,6,15,0
2024-10-25 20:00:00,10.9,5.9,0.2,51,-33.34458279309064,0.0,0.0,11,6,15,0
2024-10-25 21:00:00,10.9,7.8,0.1,51,-39.517804556901694,0.0,0.0,11,6,15,0
2024-10-25 22:00:00,11.0,8.7,0.1,51,-43.78340549440492,0.0,0.0,11,6,15,0
2024-10-25 23:00:00,10.6,7.9,0.0,0,-45.45933518716768,0.0,0.0,11,6,15,0
2024-10-26 00:00:00,9.9,4.9,0.0,0,-44.21672098274286,0.0,0.0,11,6,15,0
2024-10-26 01:00:00,8.8,6.0,0.0,1,-40.30553960271695,0.0,0.0,11,6,15,0
2024-10-26 02:00:00,9.6,6.2,0.0,3,-34.379847144607396,0.0,0.0,11,6,15,0
2024-10-26 03:00:00,9.9,5.6,0.0,3,-27.15652613879844,0.0,0.0,11,6,15,0
2024-10-26 04:00:00,9.9,4.3,0.0,3,-19.23666416240924,0.0,0.0,11,6,15,0
2024-10-26 05:00:00,9.9,4.5,0.0,3,-11.092517026198777,0.0,0.0,11,6,15,0
2024-10-26 06:00:00,10.2,6.6,0.0,3,-3.0717683862044396,0.0,0.0,11,6,15,0
2024-10-26 07:00:00,10.4,8.2,0.0,3,4.38925379893918,0.0,0.0,11,6,15,1
2024-10-26 08:00:00,10.4,8.7,0.0,3,10.721129517741801,0.0,5.0,11,6,15,1
2024-10-26 09:00:00,10.4,8.4,0.0,3,15.76411966017504,0.31027215458390056,43.0,11,6,15,1
2024-10-26 10:00:00,10.8,9.4,0.0,3,19.063763574103007,1.0260516652829512,103.0,11,6,15,1
2024-10-26 11:00:00,11.7,9.5,0.0,1,20.29955295061592,2.320643788132028,203.0,11,6,15,1
2024-10-26 12:00:00,12.3,9.4,0.0,1,19.339921231839256,2.821095129926707,257.0,11,6,15,1
2024-10-26 13:00:00,12.9,11.4,0.0,3,16.2866060487555,2.0941487112756065,231.0,11,6,15,1
2024-10-26 14:00:00,13.6,9.4,0.0,3,11.439400152735459,1.4894969929734136,192.0,11,6,15,1
2024-10-26 15:00:00,13.6,7.1,0.0,1,5.2325165504119155,0.8593274071494105,129.0,11,6,15,1
2024-10-26 16:00:00,13.4,5.5,0.0,0,-2.071313166180218,0.31335995773375674,62.0,11,6,15,0
2024-10-26 17:00:00,11.8,7.9,0.0,1,-10.098881203806968,0.019447235125582208,14.0,11,6,15,0
2024-10-26 18:00:00,11.1,11.0,0.0,0,-18.265337981451097,0.0,0.0,11,6,15,0
2024-10-26 19:00:00,10.5,13.7,0.0,3,-26.26948151694367,0.0,0.0,11,6,15,0
2024-10-26 20:00:00,10.0,13.9,0.0,3,-33.65574735877409,0.0,0.0,11,6,15,0
2024-10-26 21:00:00,9.9,15.0,0.0,3,-39.842630117444514,0.0,0.0,11,6,15,0
2024-10-26 22:00:00,10.1,14.7,0.0,3,-44.12017240256759,0.0,0.0,11,6,15,0
2024-10-26 23:00:00,11.1,16.1,0.0,3,-45.79873779101126,0.0,0.0,11,6,15,0
2024-10-27 00:00:00,12.0,17.4,0.0,3,-44.54556916498444,0.0,0.0,11,6,15,0
2024-10-27 01:00:00,12.0,19.9,0.0,3,-40.61525945621989,0.0,0.0,11,6,15,0
2024-10-27 02:00:00,12.2,20.4,0.0,3,-34.67014161226015,0.0,0.0,11,6,15,0
2024-10-27 03:00:00,12.5,20.9,0.2,51,-27.432603913940966,0.0,0.0,11,6,15,0
2024-10-27 04:00:00,12.9,20.2,0.4,51,-19.50567729345535,0.0,0.0,11,6,15,0
2024-10-27 05:00:00,12.9,18.2,1.7,61,-11.361868130339417,0.0,0.0,11,6,15,0
2024-10-27 06:00:00,12.5,14.1,0.9,53,-3.3548693467752457,0.0,0.0,11,6,15,0
2024-10-27 07:00:00,11.9,16.0,1.0,55,4.112748381117584,0.0,0.0,11,6,15,1
2024-10-27 08:00:00,11.2,14.3,1.9,61,10.422616052853797,0.0,1.0,11,6,15,1
2024-10-27 09:00:00,11.1,12.7,1.0,55,15.448845757906213,0.019053408710354422,9.0,11,6,15,1
2024-10-27 10:00:00,11.0,16.6,0.4,51,18.734955425795192,0.08827924979579273,20.0,11,6,15,1
2024-10-27 11:00:00,11.1,21.0,0.3,51,19.9632098852114,0.3391000561720744,60.0,11,6,15,1
2024-10-27 12:00:00,10.9,20.5,0.3,51,19.003726751675458,0.24537568449791622,45.0,11,6,15,1
2024-10-27 13:00:00,11.2,22.0,0.1,51,15.957533074571202,2.317606277967861,237.0,11,6,15,1
2024-10-27 14:00:00,10.9,23.8,0.1,51,11.122139370826972,2.270410077097166,242.0,11,6,15,1
2024-10-27 15:00:00,10.7,23.0,0.0,1,4.931912052335946,1.3383816518294438,179.0,11,6,15,1
2024-10-27 16:00:00,10.1,21.4,0.0,0,-2.387217884429333,0.4002736878934417,93.0,11,6,15,0
2024-10-27 17:00:00,9.2,20.9,0.0,1,-10.392177655752846,0.013914536459593518,15.0,11,6,15,0
2024-10-27 18:00:00,9.0,19.9,0.0,1,-18.55707136083143,0.0,0.0,11,6,15,0
2024-10-27 19:00:00,8.9,18.5,0.0,1,-26.565793875037727,0.0,0.0,11,6,15,0
2024-10-27 20:00:00,8.8,18.3,0.0,2,-33.96228550594161,0.0,0.0,11,6,15,0
2024-10-27 21:00:00,8.7,15.0,0.0,3,-40.16306581179231,0.0,0.0,11,6,15,0
2024-10-27 22:00:00,8.4,12.1,0.0,3,-44.45299065770837,0.0,0.0,11,6,15,0
2024-10-27 23:00:00,8.3,13.6,0.0,3,-46.13476122166739,0.0,0.0,11,6,15,0
2024-10-28 00:00:00,8.2,14.9,0.0,3,-44.871597726883294,0.0,0.0,11,6,15,0
2024-10-28 01:00:00,8.7,15.0,0.0,3,-40.92265474678709,0.0,0.0,11,6,15,0
2024-10-28 02:00:00,9.4,16.3,0.0,3,-34.958542728542625,0.0,0.0,11,6,15,0
2024-10-28 03:00:00,9.7,16.6,0.0,3,-27.7071366322307,0.0,0.0,11,6,15,0
2024-10-28 04:00:00,9.9,14.8,0.0,3,-19.773380804651083,0.0,0.0,11,6,15,0
2024-10-28 05:00:00,9.9,12.6,0.0,3,-11.629991809205748,0.0,0.0,11,6,15,0
2024-10-28 06:00:00,9.9,12.7,0.0,3,-3.635491377048382,0.0,0.0,11,6,15,0
2024-10-28 07:00:00,9.7,12.2,0.0,3,3.838450343066853,0.0,0.0,11,6,15,1
2024-10-28 08:00:00,9.7,15.5,0.0,3,10.125971101193926,0.0,2.0,11,6,15,1
2024-10-28 09:00:00,9.9,14.4,0.1,51,15.135853399959984,0.06353882280763841,16.0,11,6,15,1
2024-10-28 10:00:00,10.2,12.3,0.1,51,18.40897232760483,0.3524143903059328,62.0,11,6,15,1
2024-10-28 11:00:00,10.4,12.3,0.0,3,19.6302313461168,0.2895241782111015,52.0,11,6,15,1
2024-10-28 12:00:00,10.6,9.7,0.0,3,18.67134207290961,0.44710552636935885,76.0,11,6,15,1
2024-10-28 13:00:00,11.0,7.8,0.0,3,15.632594939586127,0.6520544708498703,100.0,11,6,15,1
2024-10-28 14:00:00,10.2,8.7,0.3,51,10.809275169616384,0.1389504737273338,28.0,11,6,15,1
2024-10-28 15:00:00,10.2,9.9,0.1,51,4.637034516096492,0.13897315382657907,28.0,11,6,15,1
2024-10-28 16:00:00,10.4,7.1,0.0,3,-2.6946153446811536,0.10735713946476172,23.0,11,6,15,0
2024-10-28 17:00:00,10.6,6.4,0.0,3,-10.680723564309858,0.0,3.0,11,6,15,0
2024-10-28 18:00:00,10.9,6.3,0.0,3,-18.84401812962534,0.0,0.0,11,6,15,0
2024-10-28 19:00:00,10.6,6.0,0.0,3,-26.857288416904197,0.0,0.0,11,6,15,0
2024-10-28 20:00:00,10.4,6.7,0.0,3,-34.26406940735393,0.0,0.0,11,6,15,0
2024-10-28 21:00:00,10.0,7.2,0.0,2,-40.47898166312905,0.0,0.0,11,6,15,0
2024-10-28 22:00:00,9.5,6.8,0.0,3,-44.78173507669351,0.0,0.0,11,6,15,0
2024-10-28 23:00:00,9.4,6.1,0.0,3,-46.46729513653568,0.0,0.0,11,6,15,0
2024-10-29 00:00:00,9.4,5.3,0.0,3,-45.19471668483098,0.0,0.0,11,6,15,0
2024-10-29 01:00:00,9.2,5.6,0.0,3,-41.22765347211964,0.0,0.0,11,6,15,0
2024-10-29 02:00:00,8.8,4.3,0.0,3,-35.244989565070455,0.0,0.0,11,6,15,0
2024-10-29 03:00:00,9.0,4.1,0.0,3,-27.980067049075416,0.0,0.0,11,6,15,0
2024-10-29 04:00:00,8.9,4.1,0.0,3,-20.039715319933777,0.0,0.0,11,6,15,0
2024-10-29 05:00:00,9.3,5.1,0.0,3,-11.896824211490781,0.0,0.0,11,6,15,0
2024-10-29 06:00:00,9.4,5.8,0.0,3,-3.913820998400965,0.0,0.0,11,6,15,0
2024-10-29 07:00:00,9.5,5.7,0.0,3,3.566507726393226,0.0,0.0,11,6,15,1
2024-10-29 08:00:00,9.5,5.4,0.0,3,9.831297385903767,0.0,2.0,11,6,15,1
2024-10-29 09:00:00,10.0,6.7,0.0,3,14.825248762176798,0.12645765820099136,26.0,11,6,15,1
2024-10-29 10:00:00,10.6,6.0,0.0,3,18.085925167665025,0.3138245834661687,56.0,11,6,15,1
2024-10-29 11:00:00,11.1,6.0,0.0,3,19.300731085676233,0.5263462963161515,85.0,11,6,15,1
2024-10-29 12:00:00,11.6,8.0,0.0,3,18.34288277390472,0.646300118513048,103.0,11,6,15,1
2024-10-29 13:00:00,12.1,9.8,0.0,3,15.311908910905316,0.6374042090369015,101.0,11,6,15,1
2024-10-29 14:00:00,11.6,10.1,0.0,3,10.500928232601566,0.33149919307997466,59.0,11,6,15,1
2024-10-29 15:00:00,11.6,9.3,0.0,3,4.347465941057152,0.20678177162342798,39.0,11,6,15,1
2024-10-29 16:00:00,11.7,12.7,0.1,51,-2.9945599569145145,0.05030016296821623,14.0,11,6,15,0
2024-10-29 17:00:00,11.7,13.8,0.1,51,-10.964406688389857,0.0,1.0,11,6,15,0
2024-10-29 18:00:00,11.4,14.6,0.0,3,-19.126059632944177,0.0,0.0,11,6,15,0
2024-10-29 19:00:00,11.1,15.7,0.0,2,-27.14384299907887,0.0,0.0,11,6,15,0
2024-10-29 20:00:00,10.7,16.5,0.0,3,-34.56097261149783,0.0,0.0,11,6,15,0
2024-10-29 21:00:00,10.9,17.9,0.0,3,-40.79024844035436,0.0,0.0,11,6,15,0
2024-10-29 22:00:00,10.7,18.6,0.0,3,-45.106280451848505,0.0,0.0,11,6,15,0
2024-10-29 23:00:00,10.5,19.9,0.0,3,-46.79622862383957,0.0,0.0,11,6,15,0
2024-10-30 00:00:00,10.9,20.4,0.0,2,-45.51483527350277,0.0,0.0,11,6,15,0
2024-10-30 01:00:00,10.7,22.7,0.0,1,-41.53018271178229,0.0,0.0,11,6,15,0
2024-10-30 02:00:00,10.6,22.6,0.0,3,-35.529420066152255,0.0,0.0,11,6,15,0
2024-10-30 03:00:00,11.1,24.8,0.0,3,-28.25133655426268,0.0,0.0,11,6,15,0
2024-10-30 04:00:00,10.6,26.3,0.0,3,-20.30461989684305,0.0,0.0,11,6,15,0
2024-10-30 05:00:00,10.6,26.1,0.0,3,-12.162299621807406,0.0,0.0,11,6,15,0
2024-10-30 06:00:00,10.6,28.0,0.0,3,-4.189974689602721,0.0,0.0,11,6,15,0
2024-10-30 07:00:00,10.3,27.0,0.0,3,3.297096762726582,0.0,0.0,11,6,15,1
2024-10-30 08:00:00,10.4,27.2,0.0,3,9.538699185287456,0.0,4.0,11,6,15,1
2024-10-30 09:00:00,10.6,28.1,0.0,3,14.51713885157939,0.8690846747060025,60.0,11,6,15,1
2024-10-30 10:00:00,10.9,30.2,0.0,3,17.76592521549965,1.8081404342606215,140.0,11,6,15,1
2024-10-30 11:00:00,11.4,32.1,0.0,3,18.974822820749026,1.7826889441403138,181.0,11,6,15,1
2024-10-30 12:00:00,11.9,32.4,0.0,3,18.01846399196002,2.065326037478615,217.0,11,6,15,1
2024-10-30 13:00:00,12.0,30.9,0.0,3,14.995591419437233,1.7585240444368497,206.0,11,6,15,1
2024-10-30 14:00:00,11.8,29.0,0.0,3,10.197218094431165,1.7907566690220493,209.0,11,6,15,1
2024-10-30 15:00:00,11.4,26.2,0.0,3,4.063301836810254,1.0388881545047404,148.0,11,6,15,1
2024-10-30 16:00:00,10.8,25.3,0.0,3,-3.287683226406557,0.33832055061837074,73.0,11,6,15,0
2024-10-30 17:00:00,10.6,26.2,0.0,1,-11.24311595031962,0.00047369011491002277,8.0,11,6,15,0
2024-10-30 18:00:00,10.9,24.8,0.0,3,-19.403079091881736,0.0,0.0,11,6,15,0
2024-10-30 19:00:00,10.6,24.7,0.0,3,-27.42533730948901,0.0,0.0,11,6,15,0
2024-10-30 20:00:00,10.3,22.7,0.0,3,-34.852870169063095,0.0,0.0,11,6,15,0
2024-10-30 21:00:00,10.3,21.3,0.0,3,-41.09673776839679,0.0,0.0,11,6,15,0
2024-10-30 22:00:00,10.1,21.3,0.1,51,-45.426501617631914,0.0,0.0,11,6,15,0
2024-10-30 23:00:00,10.2,21.2,0.1,51,-47.12145021332557,0.0,0.0,11,6,15,0
2024-10-31 00:00:00,10.3,20.8,0.1,51,-45.83186191595499,0.0,0.0,11,6,15,0
2024-10-31 01:00:00,10.2,19.8,0.0,3,-41.83016857771892,0.0,0.0,11,6,15,0
2024-10-31 02:00:00,9.6,19.8,0.0,3,-35.81177099499983,0.0,0.0,11,6,15,0
2024-10-31 03:00:00,10.1,18.8,0.0,3,-28.520885124353583,0.0,0.0,11,6,15,0
2024-10-31 04:00:00,10.7,19.6,0.0,3,-20.568031992357376,0.0,0.0,11,6,15,0
2024-10-31 05:00:00,11.3,22.5,0.0,3,-12.426350465974409,0.0,0.0,11,6,15,0
2024-10-31 06:00:00,11.3,23.4,0.0,3,-4.464019843157786,0.0,0.0,11,6,15,0
2024-10-31 07:00:00,11.4,24.0,0.0,3,3.030419902917842,0.0,0.0,11,6,15,1
2024-10-31 08:00:00,11.5,24.0,0.0,3,9.248282316135004,0.0,1.0,11,6,15,1
2024-10-31 09:00:00,12.1,26.7,0.0,3,14.211631463016587,0.08153693386460834,19.0,11,6,15,1
2024-10-31 10:00:00,12.7,29.3,0.0,3,17.449084070707357,0.2560879734942553,47.0,11,6,15,1
2024-10-31 11:00:00,12.7,31.0,0.0,3,18.652620175244166,0.44763695031949735,74.0,11,6,15,1
2024-10-31 12:00:00,12.6,27.7,0.0,3,17.698200358702024,0.48650171587499813,84.0,11,6,15,1
2024-10-31 13:00:00,12.8,28.4,0.0,3,14.683757984611844,0.5366408487907268,91.0,11,6,15,1
2024-10-31 14:00:00,12.9,28.8,0.0,3,9.898263038782929,0.8067559449397022,116.0,11,6,15,1
2024-10-31 15:00:00,12.7,30.0,0.0,3,3.7846683023655032,0.5989405509638601,94.0,11,6,15,1
2024-10-31 16:00:00,12.4,29.9,0.0,3,-3.5743701193325705,0.06889086336318909,17.0,11,6,15,0
2024-10-31 17:00:00,12.3,29.9,0.0,3,-11.516741640488192,0.0,2.0,11,6,15,0
2024-10-31 18:00:00,12.2,30.5,0.0,3,-19.674961723557786,0.0,0.0,11,6,15,0
2024-10-31 19:00:00,12.3,30.6,0.0,3,-27.701652993531866,0.0,0.0,11,6,15,0
2024-10-31 20:00:00,12.2,29.7,0.0,3,-35.13963876231787,0.0,0.0,11,6,15,0
2024-10-31 21:00:00,12.3,30.0,0.0,3,-41.398322243251044,0.0,0.0,11,6,15,0
2024-10-31 22:00:00,11.9,30.6,0.0,3,-45.742273522678204,0.0,0.0,11,6,15,0
2024-10-31 23:00:00,11.9,30.5,0.0,3,-47.44284789096059,0.0,0.0,11,6,15,0
2024-11-01 00:00:00,12.1,30.7,0.0,3,-46.14570419610607,0.0,0.0,11,6,15,0
2024-11-01 01:00:00,12.4,31.5,0.0,3,-42.127536166697126,0.0,0.0,11,6,15,0
2024-11-01 02:00:00,12.6,32.7,0.0,3,-36.091977882273255,0.0,0.0,11,6,15,0
2024-11-01 03:00:00,12.9,34.2,0.0,3,-28.788651278038515,0.0,0.0,11,6,15,0
2024-11-01 04:00:00,13.4,36.9,0.0,3,-20.829887432139714,0.0,0.0,11,6,15,0
2024-11-01 05:00:00,13.5,36.3,0.0,3,-12.688907316892553,0.0,0.0,11,6,15,0
2024-11-01 06:00:00,13.6,35.5,0.1,51,-4.735988466855687,0.0,0.0,11,6,15,0
2024-11-01 07:00:00,13.9,36.4,0.0,3,2.7667037022657155,0.0,0.0,11,6,15,1
2024-11-01 08:00:00,14.0,36.7,0.0,3,8.96015411104733,0.0,2.0,11,6,15,1
2024-11-01 09:00:00,13.6,35.8,0.2,51,13.908835132347804,0.03724440508397326,12.0,11,6,15,1
2024-11-01 10:00:00,13.3,33.1,0.0,1,17.135513608948628,0.6737432311933618,73.0,11,6,15,1
2024-11-01 11:00:00,12.9,32.6,0.0,3,18.334236620479217,2.602646355830438,200.0,11,6,15,1
2024-11-01 12:00:00,12.1,32.2,0.0,3,17.382205933659307,0.7442215342689146,115.0,11,6,15,1
2024-11-01 13:00:00,11.8,32.3,0.0,3,14.376523137265764,0.9351270288151226,134.0,11,6,15,1
2024-11-01 14:00:00,10.9,31.6,0.1,51,9.604179990720354,0.163884060347061,32.0,11,6,15,1
2024-11-01 15:00:00,10.5,33.8,0.0,3,3.5117162962464903,0.3240436122782549,54.0,11,6,15,1
2024-11-01 16:00:00,9.4,32.1,0.0,2,-3.854854343565421,0.30052768936849156,61.0,11,6,15,0
2024-11-01 17:00:00,8.4,28.7,0.0,0,-11.78517560510133,0.0,7.0,11,6,15,0
2024-11-01 18:00:00,8.2,25.0,0.0,0,-19.94159486095043,0.0,0.0,11,6,15,0
2024-11-01 19:00:00,7.7,21.7,0.0,0,-27.972673781177363,0.0,0.0,11,6,15,0
2024-11-01 20:00:00,7.5,20.3,0.0,0,-35.42115683711624,0.0,0.0,11,6,15,0
2024-11-01 21:00:00,7.2,18.6,0.0,0,-41.69487555162672,0.0,0.0,11,6,15,0
2024-11-01 22:00:00,6.9,17.0,0.0,0,-46.05347130736709,0.0,0.0,11,6,15,0
2024-11-01 23:00:00,6.7,15.5,0.0,0,-47.76030911796332,0.0,0.0,11,6,15,0
2024-11-02 00:00:00,6.2,13.5,0.0,0,-46.45626883393649,0.0,0.0,11,6,15,0
2024-11-02 01:00:00,5.8,11.5,0.0,0,-42.422209514994876,0.0,0.0,11,6,15,0
2024-11-02 02:00:00,5.0,9.1,0.0,0,-36.369974977248376,0.0,0.0,11,6,15,0
2024-11-02 03:00:00,4.6,8.1,0.0,0,-29.054572034716628,0.0,0.0,11,6,15,0
2024-11-02 04:00:00,4.3,6.8,0.0,0,-21.090120383419062,0.0,0.0,11,6,15,0
2024-11-02 05:00:00,3.4,7.3,0.0,0,-12.949898901683142,0.0,0.0,11,6,15,0
2024-11-02 06:00:00,3.2,6.7,0.0,3,-5.0058864035550386,0.0,0.0,11,6,15,0
2024-11-02 07:00:00,3.3,6.0,0.0,2,2.506196568775522,0.0,0.0,11,6,15,1
2024-11-02 08:00:00,3.5,4.6,0.0,3,8.674423388718282,0.0,3.0,11,6,15,1
2024-11-02 09:00:00,5.3,7.5,0.0,3,13.608859086031444,0.5597936017606117,51.0,11,6,15,1
2024-11-02 10:00:00,6.1,8.0,0.0,3,16.825325925209356,1.2585844388884053,118.0,11,6,15,1
2024-11-02 11:00:00,6.8,8.5,0.0,3,18.019785413381058,1.8374857833894382,178.0,11,6,15,1
2024-11-02 12:00:00,7.3,9.5,0.0,3,17.070594136075457,2.746499386117421,243.0,11,6,15,1
2024-11-02 13:00:00,7.5,10.5,0.0,3,14.074000340774546,2.5644290099896083,247.0,11,6,15,1
2024-11-02 14:00:00,7.4,11.2,0.0,3,9.31508440316587,2.246309087705705,229.0,11,6,15,1
2024-11-02 15:00:00,7.1,12.0,0.0,3,3.2446160887499786,1.246704682720624,159.0,11,6,15,1
2024-11-02 16:00:00,6.4,10.8,0.0,3,-4.129272961379712,0.2996187537090987,61.0,11,6,15,0
2024-11-02 17:00:00,5.8,10.7,0.0,3,-12.048311420008005,0.0,5.0,11,6,15,0
2024-11-02 18:00:00,6.4,11.8,0.0,3,-20.202868072256337,0.0,0.0,11,6,15,0
2024-11-02 19:00:00,6.9,13.7,0.0,3,-28.2382856147577,0.0,0.0,11,6,15,0
2024-11-02 20:00:00,7.2,15.4,0.0,3,-35.69730473723544,0.0,0.0,11,6,15,0
2024-11-02 21:00:00,6.7,14.9,0.0,3,-41.986272595090895,0.0,0.0,11,6,15,0
2024-11-02 22:00:00,7.1,15.5,0.0,3,-46.35997038708004,0.0,0.0,11,6,15,0
2024-11-02 23:00:00,7.4,15.2,0.0,3,-48.073720854487675,0.0,0.0,11,6,15,0
2024-11-03 00:00:00,8.3,17.5,0.0,3,-46.76346166374529,0.0,0.0,11,6,15,0
2024-11-03 01:00:00,8.6,19.7,0.0,3,-42.71411155564229,0.0,0.0,11,6,15,0
2024-11-03 02:00:00,8.2,19.8,0.0,3,-36.64569520189973,0.0,0.0,11,6,15,0
2024-11-03 03:00:00,8.8,20.9,0.0,3,-29.318582876552767,0.0,0.0,11,6,15,0
2024-11-03 04:00:00,9.6,24.1,0.0,3,-21.34866333174712,0.0,0.0,11,6,15,0
2024-11-03 05:00:00,10.1,26.4,0.0,3,-13.209252110658952,0.0,0.0,11,6,15,0
2024-11-03 06:00:00,10.4,24.5,0.0,3,-5.273699694281902,0.0,0.0,11,6,15,0
2024-11-03 07:00:00,10.8,24.7,0.0,3,2.2491663826424144,0.0,0.0,11,6,15,1
2024-11-03 08:00:00,10.9,25.7,0.0,3,8.391200416007294,0.0,1.0,11,6,15,1
2024-11-03 09:00:00,11.0,24.7,0.0,3,13.311813187008994,0.7284828976907384,45.0,11,6,15,1
2024-11-03 10:00:00,11.4,25.2,0.1,51,16.51863327431404,0.11952567272817831,25.0,11,6,15,1
2024-11-03 11:00:00,12.0,25.9,0.0,2,17.709379532539046,1.224046694337246,133.0,11,6,15,1
2024-11-03 12:00:00,12.4,26.7,0.0,2,16.76347767501852,2.430938970502003,214.0,11,6,15,1
2024-11-03 13:00:00,12.6,31.2,0.0,3,13.776301910494212,2.513459834266192,233.0,11,6,15,1
2024-11-03 14:00:00,12.2,27.0,0.0,3,9.031090137153399,1.234685183522964,149.0,11,6,15,1
2024-11-03 15:00:00,11.9,27.0,0.0,3,2.983551931863488,0.47056097309471434,78.0,11,6,15,1
2024-11-03 16:00:00,11.4,27.0,0.0,3,-4.397699257345096,0.24060542281437464,48.0,11,6,15,0
2024-11-03 17:00:00,11.3,28.0,0.0,3,-12.306044552867291,0.0,2.0,11,6,15,0
2024-11-03 18:00:00,11.4,29.5,0.0,2,-20.458673279500374,0.0,0.0,11,6,15,0
2024-11-03 19:00:00,11.1,27.5,0.0,2,-28.498376777091863,0.0,0.0,11,6,15,0
2024-11-03 20:00:00,10.9,25.1,0.0,2,-35.96796484070593,0.0,0.0,11,6,15,0
2024-11-03 21:00:00,10.8,22.5,0.0,1,-42.27238961854147,0.0,0.0,11,6,15,0
2024-11-03 22:00:00,10.6,19.2,0.0,0,-46.66164654125882,0.0,0.0,11,6,15,0
2024-11-03 23:00:00,10.2,15.0,0.0,0,-48.38296958828448,0.0,0.0,11,6,15,0
2024-11-04 00:00:00,9.8,12.1,0.0,0,-47.067187615820814,0.0,0.0,11,6,15,0
2024-11-04 01:00:00,9.2,9.9,0.0,0,-43.00316407853978,0.0,0.0,11,6,15,0
2024-11-04 02:00:00,8.4,6.3,0.0,0,-36.91907010819047,0.0,0.0,11,6,15,0
2024-11-04 03:00:00,7.2,6.4,0.0,0,-29.58061771427748,0.0,0.0,11,6,15,0
2024-11-04 04:00:00,6.4,8.1,0.0,0,-21.605447061834354,0.0,0.0,11,6,15,0
2024-11-04 05:00:00,6.1,9.0,0.0,3,-13.466892008634929,0.0,0.0,11,6,15,0
2024-11-04 06:00:00,7.9,3.2,0.0,3,-5.539399070078332,0.0,0.0,11,6,15,0
2024-11-04 07:00:00,6.7,2.2,0.0,3,1.9958979962953975,0.0,0.0,11,6,15,1
2024-11-04 08:00:00,6.9,3.6,0.0,3,8.110596860540412,0.0,1.0,11,6,15,1
2024-11-04 09:00:00,7.3,5.4,0.0,3,13.017807876735375,0.12810664765961963,26.0,11,6,15,1
2024-11-04 10:00:00,7.9,6.4,0.0,3,16.215548008660974,0.34896818494728565,61.0,11,6,15,1
2024-11-04 11:00:00,8.7,7.8,0.0,3,17.40313161215144,0.5858216655858731,99.0,11,6,15,1
2024-11-04 12:00:00,9.6,8.8,0.0,3,16.460968477849462,0.7205122488140354,121.0,11,6,15,1
2024-11-04 13:00:00,10.8,10.3,0.0,3,13.483538931608692,0.8002715949701033,121.0,11,6,15,1
2024-11-04 14:00:00,10.8,10.9,0.0,3,8.752309335584016,0.6390259888852273,101.0,11,6,15,1
2024-11-04 15:00:00,10.9,8.6,0.0,3,2.7287169798571114,0.3042049644362057,54.0,11,6,15,1
2024-11-04 16:00:00,10.6,9.0,0.0,3,-4.660163348596399,0.1265038939267609,27.0,11,6,15,0
2024-11-04 17:00:00,10.1,9.6,0.0,3,-12.558272515398514,0.0,2.0,11,6,15,0
2024-11-04 18:00:00,10.0,10.3,0.0,3,-20.708904876100192,0.0,0.0,11,6,15,0
2024-11-04 19:00:00,9.9,10.8,0.0,3,-28.75283801956715,0.0,0.0,11,6,15,0
2024-11-04 20:00:00,9.8,12.7,0.0,3,-36.23302169778549,0.0,0.0,11,6,15,0
2024-11-04 21:00:00,9.7,13.1,0.0,3,-42.55310434281361,0.0,0.0,11,6,15,0
2024-11-04 22:00:00,9.6,12.6,0.0,3,-46.95837600839019,0.0,0.0,11,6,15,0
2024-11-04 23:00:00,9.4,10.8,0.0,2,-48.68794136867234,0.0,0.0,11,6,15,0
2024-11-05 00:00:00,9.0,10.2,0.0,2,-47.36735070186498,0.0,0.0,11,6,15,0
2024-11-05 01:00:00,8.8,9.7,0.0,3,-43.28928769377825,0.0,0.0,11,6,15,0
2024-11-05 02:00:00,8.8,8.7,0.0,3,-37.19002983885062,0.0,0.0,11,6,15,0
2024-11-05 03:00:00,9.0,9.4,0.0,3,-29.840608856962632,0.0,0.0,11,6,15,0
2024-11-05 04:00:00,9.1,8.7,0.0,3,-21.86040064268343,0.0,0.0,11,6,15,0
2024-11-05 05:00:00,9.1,8.1,0.0,3,-13.722741849011186,0.0,0.0,11,6,15,0
2024-11-05 06:00:00,9.1,8.4,0.0,3,-5.80294318839438,0.0,0.0,11,6,15,0
2024-11-05 07:00:00,9.1,8.5,0.0,3,1.7466906255404524,0.0,0.0,11,6,15,1
2024-11-05 08:00:00,9.3,8.7,0.0,3,7.832725732614776,0.0,0.0,11,6,15,1
2024-11-05 09:00:00,9.6,9.8,0.0,3,12.726954113243323,0.0699473837101114,17.0,11,6,15,1
2024-11-05 10:00:00,9.9,9.3,0.0,3,15.91618251317071,0.22721133981447214,42.0,11,6,15,1
2024-11-05 11:00:00,10.1,8.9,0.0,3,17.101153873877266,0.2896907095026314,52.0,11,6,15,1
2024-11-05 12:00:00,10.4,7.9,0.0,3,16.163177617122912,0.3642107295836807,64.0,11,6,15,1
2024-11-05 13:00:00,10.9,7.1,0.0,3,13.195821175460964,0.4582302674894012,78.0,11,6,15,1
2024-11-05 14:00:00,9.9,8.2,0.0,3,8.478852290332568,0.3264536363808126,56.0,11,6,15,1
2024-11-05 15:00:00,9.8,6.9,0.0,3,2.4803084908705273,0.19892413574237072,37.0,11,6,15,1
2024-11-05 16:00:00,9.5,4.6,0.0,3,-4.916665571371723,0.0762611347153459,18.0,11,6,15,0
2024-11-05 17:00:00,9.0,3.0,0.0,3,-12.80489500704033,0.0,1.0,11,6,15,0
2024-11-05 18:00:00,8.9,3.9,0.0,3,-20.953459843088567,0.0,0.0,11,6,15,0
2024-11-05 19:00:00,8.8,4.1,0.0,3,-29.00156268979589,0.0,0.0,11,6,15,0
2024-11-05 20:00:00,8.9,4.5,0.0,3,-36.492362170197595,0.0,0.0,11,6,15,0
2024-11-05 21:00:00,8.9,4.8,0.0,3,-42.82829610119376,0.0,0.0,11,6,15,0
2024-11-05 22:00:00,8.9,4.7,0.0,3,-47.25003558697941,0.0,0.0,11,6,15,0
2024-11-05 23:00:00,8.9,5.0,0.0,3,-48.98852184612886,0.0,0.0,11,6,15,0
2024-11-06 00:00:00,8.8,5.2,0.0,3,-47.663854004548966,0.0,0.0,11,6,15,0
2024-11-06 01:00:00,8.7,5.0,0.0,3,-43.57240179847753,0.0,0.0,11,6,15,0
2024-11-06 02:00:00,7.9,3.8,0.0,3,-37.45850309192676,0.0,0.0,11,6,15,0
2024-11-06 03:00:00,8.1,5.5,0.0,3,-30.098486986011395,0.0,0.0,11,6,15,0
2024-11-06 04:00:00,8.0,5.3,0.0,3,-22.113451417203592,0.0,0.0,11,6,15,0
2024-11-06 05:00:00,7.9,4.4,0.0,3,-13.97672309100382,0.0,0.0,11,6,15,0
2024-11-06 06:00:00,8.0,4.2,0.0,3,-6.06428100914961,0.0,0.0,11,6,15,0
2024-11-06 07:00:00,8.0,5.5,0.0,3,1.5018551435043577,0.0,0.0,11,6,15,1
2024-11-06 08:00:00,7.9,6.1,0.0,3,7.557701315422136,0.0,0.0,11,6,15,1
2024-11-06 09:00:00,8.1,8.8,0.0,3,12.439363305097629,0.04512937227696437,13.0,11,6,15,1
2024-11-06 10:00:00,8.2,10.3,0.0,3,15.620649137435535,0.18466282063034292,35.0,11,6,15,1
2024-11-06 11:00:00,8.4,12.3,0.0,3,16.80355805665124,0.34877111054005855,61.0,11,6,15,1
2024-11-06 12:00:00,8.4,12.5,0.0,3,15.87021523598736,0.4243543139479717,73.0,11,6,15,1
2024-11-06 13:00:00,8.4,11.6,0.0,3,12.913257014480394,0.36919877281553065,63.0,11,6,15,1
2024-11-06 14:00:00,8.0,11.4,0.0,3,8.210827302727736,0.3616059645257363,62.0,11,6,15,1
2024-11-06 15:00:00,8.1,11.2,0.0,3,2.2385233368884343,0.28638296079148806,49.0,11,6,15,1
2024-11-06 16:00:00,7.9,10.5,0.0,3,-5.167185445731292,0.09933226139804462,22.0,11,6,15,0
2024-11-06 17:00:00,7.8,11.2,0.0,3,-13.045814051031698,0.0,1.0,11,6,15,0
2024-11-06 18:00:00,7.7,12.5,0.0,2,-21.192237863676837,0.0,0.0,11,6,15,0
2024-11-06 19:00:00,7.6,12.2,0.0,2,-29.24444685844962,0.0,0.0,11,6,15,0
2024-11-06 20:00:00,7.6,12.8,0.0,3,-36.74587557122581,0.0,0.0,11,6,15,0
2024-11-06 21:00:00,7.9,13.2,0.0,3,-43.097845979573805,0.0,0.0,11,6,15,0
2024-11-06 22:00:00,8.4,13.9,0.0,3,-47.53650274257464,0.0,0.0,11,6,15,0
2024-11-06 23:00:00,8.3,12.1,0.0,3,-49.28459631782599,0.0,0.0,11,6,15,0
2024-11-07 00:00:00,7.9,11.4,0.0,2,-47.95659967154131,0.0,0.0,11,6,15,0
2024-11-07 01:00:00,7.7,12.2,0.0,2,-43.85242454747544,0.0,0.0,11,6,15,0
2024-11-07 02:00:00,7.8,12.5,0.0,3,-37.724417089366256,0.0,0.0,11,6,15,0
2024-11-07 03:00:00,7.8,13.2,0.0,3,-30.354181133581918,0.0,0.0,11,6,15,0
2024-11-07 04:00:00,8.4,13.3,0.0,3,-22.364524996486935,0.0,0.0,11,6,15,0
2024-11-07 05:00:00,8.5,12.0,0.0,3,-14.228755420349088,0.0,0.0,11,6,15,0
2024-11-07 06:00:00,8.9,11.9,0.0,3,-6.323353570101105,0.0,0.0,11,6,15,0
2024-11-07 07:00:00,9.0,11.5,0.0,3,1.2617112902899095,0.0,0.0,11,6,15,1
2024-11-07 08:00:00,9.1,10.8,0.0,2,7.285639083274816,0.0,0.0,11,6,15,1
2024-11-07 09:00:00,9.4,9.0,0.0,3,12.155147241120716,0.44929069882871886,30.0,11,6,15,1
2024-11-07 10:00:00,10.1,6.9,0.0,2,15.329060125073426,1.0514871950602946,87.0,11,6,15,1
2024-11-07 11:00:00,10.6,5.0,0.0,3,16.510455344481827,1.4604115458602955,137.0,11,6,15,1
2024-11-07 12:00:00,10.8,4.3,0.0,2,15.582190472164712,1.8686405378484536,178.0,11,6,15,1
2024-11-07 13:00:00,11.1,3.9,0.0,3,12.635953335823885,1.8650881018930228,185.0,11,6,15,1
2024-11-07 14:00:00,10.8,3.3,0.0,3,7.948340537701327,0.94646235534449,121.0,11,6,15,1
2024-11-07 15:00:00,10.7,2.8,0.0,2,2.003553846389636,0.7395256705454484,102.0,11,6,15,1
2024-11-07 16:00:00,9.6,3.8,0.0,3,-5.411687843215006,0.16793935393984438,39.0,11,6,15,0
2024-11-07 17:00:00,9.4,4.4,0.0,3,-13.280934123690074,0.0,1.0,11,6,15,0
2024-11-07 18:00:00,8.6,4.2,0.0,3,-21.425141435850847,0.0,0.0,11,6,15,0
2024-11-07 19:00:00,8.1,3.3,0.0,3,-29.481389444864433,0.0,0.0,11,6,15,0
2024-11-07 20:00:00,6.8,3.4,0.0,2,-36.993453806234385,0.0,0.0,11,6,15,0
2024-11-07 21:00:00,7.0,5.2,0.0,2,-43.361636959940654,0.0,0.0,11,6,15,0
2024-11-07 22:00:00,7.2,7.0,0.0,3,-47.81765572085908,0.0,0.0,11,6,15,0
2024-11-07 23:00:00,7.3,6.5,0.0,3,-49.57604977939792,0.0,0.0,11,6,15,0
2024-11-08 00:00:00,7.7,6.7,0.0,3,-48.24548891439031,0.0,0.0,11,6,15,0
2024-11-08 01:00:00,7.8,6.2,0.0,3,-44.129272828172304,0.0,0.0,11,6,15,0
2024-11-08 02:00:00,8.1,4.6,0.0,3,-37.98769754991656,0.0,0.0,11,6,15,0
2024-11-08 03:00:00,8.1,5.4,0.0,3,-30.607618665660368,0.0,0.0,11,6,15,0
2024-11-08 04:00:00,8.1,5.6,0.0,3,-22.613545258908616,0.0,0.0,11,6,15,0
2024-11-08 05:00:00,8.4,5.7,0.0,3,-14.47875677376554,0.0,0.0,11,6,15,0
2024-11-08 06:00:00,8.0,6.1,0.0,3,-6.580095335761072,0.0,0.0,11,6,15,0
2024-11-08 07:00:00,8.1,6.9,0.0,3,1.026584812360511,0.0,0.0,11,6,15,1
2024-11-08 08:00:00,8.2,8.1,0.0,3,7.016655608926996,0.0,0.0,11,6,15,1
2024-11-08 09:00:00,8.6,9.7,0.0,3,11.874418015755793,0.20006703343775015,16.0,11,6,15,1
2024-11-08 10:00:00,9.1,8.3,0.0,3,15.041527540290915,0.5020344009487575,52.0,11,6,15,1
2024-11-08 11:00:00,9.6,9.1,0.0,3,16.2219562923069,0.9809172607617659,103.0,11,6,15,1
2024-11-08 12:00:00,9.8,9.9,0.0,3,15.299211380608043,1.0435995495471195,128.0,11,6,15,1
2024-11-08 13:00:00,9.6,10.2,0.1,51,12.36401545385857,0.4697145148619421,74.0,11,6,15,1
2024-11-08 14:00:00,9.1,10.2,0.1,51,7.69149587227389,0.2847222084240428,51.0,11,6,15,1
2024-11-08 15:00:00,8.9,8.9,0.0,3,1.7755840006837929,0.1777249806322206,34.0,11,6,15,1
2024-11-08 16:00:00,8.6,6.0,0.0,3,-5.6501273336266,0.07032422075389146,17.0,11,6,15,0
2024-11-08 17:00:00,8.4,6.4,0.0,3,-13.510162277444266,0.0,0.0,11,6,15,0
2024-11-08 18:00:00,8.2,7.3,0.0,3,-21.65207598267625,0.0,0.0,11,6,15,0
2024-11-08 19:00:00,8.2,7.9,0.0,3,-29.712292341003817,0.0,0.0,11,6,15,0
2024-11-08 20:00:00,8.3,9.4,0.0,3,-37.2349915131698,0.0,0.0,11,6,15,0
2024-11-08 21:00:00,8.2,9.3,0.0,3,-43.61955406686269,0.0,0.0,11,6,15,0
2024-11-08 22:00:00,8.4,11.2,0.0,3,-48.093373666776614,0.0,0.0,11,6,15,0
2024-11-08 23:00:00,8.4,10.2,0.0,3,-49.862766983241045,0.0,0.0,11,6,15,0
2024-11-09 00:00:00,8.4,9.9,0.0,3,-48.53042201260624,0.0,0.0,11,6,15,0
2024-11-09 01:00:00,8.3,9.0,0.0,3,-44.40286223986098,0.0,0.0,11,6,15,0
2024-11-09 02:00:00,8.6,11.1,0.0,3,-38.24826866657486,0.0,0.0,11,6,15,0
2024-11-09 03:00:00,8.6,11.4,0.0,3,-30.858725269969426,0.0,0.0,11,6,15,0
2024-11-09 04:00:00,8.6,11.8,0.0,3,-22.860434354192932,0.0,0.0,11,6,15,0
2024-11-09 05:00:00,8.5,12.4,0.0,3,-14.726643367408911,0.0,0.0,11,6,15,0
2024-11-09 06:00:00,8.4,13.0,0.0,3,-6.834435239078644,0.0,0.0,11,6,15,0
2024-11-09 07:00:00,8.1,13.1,0.0,3,0.7968045468222016,0.0,0.0,11,6,15,1
2024-11-09 08:00:00,8.1,12.6,0.0,3,6.750868463786048,0.0,0.0,11,6,15,1
2024-11-09 09:00:00,8.1,12.2,0.0,3,11.59728794995084,0.013333189476924252,8.0,11,6,15,1
2024-11-09 10:00:00,8.2,15.0,0.0,3,14.758163191679898,0.13404443674703614,27.0,11,6,15,1
2024-11-09 11:00:00,8.2,15.9,0.0,3,15.938170749949705,0.30069024767374447,51.0,11,6,15,1
2024-11-09 12:00:00,8.1,15.1,0.0,3,15.021384854922147,0.36677664928227005,62.0,11,6,15,1
2024-11-09 13:00:00,8.0,14.8,0.0,3,12.09754702165742,0.36012039427452247,60.0,11,6,15,1
2024-11-09 14:00:00,7.9,14.5,0.1,51,7.4403947395703085,0.29277662680183325,51.0,11,6,15,1
2024-11-09 15:00:00,7.8,11.6,0.0,3,1.5547860015319088,0.17868811733494291,34.0,11,6,15,1
2024-11-09 16:00:00,7.6,10.1,0.0,3,-5.882451315938738,0.04528975485381094,13.0,11,6,15,0
2024-11-09 17:00:00,7.5,10.1,0.0,3,-13.733408258064088,0.0,0.0,11,6,15,0
2024-11-09 18:00:00,7.4,10.5,0.0,3,-21.872949959996006,0.0,0.0,11,6,15,0
2024-11-09 19:00:00,7.3,9.9,0.0,3,-29.93706053335366,0.0,0.0,11,6,15,0
2024-11-09 20:00:00,7.2,8.1,0.0,3,-37.47038620256558,0.0,0.0,11,6,15,0
2024-11-09 21:00:00,7.1,6.8,0.0,3,-43.87148451659175,0.0,0.0,11,6,15,0
2024-11-09 22:00:00,7.1,6.4,0.0,3,-48.36353674965551,0.0,0.0,11,6,15,0
2024-11-09 23:00:00,7.1,5.8,0.0,3,-50.144632503610154,0.0,0.0,11,6,15,0
2024-11-10 00:00:00,7.1,5.3,0.0,3,-48.81129832330686,0.0,0.0,11,6,15,0
2024-11-10 01:00:00,7.1,5.3,0.0,3,-44.67310707784287,0.0,0.0,11,6,15,0
2024-11-10 02:00:00,6.8,5.8,0.0,3,-38.50605308884471,0.0,0.0,11,6,15,0
2024-11-10 03:00:00,6.8,6.1,0.0,3,-31.107424948901,0.0,0.0,11,6,15,0
2024-11-10 04:00:00,6.7,6.0,0.0,3,-23.105112712583917,0.0,0.0,11,6,15,0
2024-11-10 05:00:00,6.6,6.2,0.0,3,-14.972329729522542,0.0,0.0,11,6,15,0
2024-11-10 06:00:00,6.4,7.2,0.0,3,-7.086297498867978,0.0,0.0,11,6,15,0
2024-11-10 07:00:00,6.3,9.3,0.0,3,0.5726994668148677,0.0,0.0,11,6,15,1
2024-11-10 08:00:00,6.2,9.6,0.0,3,6.488396119760864,0.0,0.0,11,6,15,1
2024-11-10 09:00:00,6.2,8.9,0.0,3,11.32386950744656,0.026506028751966514,10.0,11,6,15,1
2024-11-10 10:00:00,6.3,9.8,0.1,51,14.479078553275798,0.14795940466675572,29.0,11,6,15,1
2024-11-10 11:00:00,6.3,9.6,0.3,51,15.659207784254022,0.3176654014470678,51.0,11,6,15,1
2024-11-10 12:00:00,6.4,8.8,0.1,51,14.748816547661889,0.36874035168093217,62.0,11,6,15,1
2024-11-10 13:00:00,6.6,7.5,0.1,51,11.836649941666039,0.2685479517075757,48.0,11,6,15,1
2024-11-10 14:00:00,6.3,8.6,0.5,53,7.195135970238979,0.27738022156965936,42.0,11,6,15,1
2024-11-10 15:00:00,6.2,6.3,0.7,53,1.3413172241375975,0.10964994585281927,23.0,11,6,15,1
2024-11-10 16:00:00,5.8,3.6,0.3,51,-6.108602318682884,0.013757817671297592,8.0,11,6,15,0
2024-11-10 17:00:00,5.6,2.0,0.1,51,-13.950584616386408,0.0,0.0,11,6,15,0
2024-11-10 18:00:00,5.6,3.7,0.1,51,-22.08767496120298,0.0,0.0,11,6,15,0
2024-11-10 19:00:00,5.6,6.7,0.1,51,-30.155602222337862,0.0,0.0,11,6,15,0
2024-11-10 20:00:00,5.5,7.0,0.0,3,-37.69953839656122,0.0,0.0,11,6,15,0
2024-11-10 21:00:00,5.4,6.4,0.0,3,-44.11731786835236,0.0,0.0,11,6,15,0
2024-11-10 22:00:00,5.3,5.8,0.0,3,-48.62802629419582,0.0,0.0,11,6,15,0
2024-11-10 23:00:00,5.3,4.5,0.0,3,-50.421530808754085,0.0,0.0,11,6,15,0
2024-11-11 00:00:00,5.2,2.9,0.0,3,-49.08801629677146,0.0,0.0,11,6,15,0
2024-11-11 01:00:00,5.0,2.6,0.0,3,-44.939920322636766,0.0,0.0,11,6,15,0
2024-11-11 02:00:00,5.2,2.3,0.0,3,-38.7609719100287,0.0,0.0,11,6,15,0
2024-11-11 03:00:00,5.2,3.2,0.0,3,-31.35364001763827,0.0,0.0,11,6,15,0
2024-11-11 04:00:00,4.3,3.6,0.0,3,-23.34749905922,0.0,0.0,11,6,15,0
2024-11-11 05:00:00,4.8,2.9,0.0,3,-15.21572873744715,0.0,0.0,11,6,15,0
2024-11-11 06:00:00,5.1,1.9,0.0,3,-7.335602271667369,0.0,0.0,11,6,15,0
2024-11-11 07:00:00,4.9,3.8,0.1,51,0.35459570523211426,0.0,0.0,11,6,15,1
2024-11-11 08:00:00,4.8,3.9,0.1,51,6.229357870260586,0.0,0.0,11,6,15,1
2024-11-11 09:00:00,4.9,5.0,0.2,51,11.054275206367208,0.05253444905050628,14.0,11,6,15,1
2024-11-11 10:00:00,5.7,4.3,0.1,51,14.204384682933025,0.5277537297983215,63.0,11,6,15,1
2024-11-11 11:00:00,6.4,3.1,0.0,2,15.385175599478657,1.2668817840131283,111.0,11,6,15,1
2024-11-11 12:00:00,7.0,1.5,0.0,3,14.48161078962319,1.4302312385893714,142.0,11,6,15,1
2024-11-11 13:00:00,7.4,3.8,0.0,3,11.581424275768015,0.6625164355587653,104.0,11,6,15,1
2024-11-11 14:00:00,7.3,5.5,0.0,3,6.95581563401926,0.3565065975817244,61.0,11,6,15,1
2024-11-11 15:00:00,7.3,5.8,0.0,3,1.1353175659981076,0.24002999281630916,43.0,11,6,15,1
2024-11-11 16:00:00,7.0,2.8,0.0,1,-6.328519721345884,0.08644414213681358,21.0,11,6,15,0
2024-11-11 17:00:00,6.8,3.2,0.0,0,-14.161606814747287,0.0,0.0,11,6,15,0
2024-11-11 18:00:00,5.1,5.1,0.0,3,-22.29616581877214,0.0,0.0,11,6,15,0
2024-11-11 19:00:00,5.2,4.2,0.0,3,-30.367828938814,0.0,0.0,11,6,15,0
2024-11-11 20:00:00,5.1,4.6,0.0,3,-37.92235176643452,0.0,0.0,11,6,15,0
2024-11-11 21:00:00,4.9,5.1,0.0,3,-44.35694617737451,0.0,0.0,11,6,15,0
2024-11-11 22:00:00,3.9,6.2,0.0,3,-48.88672491719669,0.0,0.0,11,6,15,0
2024-11-11 23:00:00,3.3,6.0,0.0,3,-50.693346340319664,0.0,0.0,11,6,15,0
2024-11-12 00:00:00,2.8,5.6,0.0,3,-49.36047349825279,0.0,0.0,11,6,15,0
2024-11-12 01:00:00,2.5,5.0,0.0,3,-45.203213634572506,0.0,0.0,11,6,15,0
2024-11-12 02:00:00,2.2,2.4,0.0,3,-39.01294465976838,0.0,0.0,11,6,15,0
2024-11-12 03:00:00,2.1,2.2,0.0,3,-31.597291107609948,0.0,0.0,11,6,15,0
2024-11-12 04:00:00,2.2,1.3,0.0,3,-23.58751043381109,0.0,0.0,11,6,15,0
2024-11-12 05:00:00,2.3,2.1,0.0,3,-15.456751659126141,0.0,0.0,11,6,15,0
2024-11-12 06:00:00,2.4,3.0,0.0,3,-7.582266180115369,0.0,0.0,11,6,15,0
2024-11-12 07:00:00,2.7,3.9,0.0,3,0.14281357490125401,0.0,0.0,11,6,15,1
2024-11-12 08:00:00,2.8,3.6,0.0,3,5.973873803129422,0.0,0.0,11,6,15,1
2024-11-12 09:00:00,3.1,2.7,0.0,3,10.788617526021639,0.2056327205697969,20.0,11,6,15,1
2024-11-12 10:00:00,4.0,3.6,0.0,3,13.93419213806439,0.316008163883942,55.0,11,6,15,1
2024-11-12 11:00:00,4.7,2.5,0.0,3,15.116181456038987,0.6937911402934461,93.0,11,6,15,1
2024-11-12 12:00:00,5.2,3.8,0.0,3,14.219870508259348,1.2105898087853513,140.0,11,6,15,1
2024-11-12 13:00:00,5.6,4.8,0.0,3,11.33196815496926,1.0406361109833948,135.0,11,6,15,1
2024-11-12 14:00:00,6.5,5.4,0.0,3,6.722526885332641,0.5675686044610792,91.0,11,6,15,1
2024-11-12 15:00:00,6.5,5.2,0.0,3,0.9369071984620518,0.293876744204043,52.0,11,6,15,1
2024-11-12 16:00:00,6.5,4.2,0.0,3,-6.542141064538981,0.07116002683043658,17.0,11,6,15,0
2024-11-12 17:00:00,6.5,4.0,0.0,3,-14.366393328275635,0.0,0.0,11,6,15,0
2024-11-12 18:00:00,6.5,4.2,0.0,3,-22.498340702247972,0.0,0.0,11,6,15,0
2024-11-12 19:00:00,6.7,6.6,0.0,3,-30.57365565723987,0.0,0.0,11,6,15,0
2024-11-12 20:00:00,6.6,8.4,0.0,3,-38.138733268116056,0.0,0.0,11,6,15,0
2024-11-12 21:00:00,6.4,9.1,0.0,3,-44.590264149160674,0.0,0.0,11,6,15,0
2024-11-12 22:00:00,6.3,9.5,0.0,3,-49.139516669806284,0.0,0.0,11,6,15,0
2024-11-12 23:00:00,6.2,9.2,0.0,3,-50.959963600212006,0.0,0.0,11,6,15,0
2024-11-13 00:00:00,6.1,10.1,0.0,3,-49.62856663636447,0.0,0.0,11,6,15,0
2024-11-13 01:00:00,6.1,9.8,0.0,3,-45.46289735405779,0.0,0.0,11,6,15,0
2024-11-13 02:00:00,5.8,7.6,0.0,3,-39.261889302046,0.0,0.0,11,6,15,0
2024-11-13 03:00:00,5.7,8.3,0.0,3,-31.838297175412535,0.0,0.0,11,6,15,0
2024-11-13 04:00:00,5.5,8.7,0.0,3,-23.82506221569325,0.0,0.0,11,6,15,0
2024-11-13 05:00:00,5.2,9.1,0.0,3,-15.695308199205172,0.0,0.0,11,6,15,0
2024-11-13 06:00:00,5.2,8.3,0.0,3,-7.826202748450768,0.0,0.0,11,6,15,0
2024-11-13 07:00:00,5.0,8.2,0.0,3,-0.14352855526504982,0.0,0.0,11,6,15,0
2024-11-13 08:00:00,5.0,10.1,0.0,3,5.7220648846973745,0.0,0.0,11,6,15,1
2024-11-13 09:00:00,5.2,10.6,0.0,3,10.527008808851633,0.10405723446159194,16.0,11,6,15,1
2024-11-13 10:00:00,6.1,10.0,0.0,3,13.668610888836938,0.7186989534701821,60.0,11,6,15,1
2024-11-13 11:00:00,7.4,11.7,0.0,1,14.85233158770663,1.3557331034953877,120.0,11,6,15,1
2024-11-13 12:00:00,9.6,14.5,0.0,1,13.963697145364009,2.155374921415253,179.0,11,6,15,1
2024-11-13 13:00:00,10.9,13.9,0.0,2,11.088377688976536,2.453746838606478,203.0,11,6,15,1
2024-11-13 14:00:00,11.0,16.4,0.0,3,6.495359818074505,1.0489424548700497,125.0,11,6,15,1
2024-11-13 15:00:00,10.6,17.1,0.0,3,0.7461847241970929,0.6556121917801067,88.0,11,6,15,1
2024-11-13 16:00:00,10.1,16.9,0.0,2,-6.749403063070844,0.1001091869211693,25.0,11,6,15,0
2024-11-13 17:00:00,9.7,18.9,0.0,3,-14.564865741130731,0.0,0.0,11,6,15,0
2024-11-13 18:00:00,9.4,19.3,0.0,1,-22.69412121238625,0.0,0.0,11,6,15,0
2024-11-13 19:00:00,8.5,18.7,0.0,2,-30.77300090508399,0.0,0.0,11,6,15,0
2024-11-13 20:00:00,8.1,18.9,0.0,2,-38.348593275165456,0.0,0.0,11,6,15,0
2024-11-13 21:00:00,8.0,19.4,0.0,1,-44.81716929445952,0.0,0.0,11,6,15,0
2024-11-13 22:00:00,8.0,20.0,0.0,2,-49.38628718504654,0.0,0.0,11,6,15,0
2024-11-13 23:00:00,7.8,17.4,0.0,1,-51.221267245067,0.0,0.0,11,6,15,0
2024-11-14 00:00:00,7.6,15.2,0.0,0,-49.89219159836904,0.0,0.0,11,7,15,0
2024-11-14 01:00:00,7.7,16.9,0.0,0,-45.718880507787816,0.0,0.0,11,7,15,0
2024-11-14 02:00:00,7.7,15.6,0.0,0,-39.507722238830894,0.0,0.0,11,7,15,0
2024-11-14 03:00:00,7.4,15.9,0.0,0,-32.07657551731562,0.0,0.0,11,7,15,0
2024-11-14 04:00:00,7.2,14.7,0.0,0,-24.06006815431006,0.0,0.0,11,7,15,0
2024-11-14 05:00:00,6.9,13.8,0.0,0,-15.931306549795536,0.0,0.0,11,7,15,0
2024-11-14 06:00:00,6.8,12.5,0.0,0,-8.067322767632007,0.0,0.0,11,7,15,0
2024-11-14 07:00:00,6.4,10.9,0.0,0,-0.5291746675267461,0.0,0.0,11,7,15,0
2024-11-14 08:00:00,6.2,9.4,0.0,2,5.474053259408251,0.0,0.0,11,7,15,1
2024-11-14 09:00:00,6.6,10.6,0.0,2,10.269561157482954,0.5453789368192427,24.0,11,7,15,1
2024-11-14 10:00:00,7.8,9.9,0.0,3,13.407750228916228,1.729345872354156,93.0,11,7,15,1
2024-11-14 11:00:00,8.8,7.6,0.0,3,14.59373111738853,2.518852292415014,162.0,11,7,15,1
2024-11-14 12:00:00,9.7,6.9,0.0,3,13.713190574176167,2.628969376761496,198.0,11,7,15,1
2024-11-14 13:00:00,10.1,8.7,0.0,2,10.850746875981443,2.5748640014306012,208.0,11,7,15,1
2024-11-14 14:00:00,9.9,9.1,0.0,3,6.274401336392927,1.8812600145636118,174.0,11,7,15,1
2024-11-14 15:00:00,9.0,6.9,0.0,3,0.5632257401374545,0.9523960519266411,110.0,11,7,15,1
2024-11-14 16:00:00,7.6,7.1,0.0,2,-6.9502424009602635,0.11775228773814843,33.0,11,7,15,0
2024-11-14 17:00:00,6.8,7.9,0.0,2,-14.756948837732935,0.0,0.0,11,7,15,0
2024-11-14 18:00:00,6.3,10.1,0.0,2,-22.88343247115752,0.0,0.0,11,7,15,0
2024-11-14 19:00:00,5.9,11.7,0.0,1,-30.96578686806899,0.0,0.0,11,7,15,0
2024-11-14 20:00:00,5.8,13.1,0.0,0,-38.55184570866345,0.0,0.0,11,7,15,0
2024-11-14 21:00:00,5.7,14.2,0.0,0,-45.0375620843742,0.0,0.0,11,7,15,0
2024-11-14 22:00:00,5.7,15.9,0.0,0,-49.62692383030782,0.0,0.0,11,7,15,0
2024-11-14 23:00:00,6.2,19.0,0.0,0,-51.477142188452945,0.0,0.0,11,7,15,0
2024-11-15 00:00:00,7.0,20.2,0.0,0,-50.15124349266395,0.0,0.0,11,7,15,0
2024-11-15 01:00:00,7.8,21.1,0.0,0,-45.971070821159344,0.0,0.0,11,7,15,0
2024-11-15 02:00:00,7.8,19.7,0.0,0,-39.75035831954443,0.0,0.0,11,7,15,0
2024-11-15 03:00:00,8.1,19.7,0.0,0,-32.312041789440556,0.0,0.0,11,7,15,0
2024-11-15 04:00:00,8.4,20.8,0.0,0,-24.29244040516285,0.0,0.0,11,7,15,0
2024-11-15 05:00:00,8.9,22.8,0.0,0,-16.164653445949398,0.0,0.0,11,7,15,0
2024-11-15 06:00:00,9.3,22.3,0.0,1,-8.305534606806049,0.0,0.0,11,7,15,0
2024-11-15 07:00:00,9.6,21.2,0.0,3,-0.8508460137726956,0.0,0.0,11,7,15,0
2024-11-15 08:00:00,10.1,22.0,0.0,3,5.229962947350742,0.0,0.0,11,7,15,1
2024-11-15 09:00:00,10.4,22.7,0.0,3,10.016386326879896,0.031837079721993684,11.0,11,7,15,1
2024-11-15 10:00:00,10.7,23.0,0.0,3,13.151718683883445,0.4228788259463656,48.0,11,7,15,1
2024-11-15 11:00:00,11.0,24.3,0.0,3,14.340483971610595,0.6094442743845137,85.0,11,7,15,1
2024-11-15 12:00:00,11.1,24.8,0.0,3,13.468449016089949,0.45808778428809455,79.0,11,7,15,1
2024-11-15 13:00:00,11.4,22.8,0.0,3,10.619167512977953,0.6583787733007833,93.0,11,7,15,1
2024-11-15 14:00:00,11.4,19.8,0.0,3,6.059735049991659,0.6535109554948976,94.0,11,7,15,1
2024-11-15 15:00:00,11.1,18.7,0.0,3,0.3880818018981671,0.24511346954728455,45.0,11,7,15,1
2024-11-15 16:00:00,10.4,19.7,0.0,3,-7.144596363986238,0.012901840825564602,8.0,11,7,15,0
2024-11-15 17:00:00,10.2,21.7,0.0,3,-14.942570689011319,0.0,0.0,11,7,15,0
2024-11-15 18:00:00,10.1,23.3,0.0,3,-23.06620320734025,0.0,0.0,11,7,15,0
2024-11-15 19:00:00,9.9,24.1,0.0,3,-31.151939490850552,0.0,0.0,11,7,15,0
2024-11-15 20:00:00,9.8,25.5,0.0,3,-38.748408163477336,0.0,0.0,11,7,15,0
2024-11-15 21:00:00,9.6,24.5,0.0,3,-45.25134610501115,0.0,0.0,11,7,15,0
2024-11-15 22:00:00,9.9,26.6,0.0,3,-49.86131586444037,0.0,0.0,11,7,15,0
2024-11-15 23:00:00,10.1,27.9,0.0,3,-51.727473710881924,0.0,0.0,11,7,15,0
2024-11-16 00:00:00,10.4,28.9,0.0,3,-50.405616698738726,0.0,0.0,11,7,15,0
2024-11-16 01:00:00,10.4,29.0,0.1,51,-46.21937473713385,0.0,0.0,11,7,15,0
2024-11-16 02:00:00,10.6,30.7,0.0,3,-39.989710856506804,0.0,0.0,11,7,15,0
2024-11-16 03:00:00,10.6,31.4,0.2,51,-32.54461003369519,0.0,0.0,11,7,15,0
2024-11-16 04:00:00,10.7,31.5,0.2,51,-24.52208957123524,0.0,0.0,11,7,15,0
2024-11-16 05:00:00,10.9,30.9,0.0,3,-16.39525422586199,0.0,0.0,11,7,15,0
2024-11-16 06:00:00,10.9,29.4,0.1,51,-8.540744483690062,0.0,0.0,11,7,15,0
2024-11-16 07:00:00,10.7,29.1,0.4,51,-1.1410836121212782,0.0,0.0,11,7,15,0
2024-11-16 08:00:00,9.8,24.0,0.2,51,4.989529166368001,0.0,0.0,11,7,15,1
2024-11-16 09:00:00,9.2,23.1,0.0,3,9.767595611636551,0.0,3.0,11,7,15,1
2024-11-16 10:00:00,9.3,24.4,0.0,2,12.90062391746396,0.1419993374009403,24.0,11,7,15,1
2024-11-16 11:00:00,9.6,25.2,0.0,3,14.092692793878186,1.6687246719092017,113.0,11,7,15,1
2024-11-16 12:00:00,9.2,25.7,0.0,1,13.229568957147379,0.9652125171692537,112.0,11,7,15,1
2024-11-16 13:00:00,8.7,26.6,0.0,1,10.393729107010145,1.970718534331301,167.0,11,7,15,1
2024-11-16 14:00:00,8.5,24.4,0.0,1,5.8514412043703885,1.4180437316264671,136.0,11,7,15,1
2024-11-16 15:00:00,8.1,24.2,0.0,0,0.2207797821654225,0.7235043965273692,86.0,11,7,15,1
2024-11-16 16:00:00,7.4,24.0,0.0,0,-7.332403349500169,0.08311390706846052,26.0,11,7,15,0
2024-11-16 17:00:00,7.1,24.6,0.0,1,-15.121662733653977,0.0,0.0,11,7,15,0
2024-11-16 18:00:00,6.8,25.4,0.0,1,-23.242365837438157,0.0,0.0,11,7,15,0
2024-11-16 19:00:00,6.7,26.4,0.0,3,-31.331388572731555,0.0,0.0,11,7,15,0
2024-11-16 20:00:00,6.3,27.3,0.0,3,-38.93820203035796,0.0,0.0,11,7,15,0
2024-11-16 21:00:00,6.4,26.8,0.0,2,-45.458428211027666,0.0,0.0,11,7,15,0
2024-11-16 22:00:00,6.4,27.3,0.0,2,-50.08935459903452,0.0,0.0,11,7,15,0
2024-11-16 23:00:00,6.4,27.7,0.0,0,-51.97214757765269,0.0,0.0,11,7,15,0
2024-11-17 00:00:00,6.6,27.8,0.0,1,-50.65520492486206,0.0,0.0,11,7,15,0
2024-11-17 01:00:00,6.7,27.3,0.0,0,-46.46369744178307,0.0,0.0,11,7,15,0
2024-11-17 02:00:00,6.6,26.4,0.0,0,-40.2256916464986,0.0,0.0,11,7,15,0
2024-11-17 03:00:00,6.6,25.5,0.0,1,-32.77419270951786,0.0,0.0,11,7,15,0
2024-11-17 04:00:00,6.3,25.5,0.0,1,-24.74892474989683,0.0,0.0,11,7,15,0
2024-11-17 05:00:00,6.1,24.2,0.0,1,-16.623012895792826,0.0,0.0,11,7,15,0
2024-11-17 06:00:00,6.1,22.9,0.0,1,-8.772856703371772,0.0,0.0,11,7,15,0
2024-11-17 07:00:00,6.2,22.3,0.0,2,-1.4126030516422219,0.0,0.0,11,7,15,0
2024-11-17 08:00:00,6.2,22.5,0.0,3,4.753921348901059,0.0,0.0,11,7,15,1
2024-11-17 09:00:00,6.5,24.6,0.0,0,9.523299728502124,0.07516416599142119,11.0,11,7,15,1
2024-11-17 10:00:00,7.3,26.6,0.0,0,12.654572635742397,1.514345186002507,79.0,11,7,15,1
2024-11-17 11:00:00,7.9,26.8,0.0,0,13.850458857061085,2.830818816357238,157.0,11,7,15,1
2024-11-17 12:00:00,7.7,27.5,0.0,0,12.996645064527485,3.142710862463574,201.0,11,7,15,1
2024-11-17 13:00:00,7.6,30.5,0.0,1,10.174518787766075,2.735703860267452,202.0,11,7,15,1
2024-11-17 14:00:00,7.6,28.4,0.0,0,5.649596658234401,1.9131485508260544,165.0,11,7,15,1
2024-11-17 15:00:00,7.0,26.4,0.0,1,0.06132161217955456,0.8886909315515454,98.0,11,7,15,1
2024-11-17 16:00:00,6.3,25.3,0.0,0,-7.513603282241505,0.0839831261812562,25.0,11,7,15,0
2024-11-17 17:00:00,5.9,23.8,0.0,0,-15.294159854353069,0.0,0.0,11,7,15,0
2024-11-17 18:00:00,5.8,22.7,0.0,1,-23.411856541673288,0.0,0.0,11,7,15,0
2024-11-17 19:00:00,5.8,23.3,0.0,0,-31.504067858043854,0.0,0.0,11,7,15,0
2024-11-17 20:00:00,5.8,22.8,0.0,0,-39.12115261332423,0.0,0.0,11,7,15,0
2024-11-17 21:00:00,5.8,23.8,0.0,0,-45.658718677430926,0.0,0.0,11,7,15,0
2024-11-17 22:00:00,5.8,21.7,0.0,1,-50.31093356339892,0.0,0.0,11,7,15,0
2024-11-17 23:00:00,5.6,19.8,0.0,1,-52.21105016450463,0.0,0.0,11,7,15,0
2024-11-18 00:00:00,5.3,18.7,0.0,0,-50.89990127373139,0.0,0.0,11,7,15,0
2024-11-18 01:00:00,4.9,17.1,0.0,1,-46.70394289672828,0.0,0.0,11,7,15,0
2024-11-18 02:00:00,4.4,12.7,0.0,1,-40.45821099856241,0.0,0.0,11,7,15,0
2024-11-18 03:00:00,4.1,11.4,0.0,2,-33.00070073147316,0.0,0.0,11,7,15,0
2024-11-18 04:00:00,3.8,11.1,0.0,2,-24.972853585258136,0.0,0.0,11,7,15,0
2024-11-18 05:00:00,3.7,12.1,0.0,1,-16.847832199665305,0.0,0.0,11,7,15,0
2024-11-18 06:00:00,3.2,11.5,0.0,1,-9.00177387278859,0.0,0.0,11,7,15,0
2024-11-18 07:00:00,3.2,11.1,0.0,1,-1.67135905590591,0.0,0.0,11,7,15,0
2024-11-18 08:00:00,3.2,9.0,0.0,2,4.522728054381119,0.0,0.0,11,7,15,1
2024-11-18 09:00:00,3.5,7.9,0.0,1,9.283608694306622,0.2717675507763748,14.0,11,7,15,1
2024-11-18 10:00:00,4.7,9.4,0.0,1,12.413670489558484,1.5201778712638305,74.0,11,7,15,1
2024-11-18 11:00:00,5.1,9.6,0.4,51,13.613881975008411,2.062686101218428,129.0,11,7,15,1
2024-11-18 12:00:00,4.4,6.1,0.5,53,12.769770103251162,1.5683931224285088,128.0,11,7,15,1
2024-11-18 13:00:00,4.8,4.1,0.0,1,9.961621221968556,1.3416105975386212,135.0,11,7,15,1
2024-11-18 14:00:00,4.4,8.0,0.1,51,5.454274921777426,0.809911752880416,96.0,11,7,15,1
2024-11-18 15:00:00,4.3,8.0,0.0,1,-0.20345533556755413,0.6618911916386434,79.0,11,7,15,0
2024-11-18 16:00:00,3.0,4.3,0.0,2,-7.6881379572187,0.06701387990597983,20.0,11,7,15,0
2024-11-18 17:00:00,2.5,7.5,0.0,2,-15.460000449005207,0.0,0.0,11,7,15,0
2024-11-18 18:00:00,1.8,4.8,0.0,1,-23.57461533482342,0.0,0.0,11,7,15,0
2024-11-18 19:00:00,1.0,5.6,0.0,1,-31.66991512083993,0.0,0.0,11,7,15,0
2024-11-18 20:00:00,1.9,7.4,0.0,0,-39.297189241799856,0.0,0.0,11,7,15,0
2024-11-18 21:00:00,2.6,13.6,0.0,1,-45.852131348939935,0.0,0.0,11,7,15,0
2024-11-18 22:00:00,2.5,13.5,0.0,0,-50.5259486727015,0.0,0.0,11,7,15,0
2024-11-18 23:00:00,2.7,14.7,0.0,1,-52.44406859100121,0.0,0.0,11,7,15,0
2024-11-19 00:00:00,2.8,15.0,0.0,0,-51.139598316280086,0.0,0.0,11,7,14,0
2024-11-19 01:00:00,2.8,16.0,0.0,0,-46.94001387866575,0.0,0.0,11,7,14,0
2024-11-19 02:00:00,2.4,16.0,0.0,1,-40.68717776815717,0.0,0.0,11,7,14,0
2024-11-19 03:00:00,2.3,16.8,0.0,2,-33.22404351271655,0.0,0.0,11,7,14,0
2024-11-19 04:00:00,2.2,16.4,0.0,1,-25.19378232592821,0.0,0.0,11,7,14,0
2024-11-19 05:00:00,1.9,12.6,0.0,0,-17.069613693301662,0.0,0.0,11,7,14,0
2024-11-19 06:00:00,1.5,13.2,0.0,0,-9.227397096450147,0.0,0.0,11,7,14,0
2024-11-19 07:00:00,1.5,12.5,0.0,1,-1.920481829400714,0.0,0.0,11,7,14,0
2024-11-19 08:00:00,1.3,10.9,0.0,1,4.296030912793583,0.0,0.0,11,7,14,1
2024-11-19 09:00:00,1.2,10.2,0.0,0,9.048631699522673,0.015223620290317976,13.0,11,7,14,1
2024-11-19 10:00:00,1.8,10.7,0.0,1,12.178021975313698,1.9372273742116133,80.0,11,7,14,1
2024-11-19 11:00:00,2.5,7.6,0.0,0,13.383060413587728,2.67542310029136,146.0,11,7,14,1
2024-11-19 12:00:00,3.2,6.9,0.0,0,12.549034853341624,2.7776934473616897,184.0,11,7,14,1
2024-11-19 13:00:00,3.8,6.3,0.0,0,9.755118530068955,2.625553395007469,194.0,11,7,14,1
2024-11-19 14:00:00,3.3,6.1,0.0,0,5.265546270257886,1.8619335276329625,158.0,11,7,14,1
2024-11-19 15:00:00,2.7,3.1,0.0,0,-0.48196125935120904,0.8960861506747166,95.0,11,7,14,0
2024-11-19 16:00:00,1.5,1.0,0.0,0,-7.85595132528276,0.06897274432545279,23.0,11,7,14,0
2024-11-19 17:00:00,1.2,0.6,0.0,0,-15.619126496841545,0.0,0.0,11,7,14,0
2024-11-19 18:00:00,0.8,0.2,0.0,0,-23.730586131694977,0.0,0.0,11,7,14,0
2024-11-19 19:00:00,-0.3,2.1,0.0,3,-31.828872243544268,0.0,0.0,11,7,14,0
2024-11-19 20:00:00,-0.9,5.3,0.0,3,-39.46624537698216,0.0,0.0,11,7,14,0
2024-11-19 21:00:00,-1.5,6.0,0.0,3,-46.03858378622138,0.0,0.0,11,7,14,0
2024-11-19 22:00:00,-1.7,6.1,0.0,3,-50.73429839868106,0.0,0.0,11,7,14,0
2024-11-19 23:00:00,-1.8,5.5,0.0,3,-52.67109086151072,0.0,0.0,11,7,14,0
2024-11-20 00:00:00,-1.6,3.3,0.0,3,-51.37418817381112,0.0,0.0,11,7,14,0
2024-11-20 01:00:00,-1.5,4.1,0.0,3,-47.17181202615981,0.0,0.0,11,7,14,0
2024-11-20 02:00:00,-2.0,3.6,0.0,3,-40.912499397739225,0.0,0.0,11,7,14,0
2024-11-20 03:00:00,-1.9,3.3,0.0,3,-33.444129014333996,0.0,0.0,11,7,14,0
2024-11-20 04:00:00,-1.8,3.2,0.0,3,-25.411615888124217,0.0,0.0,11,7,14,0
2024-11-20 05:00:00,-1.7,3.6,0.0,3,-17.288257823198578,0.0,0.0,11,7,14,0
2024-11-20 06:00:00,-1.8,2.4,0.0,3,-9.449626157719933,0.0,0.0,11,7,14,0
2024-11-20 07:00:00,-1.8,2.9,0.0,3,-2.16174999112161,0.0,0.0,11,7,14,0
2024-11-20 08:00:00,-1.4,6.5,0.0,3,4.073924661594361,0.0,0.0,11,7,14,1
2024-11-20 09:00:00,-0.9,11.3,0.0,3,8.818476977813958,0.02162896555774904,9.0,11,7,14,1
2024-11-20 10:00:00,0.4,10.5,0.0,2,11.947730334439655,0.9394816693722761,58.0,11,7,14,1
2024-11-20 11:00:00,1.4,12.0,0.0,3,13.158090801384688,1.953222000494348,125.0,11,7,14,1
2024-11-20 12:00:00,1.9,11.4,0.0,1,12.33452802769638,2.2241539052595276,165.0,11,7,14,1
2024-11-20 13:00:00,2.1,10.8,0.0,0,9.55509020575279,2.438340081334233,184.0,11,7,14,1
2024-11-20 14:00:00,1.5,10.2,0.0,0,5.083028112681944,1.7537675669094228,148.0,11,7,14,1
2024-11-20 15:00:00,0.9,10.7,0.0,3,-0.7175893950986136,0.8431272002328664,89.0,11,7,14,0
2024-11-20 16:00:00,-0.1,10.0,0.0,1,-8.016989733084941,0.060840805914289864,20.0,11,7,14,0
2024-11-20 17:00:00,-0.4,9.5,0.0,0,-15.77148361944964,0.0,0.0,11,7,14,0
2024-11-20 18:00:00,-0.4,8.8,0.0,3,-23.87971680703582,0.0,0.0,11,7,14,0
2024-11-20 19:00:00,-0.4,7.5,0.0,2,-31.980885289266595,0.0,0.0,11,7,14,0
2024-11-20 20:00:00,-0.2,10.1,0.0,2,-39.628258711933285,0.0,0.0,11,7,14,0
2024-11-20 21:00:00,-0.1,9.6,0.0,2,-46.21799740827356,0.0,0.0,11,7,14,0
2024-11-20 22:00:00,0.1,8.1,0.0,1,-50.935883942272426,0.0,0.0,11,7,14,0
2024-11-20 23:00:00,0.1,6.7,0.0,2,-52.89200601357487,0.0,0.0,11,7,14,0
2024-11-21 00:00:00,-0.6,4.3,0.0,2,-51.60356260859345,0.0,0.0,11,7,14,0
2024-11-21 01:00:00,-0.5,3.1,0.0,3,-47.39923789385131,0.0,0.0,11,7,14,0
2024-11-21 02:00:00,0.8,6.0,0.0,3,-41.13408196385191,0.0,0.0,11,7,14,0
2024-11-21 03:00:00,0.8,5.9,0.0,3,-33.66086380053626,0.0,0.0,11,7,14,0
2024-11-21 04:00:00,0.2,3.3,0.0,3,-25.62625792404171,0.0,0.0,11,7,14,0
2024-11-21 05:00:00,0.0,3.1,0.0,3,-17.503664009754146,0.0,0.0,11,7,14,0
2024-11-21 06:00:00,0.2,1.4,0.0,2,-9.66835968897118,0.0,0.0,11,7,14,0
2024-11-21 07:00:00,-0.1,1.2,0.0,2,-2.396228829389017,0.0,0.0,11,7,14,0
2024-11-21 08:00:00,-0.3,3.6,0.0,3,3.8565145784197767,0.0,0.0,11,7,14,1
2024-11-21 09:00:00,0.3,5.8,0.0,3,8.593251672008776,0.0,7.0,11,7,14,1
2024-11-21 10:00:00,0.9,5.6,0.0,0,11.722897451828942,0.9446557817632797,58.0,11,7,14,1
2024-11-21 11:00:00,1.4,4.4,0.0,0,12.939068040298778,2.6854245114378292,144.0,11,7,14,1
2024-11-21 12:00:00,1.9,6.0,0.0,0,12.126336190932989,2.945978639575766,185.0,11,7,14,1
2024-11-21 13:00:00,2.2,11.2,0.0,0,9.36161303880624,2.3899281273710904,177.0,11,7,14,1
2024-11-21 14:00:00,1.4,7.0,0.0,2,4.9078144359840365,1.1272709966653456,112.0,11,7,14,1
2024-11-21 15:00:00,0.9,5.4,0.0,2,-0.9268743729751776,0.7063528175019195,79.0,11,7,14,0
2024-11-21 16:00:00,0.2,6.6,0.0,1,-8.171202126277123,0.05118736896315644,18.0,11,7,14,0
2024-11-21 17:00:00,-0.3,8.2,0.0,0,-15.917021136654853,0.0,0.0,11,7,14,0
2024-11-21 18:00:00,-1.3,5.9,0.0,0,-24.02195924971798,0.0,0.0,11,7,14,0
2024-11-21 19:00:00,-1.8,2.7,0.0,0,-32.1259045674678,0.0,0.0,11,7,14,0
2024-11-21 20:00:00,-1.8,2.1,0.0,1,-39.783171264901085,0.0,0.0,11,7,14,0
2024-11-21 21:00:00,-2.0,2.3,0.0,3,-46.39029763025266,0.0,0.0,11,7,14,0
2024-11-21 22:00:00,-2.0,3.5,0.0,1,-51.13060940744248,0.0,0.0,11,7,14,0
2024-11-21 23:00:00,-2.2,4.7,0.0,1,-53.106704273402045,0.0,0.0,11,7,14,0
2024-11-22 00:00:00,-2.5,3.0,0.0,2,-51.827613123005904,0.0,0.0,11,7,14,0
2024-11-22 01:00:00,-2.2,1.0,0.0,2,-47.62219101421843,0.0,0.0,11,7,14,0
2024-11-22 02:00:00,-2.5,2.0,0.0,0,-41.35183023076388,0.0,0.0,11,7,14,0
2024-11-22 03:00:00,-3.0,1.3,0.0,0,-33.87415309967626,0.0,0.0,11,7,14,0
2024-11-22 04:00:00,-3.8,4.5,0.0,1,-25.83761089539317,0.0,0.0,11,7,14,0
2024-11-22 05:00:00,-3.6,6.6,0.0,1,-17.715730734817043,0.0,0.0,11,7,14,0
2024-11-22 06:00:00,-4.3,6.2,0.0,1,-9.883495333224701,0.0,0.0,11,7,14,0
2024-11-22 07:00:00,-6.2,5.1,0.0,0,-2.6245781167713034,0.0,0.0,11,7,14,0
2024-11-22 08:00:00,-6.7,4.5,0.0,0,3.643913995659318,0.0,0.0,11,7,14,1
2024-11-22 09:00:00,-7.0,5.9,0.0,3,8.373061697081496,0.0029966725275539312,8.0,11,7,14,1
2024-11-22 10:00:00,-5.2,5.6,0.0,0,11.503623753539756,1.1010818029360427,62.0,11,7,14,1
2024-11-22 11:00:00,-2.2,4.9,0.0,0,12.72608521629759,2.410115313571518,134.0,11,7,14,1
2024-11-22 12:00:00,-0.8,3.5,0.0,0,11.924543679501113,3.0241961869039957,186.0,11,7,14,1
2024-11-22 13:00:00,0.2,4.4,0.0,0,9.174761041894442,2.7185331686556533,191.0,11,7,14,1
2024-11-22 14:00:00,0.2,3.4,0.0,2,4.739457245971124,1.30495758635898,119.0,11,7,14,1
2024-11-22 15:00:00,-1.1,1.9,0.6,73,-1.1175492001800365,0.30852357001354624,49.0,11,7,14,0
2024-11-22 16:00:00,-2.2,3.6,0.1,71,-8.318540222717417,0.03729169926891628,13.0,11,7,14,0
2024-11-22 17:00:00,-3.0,3.6,0.0,0,-16.05569211723109,0.0,0.0,11,7,14,0
2024-11-22 18:00:00,-3.5,3.3,0.0,0,-24.157269411040147,0.0,0.0,11,7,14,0
2024-11-22 19:00:00,-4.2,4.8,0.0,0,-32.26388469272953,0.0,0.0,11,7,14,0
2024-11-22 20:00:00,-2.5,8.4,0.0,0,-39.93092946540909,0.0,0.0,11,7,14,0
2024-11-22 21:00:00,-1.6,13.9,0.0,0,-46.55541399601316,0.0,0.0,11,7,14,0
2024-11-22 22:00:00,-1.0,14.7,0.0,0,-51.318381975477564,0.0,0.0,11,7,14,0
2024-11-22 23:00:00,-0.2,14.1,0.0,0,-53.31507721815643,0.0,0.0,11,7,14,0
2024-11-23 00:00:00,0.6,15.9,0.0,0,-52.046231067289796,0.0,0.0,11,7,14,0
2024-11-23 01:00:00,1.5,17.9,0.0,0,-47.840569966989534,0.0,0.0,11,7,14,0
2024-11-23 02:00:00,1.3,17.3,0.0,0,-41.56564771069756,0.0,0.0,11,7,14,0
2024-11-23 03:00:00,1.5,20.0,0.0,0,-34.08390087103416,0.0,0.0,11,7,14,0
2024-11-23 04:00:00,2.0,22.4,0.0,0,-26.04557615199525,0.0,0.0,11,7,14,0
2024-11-23 05:00:00,2.3,22.9,0.0,1,-17.924355633428334,0.0,0.0,11,7,14,0
2024-11-23 06:00:00,2.5,21.1,0.0,0,-10.094929899266177,0.0,0.0,11,7,14,0
2024-11-23 07:00:00,2.7,22.4,0.0,0,-2.8472132494400313,0.0,0.0,11,7,14,0
2024-11-23 08:00:00,2.9,21.2,0.0,1,3.436241913595012,0.0,0.0,11,7,14,1
2024-11-23 09:00:00,2.5,17.9,0.0,2,8.158011600848397,0.0,8.0,11,7,14,1
2024-11-23 10:00:00,3.0,16.0,0.0,3,11.290008104137968,1.4557289246218055,64.0,11,7,14,1
2024-11-23 11:00:00,3.8,15.7,0.0,3,12.519233510614413,1.8203099014315252,117.0,11,7,14,1
2024-11-23 12:00:00,4.4,15.1,0.0,3,11.729232523334616,2.295389917844114,158.0,11,7,14,1
2024-11-23 13:00:00,4.6,14.1,0.0,3,8.994605381807034,1.9277703762678324,158.0,11,7,14,1
2024-11-23 14:00:00,3.5,12.6,0.0,3,4.57798350282431,1.4692303272488452,134.0,11,7,14,1
2024-11-23 15:00:00,2.5,11.6,0.0,3,-1.2936993996767825,0.5053346513343041,68.0,11,7,14,0
2024-11-23 16:00:00,1.5,11.9,0.0,3,-8.458958660886012,0.04646858558570131,14.0,11,7,14,0
2024-11-23 17:00:00,1.1,13.1,0.0,3,-16.18745342442203,0.0,0.0,11,7,14,0
2024-11-23 18:00:00,1.2,15.0,0.0,3,-24.285607347022818,0.0,0.0,11,7,14,0
2024-11-23 19:00:00,1.2,15.7,0.0,3,-32.39478463637896,0.0,0.0,11,7,14,0
2024-11-23 20:00:00,1.3,16.9,0.1,51,-40.07148423267765,0.0,0.0,11,7,14,0
2024-11-23 21:00:00,1.8,19.8,0.2,51,-46.7132803046411,0.0,0.0,11,7,14,0
2024-11-23 22:00:00,1.6,21.8,0.9,53,-51.49911207892373,0.0,0.0,11,7,14,0
2024-11-23 23:00:00,1.5,23.0,1.0,55,-53.517017944627526,0.0,0.0,11,7,14,0
2024-11-24 00:00:00,1.6,22.7,0.7,53,-52.25930775590291,0.0,0.0,11,7,14,0
2024-11-24 01:00:00,1.6,24.1,0.5,53,-48.054272456304204,0.0,0.0,11,7,14,0
2024-11-24 02:00:00,2.4,22.6,0.0,3,-41.77543673065128,0.0,0.0,11,7,14,0
2024-11-24 03:00:00,2.7,20.7,0.1,51,-34.29000987730443,0.0,0.0,11,7,14,0
2024-11-24 04:00:00,2.7,21.2,0.1,51,-26.250054015279517,0.0,0.0,11,7,14,0
2024-11-24 05:00:00,2.9,22.7,0.2,51,-18.129435589581874,0.0,0.0,11,7,14,0
2024-11-24 06:00:00,3.2,23.6,1.4,61,-10.302559511818203,0.0,0.0,11,7,14,0
2024-11-24 07:00:00,3.7,25.3,2.0,61,-3.0643952775135403,0.0,0.0,11,7,14,0
2024-11-24 08:00:00,4.2,26.9,1.5,61,3.233620728024846,0.0,0.0,11,7,14,1
2024-11-24 09:00:00,4.7,24.1,1.3,61,7.94820442323784,0.0,1.0,11,7,14,1
2024-11-24 10:00:00,5.3,21.1,0.8,53,11.082147704054961,0.020309948520354903,9.0,11,7,14,1
2024-11-24 11:00:00,7.6,26.0,1.0,55,12.318602111670543,0.03895326991752126,12.0,11,7,14,1
2024-11-24 12:00:00,9.5,29.6,0.2,51,11.540482369355232,0.13965242011325388,28.0,11,7,14,1
2024-11-24 13:00:00,10.2,29.2,0.2,51,8.821214315705504,0.13918258248637025,28.0,11,7,14,1
2024-11-24 14:00:00,9.9,26.5,0.2,51,4.423422581425115,0.14567750214582825,29.0,11,7,14,1
2024-11-24 15:00:00,10.6,30.6,0.0,3,-1.45767607549989,0.05071025631978518,14.0,11,7,14,0
2024-11-24 16:00:00,11.2,32.3,0.2,51,-8.592415127566312,0.0,4.0,11,7,14,0
2024-11-24 17:00:00,11.2,31.2,0.8,53,-16.31226575625493,0.0,0.0,11,7,14,0
2024-11-24 18:00:00,12.4,33.7,0.2,51,-24.40693725459056,0.0,0.0,11,7,14,0
2024-11-24 19:00:00,13.3,32.2,0.0,3,-32.518567770772506,0.0,0.0,11,7,14,0
2024-11-24 20:00:00,13.6,33.7,0.1,51,-40.2047910459645,0.0,0.0,11,7,14,0
2024-11-24 21:00:00,13.4,34.7,0.3,51,-46.863834730278654,0.0,0.0,11,7,14,0
2024-11-24 22:00:00,14.1,36.9,0.1,51,-51.6727135743252,0.0,0.0,11,7,14,0
2024-11-24 23:00:00,14.8,37.8,0.0,3,-53.71242124380606,0.0,0.0,11,7,14,0
2024-11-25 00:00:00,14.9,39.5,0.0,3,-52.46673459244161,0.0,0.0,11,7,14,0
2024-11-25 01:00:00,14.9,37.0,0.0,3,-48.2631953956635,0.0,0.0,11,7,14,0
2024-11-25 02:00:00,13.6,35.5,0.1,51,-41.98109850581881,0.0,0.0,11,7,14,0
2024-11-25 03:00:00,13.0,36.5,0.5,53,-34.49238176270005,0.0,0.0,11,7,14,0
2024-11-25 04:00:00,12.6,37.8,0.5,53,-26.450943866570668,0.0,0.0,11,7,14,0
2024-11-25 05:00:00,12.9,36.8,0.1,51,-18.33086683584807,0.0,0.0,11,7,14,0
2024-11-25 06:00:00,12.9,36.0,0.2,51,-10.506279757960598,0.0,0.0,11,7,14,0
2024-11-25 07:00:00,12.6,36.0,0.4,51,-3.276283950478529,0.0,0.0,11,7,14,0
2024-11-25 08:00:00,12.2,34.3,0.4,51,3.036174087365552,0.0,0.0,11,7,14,1
2024-11-25 09:00:00,11.9,34.1,0.4,51,7.743741555150464,0.0,3.0,11,7,14,1
2024-11-25 10:00:00,11.9,32.9,0.3,51,10.880137987386746,0.07537177076629847,18.0,11,7,14,1
2024-11-25 11:00:00,11.7,29.5,0.3,51,12.124278128036678,0.13818241473480514,28.0,11,7,14,1
2024-11-25 12:00:00,11.5,25.2,0.2,51,11.358370407114776,0.1633750193735556,32.0,11,7,14,1
2024-11-25 13:00:00,11.5,24.5,0.1,51,8.654653132883851,0.169637807119467,33.0,11,7,14,1
2024-11-25 14:00:00,11.0,23.6,0.2,51,4.275804791238542,0.07573447052474873,18.0,11,7,14,1
2024-11-25 15:00:00,10.6,22.8,0.0,3,-1.6109201175526664,0.1325768027421065,27.0,11,7,14,0
2024-11-25 16:00:00,10.1,22.3,0.0,3,-8.71887046795247,0.0,5.0,11,7,14,0
2024-11-25 17:00:00,9.9,22.4,0.0,3,-16.430093680637256,0.0,0.0,11,7,14,0
2024-11-25 18:00:00,9.8,23.4,0.0,3,-24.521227501561498,0.0,0.0,11,7,14,0
2024-11-25 19:00:00,9.6,23.6,0.0,3,-32.63520190605959,0.0,0.0,11,7,14,0
2024-11-25 20:00:00,9.3,23.4,0.0,3,-40.33081000645615,0.0,0.0,11,7,14,0
2024-11-25 21:00:00,9.1,23.6,0.0,2,-47.00701993454476,0.0,0.0,11,7,14,0
2024-11-25 22:00:00,8.6,23.3,0.0,0,-51.839103912889925,0.0,0.0,11,7,14,0
2024-11-25 23:00:00,8.4,23.9,0.0,0,-53.90118378082383,0.0,0.0,11,7,14,0
2024-11-26 00:00:00,8.2,25.1,0.0,0,-52.6684032030316,0.0,0.0,11,7,14,0
2024-11-26 01:00:00,8.2,26.4,0.0,0,-48.46723500070752,0.0,0.0,11,7,14,0
2024-11-26 02:00:00,8.4,26.7,0.0,0,-42.18253321957636,0.0,0.0,11,7,14,0
2024-11-26 03:00:00,8.3,27.7,0.0,0,-34.69091713657183,0.0,0.0,11,7,14,0
2024-11-26 04:00:00,8.2,28.9,0.0,0,-26.64814423997879,0.0,0.0,11,7,14,0
2024-11-26 05:00:00,8.1,30.3,0.0,0,-18.528545056658814,0.0,0.0,11,7,14,0
2024-11-26 06:00:00,8.1,30.8,0.0,0,-10.7059858307437,0.0,0.0,11,7,14,0
2024-11-26 07:00:00,7.9,30.3,0.0,0,-3.482970387868207,0.0,0.0,11,7,14,0
2024-11-26 08:00:00,7.9,29.9,0.0,0,2.8440248931280365,0.0,0.0,11,7,14,1
2024-11-26 09:00:00,8.0,28.9,0.0,1,7.5447225980635295,0.0,5.0,11,7,14,1
2024-11-26 10:00:00,8.1,27.4,0.4,51,10.684072520569288,1.0748983478589387,52.0,11,7,14,1
2024-11-26 11:00:00,7.4,31.4,0.7,53,11.936346502743746,0.5050256646160761,55.0,11,7,14,1
2024-11-26 12:00:00,7.2,32.2,0.6,53,11.182971296871784,0.2725230451348906,39.0,11,7,14,1
2024-11-26 13:00:00,7.1,30.1,0.4,51,8.494984102500212,0.12157392677736291,23.0,11,7,14,1
2024-11-26 14:00:00,7.8,28.3,0.2,51,4.135160137346162,0.3570212094865953,59.0,11,7,14,1
2024-11-26 15:00:00,7.8,25.7,0.1,51,-1.754357946511746,0.224009835694951,40.0,11,7,14,0
2024-11-26 16:00:00,7.7,23.6,0.0,3,-8.838288780683115,0.019796621949804666,9.0,11,7,14,0
2024-11-26 17:00:00,7.6,22.9,0.0,3,-16.54090566524586,0.0,0.0,11,7,14,0
2024-11-26 18:00:00,7.2,22.0,0.0,3,-24.628450650384153,0.0,0.0,11,7,14,0
2024-11-26 19:00:00,6.8,20.3,0.0,3,-32.74465931928701,0.0,0.0,11,7,14,0
2024-11-26 20:00:00,6.7,19.9,0.0,1,-40.44950589038049,0.0,0.0,11,7,14,0
2024-11-26 21:00:00,6.2,20.0,0.0,1,-47.14278317088451,0.0,0.0,11,7,14,0
2024-11-26 22:00:00,5.9,19.1,0.0,1,-51.99820430815734,0.0,0.0,11,7,14,0
2024-11-26 23:00:00,6.2,20.8,0.0,1,-54.083204279623715,0.0,0.0,11,7,14,0
2024-11-27 00:00:00,6.6,20.2,0.0,2,-52.864205578031516,0.0,0.0,11,7,14,0
2024-11-27 01:00:00,6.5,20.0,0.0,1,-48.66628688981811,0.0,0.0,11,7,14,0
2024-11-27 02:00:00,6.4,19.7,0.0,0,-42.37964010999724,0.0,0.0,11,7,14,0
2024-11-27 03:00:00,6.2,20.4,0.0,1,-34.88551566242589,0.0,0.0,11,7,14,0
2024-11-27 04:00:00,6.2,20.0,0.0,2,-26.84155291972914,0.0,0.0,11,7,14,0
2024-11-27 05:00:00,6.3,19.9,0.0,1,-18.722365495053182,0.0,0.0,11,7,14,0
2024-11-27 06:00:00,6.3,19.2,0.0,0,-10.901572670675108,0.0,0.0,11,7,14,0
2024-11-27 07:00:00,6.3,19.3,0.0,1,-3.6844979742248256,0.0,0.0,11,7,14,0
2024-11-27 08:00:00,6.5,18.7,0.0,2,2.657293456415985,0.0,0.0,11,7,14,1
2024-11-27 09:00:00,6.4,16.7,0.0,3,7.351245225688714,0.0,3.0,11,7,14,1
2024-11-27 10:00:00,6.8,14.9,0.0,2,10.49404290239842,0.7378917419139377,40.0,11,7,14,1
2024-11-27 11:00:00,7.3,13.7,0.0,3,11.754889929255327,1.1195108520230745,84.0,11,7,14,1
2024-11-27 12:00:00,7.8,11.2,0.0,2,11.014357100394037,1.3440218846106655,111.0,11,7,14,1
2024-11-27 13:00:00,8.0,10.4,0.0,2,8.342266427674389,1.5979190197245592,130.0,11,7,14,1
2024-11-27 14:00:00,7.4,8.6,0.0,1,4.001517308711641,1.3696713078653213,116.0,11,7,14,1
2024-11-27 15:00:00,6.5,6.7,0.0,2,-1.8886079404037162,0.6252037547196097,67.0,11,7,14,0
2024-11-27 16:00:00,4.9,4.0,0.0,3,-8.950637499788883,0.007833071393848723,10.0,11,7,14,0
2024-11-27 17:00:00,4.4,0.9,0.0,3,-16.644674102209166,0.0,0.0,11,7,14,0
2024-11-27 18:00:00,4.0,2.7,0.0,3,-24.728583475585523,0.0,0.0,11,7,14,0
2024-11-27 19:00:00,4.2,9.2,0.0,3,-32.84691677573835,0.0,0.0,11,7,14,0
2024-11-27 20:00:00,4.8,11.7,0.0,3,-40.560848193040925,0.0,0.0,11,7,14,0
2024-11-27 21:00:00,5.1,12.6,0.0,3,-47.27107638021178,0.0,0.0,11,7,14,0
2024-11-27 22:00:00,4.6,13.2,0.0,3,-52.149939899747494,0.0,0.0,11,7,14,0
2024-11-27 23:00:00,4.7,15.1,0.0,3,-54.25838371167248,0.0,0.0,11,7,14,0
2024-11-28 00:00:00,4.8,16.0,0.1,51,-53.054034221852646,0.0,0.0,11,7,14,0
2024-11-28 01:00:00,5.1,17.6,0.0,3,-48.860246192507844,0.0,0.0,11,7,14,0
2024-11-28 02:00:00,5.2,17.9,0.0,3,-42.572317562833575,0.0,0.0,11,7,14,0
2024-11-28 03:00:00,5.1,19.3,0.0,3,-35.07607615221528,0.0,0.0,11,7,14,0
2024-11-28 04:00:00,4.8,19.2,0.0,3,-27.031067041739746,0.0,0.0,11,7,14,0
2024-11-28 05:00:00,4.7,18.7,0.0,3,-18.91222306267308,0.0,0.0,11,7,14,0
2024-11-28 06:00:00,4.8,18.8,0.0,3,-11.092935105621507,0.0,0.0,11,7,14,0
2024-11-28 07:00:00,4.8,18.3,0.0,3,-3.8808761657762716,0.0,0.0,11,7,14,0
2024-11-28 08:00:00,5.0,18.3,0.0,3,2.47609582169936,0.0,0.0,11,7,14,1
2024-11-28 09:00:00,4.9,17.9,0.0,3,7.16340504909482,0.0,2.0,11,7,14,1
2024-11-28 10:00:00,5.2,17.2,0.0,3,10.310138665876806,0.14580777572817835,23.0,11,7,14,1
2024-11-28 11:00:00,5.3,17.5,0.0,3,11.579988769433342,0.40192651362345927,51.0,11,7,14,1
2024-11-28 12:00:00,5.6,18.8,0.0,3,10.852597214750986,0.5021233840114758,67.0,11,7,14,1
2024-11-28 13:00:00,5.6,20.3,0.0,3,8.196556206263338,0.6299856963358936,81.0,11,7,14,1
2024-11-28 14:00:00,5.4,15.0,0.0,3,3.8749028782809347,0.3454626173075602,55.0,11,7,14,1
2024-11-28 15:00:00,5.3,13.6,0.0,3,-2.014095404684028,0.19752046429146108,31.0,11,7,14,0
2024-11-28 16:00:00,5.1,13.2,0.0,0,-9.05588746513314,0.0,5.0,11,7,14,0
2024-11-28 17:00:00,4.4,9.5,0.0,3,-16.74137532761118,0.0,0.0,11,7,14,0
2024-11-28 18:00:00,4.4,8.9,0.0,1,-24.821606974919618,0.0,0.0,11,7,14,0
2024-11-28 19:00:00,3.5,8.6,0.0,0,-32.94195554243095,0.0,0.0,11,7,14,0
2024-11-28 20:00:00,2.8,8.3,0.0,0,-40.664811163531624,0.0,0.0,11,7,14,0
2024-11-28 21:00:00,2.2,5.3,0.0,0,-47.39185627724106,0.0,0.0,11,7,14,0
2024-11-28 22:00:00,1.7,4.9,0.0,0,-52.294239912226914,0.0,0.0,11,7,14,0
2024-11-28 23:00:00,1.5,1.5,0.0,0,-54.42662548795309,0.0,0.0,11,7,14,0
2024-11-29 00:00:00,1.3,3.5,0.0,1,-53.23778231061749,0.0,0.0,11,7,14,0
2024-11-29 01:00:00,2.1,5.1,0.0,2,-49.04900766553922,0.0,0.0,11,7,14,0
2024-11-29 02:00:00,2.6,9.0,0.0,2,-42.76046321088256,0.0,0.0,11,7,14,0
2024-11-29 03:00:00,2.5,9.8,0.0,2,-35.26249666575788,0.0,0.0,11,7,14,0
2024-11-29 04:00:00,2.3,9.8,0.0,2,-27.216583199252184,0.0,0.0,11,7,14,0
2024-11-29 05:00:00,2.0,11.0,0.0,3,-19.098012452776544,0.0,0.0,11,7,14,0
2024-11-29 06:00:00,1.9,12.4,0.0,3,-11.279967989491666,0.0,0.0,11,7,14,0
2024-11-29 07:00:00,2.2,14.8,0.0,3,-4.07208987867368,0.0,0.0,11,7,14,0
2024-11-29 08:00:00,2.7,15.1,0.0,3,2.30054226759016,0.0,0.0,11,7,14,1
2024-11-29 09:00:00,3.0,15.7,0.0,3,6.981295486799226,0.0,1.0,11,7,14,1
2024-11-29 10:00:00,3.6,17.1,0.0,3,10.132447182386343,0.08535048997969637,19.0,11,7,14,1
2024-11-29 11:00:00,4.3,17.4,0.0,3,11.411720973801536,0.17521068369859516,33.0,11,7,14,1
2024-11-29 12:00:00,4.8,19.2,0.0,3,10.69775830935167,0.2680247518386916,45.0,11,7,14,1
2024-11-29 13:00:00,5.2,19.0,0.0,3,8.057906398525517,0.16169505477641216,31.0,11,7,14,1
2024-11-29 14:00:00,5.4,18.5,0.1,51,3.7553406983017794,0.05884923737591344,15.0,11,7,14,1
2024-11-29 15:00:00,5.6,18.3,0.0,3,-2.131120108672789,0.05235667025601259,14.0,11,7,14,0
2024-11-29 16:00:00,5.8,18.8,0.0,3,-9.154012982627563,0.0,4.0,11,7,14,0
2024-11-29 17:00:00,6.1,18.5,0.0,3,-16.830989635838577,0.0,0.0,11,7,14,0
2024-11-29 18:00:00,5.9,17.4,0.0,3,-24.90750637422289,0.0,0.0,11,7,14,0
2024-11-29 19:00:00,6.0,17.7,0.0,3,-33.02976139373652,0.0,0.0,11,7,14,0
2024-11-29 20:00:00,5.9,19.3,0.0,3,-40.76137382992928,0.0,0.0,11,7,14,0
2024-11-29 21:00:00,5.9,18.9,0.0,3,-47.50508442695437,0.0,0.0,11,7,14,0
2024-11-29 22:00:00,5.7,18.8,0.0,3,-52.43103780814957,0.0,0.0,11,7,14,0
2024-11-29 23:00:00,5.8,18.0,0.0,3,-54.58783565340275,0.0,0.0,11,7,14,0
2024-11-30 00:00:00,5.6,18.5,0.0,3,-53.41534385733223,0.0,0.0,11,7,14,0
2024-11-30 01:00:00,4.9,18.4,0.0,3,-49.232465816670526,0.0,0.0,11,7,14,0
2024-11-30 02:00:00,4.8,19.5,0.0,1,-42.943974039641574,0.0,0.0,11,7,14,0
2024-11-30 03:00:00,4.2,19.0,0.0,3,-35.444674615127894,0.0,0.0,11,7,14,0
2024-11-30 04:00:00,4.2,19.0,0.0,3,-27.39799755230696,0.0,0.0,11,7,14,0
2024-11-30 05:00:00,3.8,19.3,0.0,0,-19.279628256036332,0.0,0.0,11,7,14,0
2024-11-30 06:00:00,3.0,19.6,0.0,0,-11.462566339961839,0.0,0.0,11,7,14,0
2024-11-30 07:00:00,2.3,19.6,0.0,0,-4.258106038069215,0.0,0.0,11,7,14,0
2024-11-30 08:00:00,2.0,20.0,0.0,0,2.130735992697865,0.0,0.0,11,7,14,1
2024-11-30 09:00:00,2.0,19.5,0.0,1,6.805007641349903,0.0,3.0,11,7,14,1
2024-11-30 10:00:00,2.5,19.8,0.0,3,9.961053568669612,1.1118744920956465,47.0,11,7,14,1
2024-11-30 11:00:00,3.2,16.6,0.0,3,11.25016200442009,0.6978884353388797,74.0,11,7,14,1
2024-11-30 12:00:00,3.8,17.5,0.0,3,10.549904266451293,0.3622154461278547,62.0,11,7,14,1
2024-11-30 13:00:00,4.8,17.4,0.0,2,7.926366801775245,0.8026833629326455,91.0,11,7,14,1
2024-11-30 14:00:00,5.4,18.4,1.8,61,3.6428514732324544,0.4482176477170595,56.0,11,7,14,1
2024-11-30 15:00:00,5.8,17.2,0.0,3,-2.239897750115759,0.12480921054750471,23.0,11,7,14,0
2024-11-30 16:00:00,5.8,16.1,0.0,3,-9.24499187524971,0.0,5.0,11,7,14,0
2024-11-30 17:00:00,6.1,15.5,0.0,3,-16.913501288812753,0.0,0.0,11,7,14,0
2024-11-30 18:00:00,5.9,16.2,0.0,3,-24.986271126006613,0.0,0.0,11,7,14,0
2024-11-30 19:00:00,6.4,16.4,0.0,3,-33.110324609117086,0.0,0.0,11,7,14,0
2024-11-30 20:00:00,6.8,16.3,0.0,3,-40.85052001480861,0.0,0.0,11,7,14,0
2024-11-30 21:00:00,7.0,16.8,0.0,3,-47.61072731068606,0.0,0.0,11,7,14,0
2024-11-30 22:00:00,7.2,18.4,0.0,3,-52.560271434309726,0.0,0.0,11,7,14,0
2024-11-30 23:00:00,7.3,19.1,0.0,3,-54.74192308290472,0.0,0.0,11,7,14,0
2024-12-01 00:00:00,7.4,17.9,0.0,3,-53.58661388417616,0.0,0.0,11,7,14,0
2024-12-01 01:00:00,7.4,17.3,0.0,3,-49.41051503589361,0.0,0.0,11,7,14,0
2024-12-01 02:00:00,7.0,16.1,0.0,3,-43.12274649913664,0.0,0.0,11,7,14,0
2024-12-01 03:00:00,7.1,15.8,0.0,3,-35.6225068738528,0.0,0.0,11,7,14,0
2024-12-01 04:00:00,6.9,15.1,0.0,3,-27.57520594085038,0.0,0.0,11,7,14,0
2024-12-01 05:00:00,7.0,14.7,0.0,3,-19.456965078877516,0.0,0.0,11,7,14,0
2024-12-01 06:00:00,7.2,14.2,0.0,3,-11.640625475411113,0.0,0.0,11,7,14,0
2024-12-01 07:00:00,7.3,16.3,0.0,3,-4.438878253523583,0.0,0.0,11,7,14,0
2024-12-01 08:00:00,7.5,16.4,0.0,3,1.9667719928670664,0.0,0.0,11,7,14,1
2024-12-01 09:00:00,7.3,16.6,0.0,3,6.63463018389298,0.0,1.0,11,7,14,1
2024-12-01 10:00:00,7.6,16.9,0.0,3,9.796040597128538,0.08990363843335868,20.0,11,7,14,1
2024-12-01 11:00:00,7.9,16.9,0.0,3,11.095384760656415,0.47263172943089904,58.0,11,7,14,1
2024-12-01 12:00:00,8.4,15.7,0.0,3,10.409096125316822,0.3793625362181161,58.0,11,7,14,1
2024-12-01 13:00:00,8.1,15.7,0.0,3,7.80198403200437,0.4518590389576342,69.0,11,7,14,1
2024-12-01 14:00:00,8.2,14.3,0.0,3,3.5374524918532018,0.3179342106163753,51.0,11,7,14,1
2024-12-01 15:00:00,8.1,15.0,0.0,3,-2.340586378116967,0.14045602356824458,28.0,11,7,14,0
2024-12-01 16:00:00,7.9,15.2,0.0,3,-9.328805525704809,0.0,4.0,11,7,14,0
2024-12-01 17:00:00,7.6,18.2,0.0,3,-16.988898520150357,0.0,0.0,11,7,14,0
2024-12-01 18:00:00,6.8,18.5,0.0,3,-25.057894901838836,0.0,0.0,11,7,14,0
2024-12-01 19:00:00,5.8,19.8,0.0,3,-33.18363996300579,0.0,0.0,11,7,14,0
2024-12-01 20:00:00,5.3,19.8,0.0,3,-40.93223834098035,0.0,0.0,11,7,14,0
2024-12-01 21:00:00,5.2,19.5,0.0,3,-47.708756381381306,0.0,0.0,11,7,14,0
2024-12-01 22:00:00,5.2,19.4,0.0,3,-52.68188316027022,0.0,0.0,11,7,14,0
2024-12-01 23:00:00,5.1,18.6,0.0,3,-54.888799677880115,0.0,0.0,11,7,14,0
2024-12-02 00:00:00,5.1,16.6,0.7,53,-53.751488601455264,0.0,0.0,11,7,14,0
2024-12-02 01:00:00,5.6,18.9,0.0,3,-49.58304973400067,0.0,0.0,11,7,14,0
2024-12-02 02:00:00,4.3,16.7,0.5,53,-43.29667662178048,0.0,0.0,11,7,14,0
2024-12-02 03:00:00,5.2,17.7,0.3,51,-35.79588989074017,0.0,0.0,11,7,14,0
2024-12-02 04:00:00,6.3,18.7,0.0,3,-27.74810400124194,0.0,0.0,11,7,14,0
2024-12-02 05:00:00,7.1,18.0,0.0,3,-19.62991766410724,0.0,0.0,11,7,14,0
2024-12-02 06:00:00,7.8,18.7,0.0,3,-11.814041151153589,0.0,0.0,11,7,14,0
2024-12-02 07:00:00,8.5,20.4,0.0,3,-4.614350228308922,0.0,0.0,11,7,14,0
2024-12-02 08:00:00,9.1,17.4,0.0,3,1.8087361342663542,0.0,0.0,11,7,14,1
2024-12-02 09:00:00,9.3,17.5,0.1,51,6.470249248082055,0.0,0.0,11,7,14,1
2024-12-02 10:00:00,9.6,18.4,0.0,3,9.637488609897048,0.0003912710783092245,6.0,11,7,14,1
2024-12-02 11:00:00,9.9,21.5,0.1,51,10.947459508128787,0.10145909461717259,22.0,11,7,14,1
2024-12-02 12:00:00,10.0,19.9,0.0,3,10.275392030206717,0.22744545758268436,42.0,11,7,14,1
2024-12-02 13:00:00,9.8,19.5,0.1,51,7.684801512314877,0.2597089312765168,45.0,11,7,14,1
2024-12-02 14:00:00,9.6,20.8,0.1,51,3.439157499670827,0.46435716986470343,59.0,11,7,14,1
2024-12-02 15:00:00,9.7,20.7,0.1,51,-2.4333037739131527,0.1418883272404311,26.0,11,7,14,0
2024-12-02 16:00:00,9.0,19.9,0.1,51,-9.405438911415445,0.0,4.0,11,7,14,0
2024-12-02 17:00:00,8.6,19.5,0.0,3,-17.05717353430269,0.0,0.0,11,7,14,0
2024-12-02 18:00:00,8.4,19.2,0.0,3,-25.12237557858046,0.0,0.0,11,7,14,0
2024-12-02 19:00:00,8.2,18.5,0.0,3,-33.249706706895736,0.0,0.0,11,7,14,0
2024-12-02 20:00:00,8.1,17.4,0.0,3,-41.006522227396914,0.0,0.0,11,7,14,0
2024-12-02 21:00:00,8.1,16.4,0.0,3,-47.79914810762409,0.0,0.0,11,7,14,0
2024-12-02 22:00:00,7.5,14.5,0.0,1,-52.795820008249876,0.0,0.0,11,7,14,0
2024-12-02 23:00:00,6.4,14.7,0.0,1,-55.02838056247816,0.0,0.0,11,7,14,0
2024-12-03 00:00:00,5.5,13.5,0.0,1,-53.90986559268657,0.0,0.0,11,7,14,0
2024-12-03 01:00:00,4.8,12.4,0.0,1,-49.749964488257035,0.0,0.0,11,7,14,0
2024-12-03 02:00:00,5.2,10.5,0.0,3,-43.46566014611423,0.0,0.0,11,7,14,0
2024-12-03 03:00:00,5.6,11.4,0.0,3,-35.964719808143315,0.0,0.0,11,7,14,0
2024-12-03 04:00:00,5.5,14.2,0.0,3,-27.916587285940167,0.0,0.0,11,7,14,0
2024-12-03 05:00:00,4.7,16.8,0.0,3,-19.798381013576673,0.0,0.0,11,7,14,0
2024-12-03 06:00:00,4.3,17.6,0.0,3,-11.982709694990831,0.0,0.0,11,7,14,0
2024-12-03 07:00:00,4.1,21.7,0.0,3,-4.784458294896837,0.0,0.0,11,7,14,0
2024-12-03 08:00:00,3.9,22.7,0.0,3,1.656704424849707,0.0,0.0,11,7,14,1
2024-12-03 09:00:00,3.8,22.1,0.0,3,6.3119483344909355,0.0,0.0,11,7,14,1
2024-12-03 10:00:00,4.0,22.9,0.0,3,9.485475437145524,0.2521585114200922,21.0,11,7,14,1
2024-12-03 11:00:00,4.1,26.4,0.0,3,10.806453811058333,0.3532016797108375,45.0,11,7,14,1
2024-12-03 12:00:00,4.0,27.1,0.0,3,10.148847182268838,0.3328056504884343,52.0,11,7,14,1
2024-12-03 13:00:00,4.0,27.3,0.0,3,7.574859467879605,0.521489074994595,72.0,11,7,14,1
2024-12-03 14:00:00,3.7,26.6,0.0,3,3.3479766924325958,0.1934176689529325,34.0,11,7,14,1
2024-12-03 15:00:00,3.4,24.5,0.0,2,-2.5181392000499443,0.17230067360658674,30.0,11,7,14,0
2024-12-03 16:00:00,2.7,23.3,0.0,1,-9.474880632401181,0.0,5.0,11,7,14,0
2024-12-03 17:00:00,2.0,21.6,0.0,0,-17.118322500735587,0.0,0.0,11,7,14,0
2024-12-03 18:00:00,1.6,20.6,0.0,0,-25.179715218566827,0.0,0.0,11,7,14,0
2024-12-03 19:00:00,1.2,20.0,0.0,0,-33.30852854372796,0.0,0.0,11,7,14,0
2024-12-03 20:00:00,1.2,19.5,0.0,2,-41.07336987522436,0.0,0.0,11,7,14,0
2024-12-03 21:00:00,1.2,19.0,0.0,3,-47.8818840061073,0.0,0.0,11,7,14,0
2024-12-03 22:00:00,1.1,17.3,0.0,3,-52.90203377348175,0.0,0.0,11,7,14,0
2024-12-03 23:00:00,1.2,17.5,0.0,3,-55.160584278311234,0.0,0.0,11,7,14,0
2024-12-04 00:00:00,1.5,16.5,0.0,3,-54.0616440052315,0.0,0.0,11,7,14,0
2024-12-04 01:00:00,1.6,15.8,0.0,3,-49.91115419494474,0.0,0.0,11,7,14,0
2024-12-04 02:00:00,1.4,15.0,0.0,3,-43.62959264625019,0.0,0.0,11,7,14,0
2024-12-04 03:00:00,1.5,15.0,0.0,3,-36.12889258446722,0.0,0.0,11,7,14,0
2024-12-04 04:00:00,1.5,13.8,0.1,71,-28.080551386127013,0.0,0.0,11,7,14,0
2024-12-04 05:00:00,1.4,13.6,0.3,71,-19.962250512616734,0.0,0.0,11,7,14,0
2024-12-04 06:00:00,1.2,13.9,0.4,73,-12.146528142060617,0.0,0.0,11,7,14,0
2024-12-04 07:00:00,1.5,13.4,0.3,71,-4.949133335756429,0.0,0.0,11,7,14,0
2024-12-04 08:00:00,1.9,14.0,0.1,51,1.5107424847420816,0.0,0.0,11,7,14,1
2024-12-04 09:00:00,2.2,15.0,0.1,51,6.159808226374636,0.0,0.0,11,7,14,1
2024-12-04 10:00:00,2.7,14.5,0.0,3,9.340076320021637,0.01436717259287809,8.0,11,7,14,1
2024-12-04 11:00:00,3.0,12.8,0.1,51,10.6724324682463,0.06616572970602971,16.0,11,7,14,1
2024-12-04 12:00:00,3.0,12.6,0.3,51,10.029513795425274,0.04672597715422324,13.0,11,7,14,1
2024-12-04 13:00:00,2.9,11.9,0.3,51,7.472194927014499,0.046754608682400015,13.0,11,7,14,1
2024-12-04 14:00:00,3.0,13.3,0.1,51,3.263916811523572,0.05320924520743719,14.0,11,7,14,1
2024-12-04 15:00:00,3.0,13.9,0.0,3,-2.595161531891179,0.0402479205467572,12.0,11,7,14,0
2024-12-04 16:00:00,2.9,13.3,0.0,3,-9.537122932510314,0.0,1.0,11,7,14,0
2024-12-04 17:00:00,2.8,13.6,0.0,3,-17.17234554321233,0.0,0.0,11,7,14,0
2024-12-04 18:00:00,2.8,14.1,0.0,3,-25.22992004383535,0.0,0.0,11,7,14,0
2024-12-04 19:00:00,2.8,13.6,0.0,3,-33.36011359470356,0.0,0.0,11,7,14,0
2024-12-04 20:00:00,2.8,12.5,0.0,3,-41.13278424413062,0.0,0.0,11,7,14,0
2024-12-04 21:00:00,2.8,11.2,0.0,3,-47.95695066228021,0.0,0.0,11,7,14,0
2024-12-04 22:00:00,2.9,13.0,0.0,3,-53.000481134197884,0.0,0.0,11,7,14,0
2024-12-04 23:00:00,2.8,13.8,0.0,3,-55.28533297664836,0.0,0.0,11,7,14,0
2024-12-05 00:00:00,2.8,13.7,0.0,2,-54.20672474581406,0.0,0.0,11,7,14,0
2024-12-05 01:00:00,2.8,13.4,0.0,3,-50.06651422848046,0.0,0.0,11,7,14,0
2024-12-05 02:00:00,2.4,14.6,0.0,3,-43.78836966682354,0.0,0.0,11,7,14,0
2024-12-05 03:00:00,2.3,15.1,0.0,3,-36.2883041207086,0.0,0.0,11,7,14,0
2024-12-05 04:00:00,2.3,15.1,0.0,3,-28.23989205703046,0.0,0.0,11,7,14,0
2024-12-05 05:00:00,2.3,15.8,0.0,3,-20.121422055990593,0.0,0.0,11,7,14,0
2024-12-05 06:00:00,2.2,17.7,0.0,3,-12.305394368914392,0.0,0.0,11,7,14,0
2024-12-05 07:00:00,2.1,18.7,0.0,3,-5.108302264186108,0.0,0.0,11,7,14,0
2024-12-05 08:00:00,2.2,18.4,0.0,3,1.3709052140740141,0.0,0.0,11,7,14,1
2024-12-05 09:00:00,2.9,19.9,0.0,3,6.013906917225171,0.0,0.0,11,7,14,1
2024-12-05 10:00:00,3.5,20.6,0.0,3,9.201363838587923,0.11228121323538809,17.0,11,7,14,1
2024-12-05 11:00:00,4.1,22.1,0.0,3,10.545457452844445,1.0204927892969724,76.0,11,7,14,1
2024-12-05 12:00:00,4.5,21.9,0.0,3,9.917441056245622,1.7644299342931573,120.0,11,7,14,1
2024-12-05 13:00:00,4.9,25.3,0.0,3,7.376841727826587,0.6978212743278465,69.0,11,7,14,1
2024-12-05 14:00:00,5.1,26.1,0.0,3,3.1869813222318157,0.44922113377955214,65.0,11,7,14,1
2024-12-05 15:00:00,4.9,26.7,0.0,3,-2.664425000597916,0.22953977657172486,39.0,11,7,14,0
2024-12-05 16:00:00,4.5,26.7,0.0,3,-9.592161714388084,0.0,5.0,11,7,14,0
2024-12-05 17:00:00,4.6,26.8,0.0,3,-17.21924672424977,0.0,0.0,11,7,14,0
2024-12-05 18:00:00,4.7,28.2,0.0,3,-25.273000404517987,0.0,0.0,11,7,14,0
2024-12-05 19:00:00,4.4,30.8,0.5,53,-33.40447435867297,0.0,0.0,11,7,14,0
2024-12-05 20:00:00,3.8,29.7,1.0,55,-41.18477301888325,0.0,0.0,11,7,14,0
2024-12-05 21:00:00,3.4,28.0,1.3,61,-48.02433973897942,0.0,0.0,11,7,14,0
2024-12-05 22:00:00,3.5,26.8,0.9,53,-53.09112375045257,0.0,0.0,11,7,14,0
2024-12-05 23:00:00,3.4,25.6,0.4,51,-55.40255260695383,0.0,0.0,11,7,14,0
2024-12-06 00:00:00,3.6,25.7,0.3,51,-54.34501068020933,0.0,0.0,11,7,14,0
2024-12-06 01:00:00,4.1,24.2,0.0,3,-50.21594060677239,0.0,0.0,11,7,14,0
2024-12-06 02:00:00,4.2,21.9,0.1,51,-43.9418868632375,0.0,0.0,11,7,14,0
2024-12-06 03:00:00,4.2,22.1,0.1,51,-36.44285039081427,0.0,0.0,11,7,14,0
2024-12-06 04:00:00,4.2,23.4,0.0,3,-28.394505345706534,0.0,0.0,11,7,14,0
2024-12-06 05:00:00,4.2,22.2,0.0,3,-20.275792175092676,0.0,0.0,11,7,14,0
2024-12-06 06:00:00,4.4,21.3,0.0,3,-12.459207226727287,0.0,0.0,11,7,14,0
2024-12-06 07:00:00,4.6,20.4,0.0,3,-5.261889185181346,0.0,0.0,11,7,14,0
2024-12-06 08:00:00,4.6,19.9,0.1,51,1.2372366547717917,0.0,0.0,11,7,14,1
2024-12-06 09:00:00,4.8,18.7,0.0,3,5.874319550127851,0.0,0.0,11,7,14,1
2024-12-06 10:00:00,5.1,16.7,0.0,3,9.069407845052709,0.007473492294290367,7.0,11,7,14,1
2024-12-06 11:00:00,5.2,15.5,0.0,3,10.425587856049106,0.03962186791337696,12.0,11,7,14,1
2024-12-06 12:00:00,5.2,14.5,0.0,3,9.81267508777168,0.10387705450403394,22.0,11,7,14,1
2024-12-06 13:00:00,5.2,13.0,0.0,3,7.2888305297887825,0.16160122638025973,31.0,11,7,14,1
2024-12-06 14:00:00,5.2,10.6,0.0,3,3.117170656294121,0.12308731878338153,25.0,11,7,14,1
2024-12-06 15:00:00,4.9,7.6,0.1,51,-2.7259733196975446,0.05254914861512699,14.0,11,7,14,0
2024-12-06 16:00:00,4.7,5.6,0.3,51,-9.639996548490672,0.0,1.0,11,7,14,0
2024-12-06 17:00:00,4.3,6.1,0.3,51,-17.259034024821673,0.0,0.0,11,7,14,0
2024-12-06 18:00:00,4.2,6.7,0.2,51,-25.308970741531112,0.0,0.0,11,7,14,0
2024-12-06 19:00:00,4.0,5.4,0.1,51,-33.44162766427952,0.0,0.0,11,7,14,0
2024-12-06 20:00:00,3.8,5.9,0.1,51,-41.22934856640961,0.0,0.0,11,7,14,0
2024-12-06 21:00:00,3.8,6.8,0.0,3,-48.08404797292502,0.0,0.0,11,7,14,0
2024-12-06 22:00:00,3.4,3.5,0.0,3,-53.173928351047664,0.0,0.0,11,7,14,0
2024-12-06 23:00:00,3.7,0.6,0.0,3,-55.51217310062978,0.0,0.0,11,7,14,0
2024-12-07 00:00:00,3.6,1.7,0.0,3,-54.47640683631147,0.0,0.0,11,7,14,0
2024-12-07 01:00:00,3.3,4.5,0.0,3,-50.35933016244624,0.0,0.0,11,7,14,0
2024-12-07 02:00:00,3.7,5.6,0.0,3,-44.090040146964725,0.0,0.0,11,7,14,0
2024-12-07 03:00:00,3.5,6.2,0.0,3,-36.592427575626516,0.0,0.0,11,7,14,0
2024-12-07 04:00:00,3.5,8.9,0.0,3,-28.54428772102861,0.0,0.0,11,7,14,0
2024-12-07 05:00:00,3.8,13.7,0.0,3,-20.425258166138434,0.0,0.0,11,7,14,0
2024-12-07 06:00:00,3.9,15.2,0.0,3,-12.607866673515403,0.0,0.0,11,7,14,0
2024-12-07 07:00:00,4.1,15.8,0.0,3,-5.409816320147684,0.0,0.0,11,7,14,0
2024-12-07 08:00:00,4.2,17.4,0.0,3,1.109770040783502,0.0,0.0,11,7,14,1
2024-12-07 09:00:00,4.3,18.5,0.1,51,5.741118368418256,0.0,0.0,11,7,14,1
2024-12-07 10:00:00,4.6,20.0,0.1,51,8.94427540252508,0.0,4.0,11,7,14,1
2024-12-07 11:00:00,4.7,20.4,0.0,3,10.312879834809877,0.06554730337629165,16.0,11,7,14,1
2024-12-07 12:00:00,4.9,21.0,0.2,51,9.715258917200188,0.13623312845924285,27.0,11,7,14,1
2024-12-07 13:00:00,5.1,20.3,0.1,51,7.208188829501282,0.12324978106459382,25.0,11,7,14,1
2024-12-07 14:00:00,5.1,19.8,0.1,51,3.054482500794407,0.03322440640649599,11.0,11,7,14,1
2024-12-07 15:00:00,5.1,18.7,0.3,51,-2.7798426927092663,0.0,4.0,11,7,14,0
2024-12-07 16:00:00,5.0,17.9,0.6,53,-9.680630676408583,0.0,1.0,11,7,14,0
2024-12-07 17:00:00,5.2,18.2,0.8,53,-17.291719319385763,0.0,0.0,11,7,14,0
2024-12-07 18:00:00,5.2,18.0,0.3,51,-25.337849543705886,0.0,0.0,11,7,14,0
2024-12-07 19:00:00,5.2,16.7,0.2,51,-33.47159461506426,0.0,0.0,11,7,14,0
2024-12-07 20:00:00,5.2,15.2,0.3,51,-41.26652788350714,0.0,0.0,11,7,14,0
2024-12-07 21:00:00,5.2,15.3,0.4,51,-48.13607715903419,0.0,0.0,11,7,14,0
2024-12-07 22:00:00,5.2,14.8,0.5,53,-53.24886680790351,0.0,0.0,11,7,14,0
2024-12-07 23:00:00,5.2,15.7,0.3,51,-55.614128548825164,0.0,0.0,11,7,14,0
2024-12-08 00:00:00,5.4,17.1,0.1,51,-54.60082060974307,0.0,0.0,11,7,14,0
2024-12-08 01:00:00,5.6,18.5,0.1,51,-50.49658071951555,0.0,0.0,11,7,14,0
2024-12-08 02:00:00,5.7,19.4,0.1,51,-44.23272583564395,0.0,0.0,11,7,14,0
2024-12-08 03:00:00,5.7,19.5,0.0,3,-36.73693220018882,0.0,0.0,11,7,14,0
2024-12-08 04:00:00,5.7,20.6,0.0,3,-28.689136205642157,0.0,0.0,11,7,14,0
2024-12-08 05:00:00,5.6,19.0,0.0,3,-20.569718219078695,0.0,0.0,11,7,14,0
2024-12-08 06:00:00,5.6,18.7,0.1,51,-12.751273905216763,0.0,0.0,11,7,14,0
2024-12-08 07:00:00,5.4,19.1,0.3,51,-5.55200475488185,0.0,0.0,11,7,14,0
2024-12-08 08:00:00,5.3,19.5,0.5,53,0.9885280292495793,0.0,0.0,11,7,14,1
2024-12-08 09:00:00,5.2,20.4,0.7,53,5.614372676709124,0.0,0.0,11,7,14,1
2024-12-08 10:00:00,5.2,20.6,0.6,53,8.826030729441214,0.0,5.0,11,7,14,1
2024-12-08 11:00:00,5.2,19.3,0.5,53,10.20738656357689,0.06535276496356758,16.0,11,7,14,1
2024-12-08 12:00:00,5.4,20.4,0.1,51,9.625232447271998,0.14873673832156933,29.0,11,7,14,1
2024-12-08 13:00:00,5.4,19.7,0.0,3,7.134940979824108,0.2448537507265244,44.0,11,7,14,1
2024-12-08 14:00:00,5.5,18.3,0.0,3,2.998912116352116,0.37030174030996604,58.0,11,7,14,1
2024-12-08 15:00:00,5.2,18.6,0.0,3,-2.8260640294765977,0.12317611934932658,25.0,11,7,14,0
2024-12-08 16:00:00,4.8,19.9,0.1,51,-9.7140710087114,0.0,1.0,11,7,14,0
2024-12-08 17:00:00,4.4,20.4,0.0,3,-17.317318346314238,0.0,0.0,11,7,14,0
2024-12-08 18:00:00,4.2,20.4,0.0,3,-25.359659299513552,0.0,0.0,11,7,14,0
2024-12-08 19:00:00,3.8,20.4,0.0,3,-33.494400527756156,0.0,0.0,11,7,14,0
2024-12-08 20:00:00,3.4,20.0,0.0,2,-41.29633253544313,0.0,0.0,11,7,14,0
2024-12-08 21:00:00,2.8,19.8,0.0,3,-48.18043412258157,0.0,0.0,11,7,14,0
2024-12-08 22:00:00,2.3,18.6,0.0,1,-53.31591619728903,0.0,0.0,11,7,14,0
2024-12-08 23:00:00,2.0,18.6,0.0,1,-55.70835737316918,0.0,0.0,11,7,14,0
2024-12-09 00:00:00,1.9,18.6,0.0,3,-54.718161971101665,0.0,0.0,11,7,14,0
2024-12-09 01:00:00,2.0,19.5,0.0,3,-50.62759127503148,0.0,0.0,11,7,14,0
2024-12-09 02:00:00,2.2,20.0,0.0,0,-44.369840807694516,0.0,0.0,11,7,14,0
2024-12-09 03:00:00,2.1,20.3,0.0,0,-36.876261274161834,0.0,0.0,11,7,14,0
2024-12-09 04:00:00,2.2,20.3,0.0,0,-28.82894850963332,0.0,0.0,11,7,14,0
2024-12-09 05:00:00,2.0,20.3,0.0,0,-20.709071546985584,0.0,0.0,11,7,14,0
2024-12-09 06:00:00,2.1,20.2,0.0,1,-12.889331485480596,0.0,0.0,11,7,14,0
2024-12-09 07:00:00,2.2,20.3,0.0,1,-5.688375053538223,0.0,0.0,11,7,14,0
2024-12-09 08:00:00,2.2,20.2,0.0,0,0.8735231032034534,0.0,0.0,11,7,14,1
2024-12-09 09:00:00,1.9,20.1,0.0,1,5.494148810992257,0.0,0.0,11,7,14,1
2024-12-09 10:00:00,2.1,19.9,0.0,1,8.7147351497252,0.6991486713929989,30.0,11,7,14,1
2024-12-09 11:00:00,2.7,20.0,0.0,1,10.109158190083988,1.4623517220868205,77.0,11,7,14,1
2024-12-09 12:00:00,2.9,18.1,0.0,0,9.542632431183748,1.710849361813668,110.0,11,7,14,1
2024-12-09 13:00:00,2.8,17.8,0.0,1,7.069108211504215,1.5753870663068787,115.0,11,7,14,1
2024-12-09 14:00:00,3.4,15.3,0.0,1,2.950452668603276,1.0480247403228469,91.0,11,7,14,1
2024-12-09 15:00:00,2.7,15.4,0.0,0,-2.8646645911479,0.549420776033875,55.0,11,7,14,0
2024-12-09 16:00:00,1.6,15.0,0.0,0,-9.74032811748738,0.0,6.0,11,7,14,0
2024-12-09 17:00:00,1.0,14.8,0.0,0,-17.335850673809674,0.0,0.0,11,7,14,0
2024-12-09 18:00:00,0.8,14.3,0.0,0,-25.374426443548018,0.0,0.0,11,7,14,0
2024-12-09 19:00:00,0.6,13.1,0.0,0,-33.51007486399696,0.0,0.0,11,7,14,0
2024-12-09 20:00:00,0.2,11.3,0.0,1,-41.31878858572219,0.0,0.0,11,7,14,0
2024-12-09 21:00:00,-0.1,10.9,0.0,1,-48.21713067930952,0.0,0.0,11,7,14,0
2024-12-09 22:00:00,-0.3,10.4,0.0,1,-53.37505884741512,0.0,0.0,11,7,14,0
2024-12-09 23:00:00,-0.5,9.9,0.0,1,-55.79480248829975,0.0,0.0,11,7,14,0
2024-12-10 00:00:00,-0.9,7.8,0.0,1,-54.828343673891965,0.0,0.0,11,7,14,0
2024-12-10 01:00:00,-1.2,6.9,0.0,1,-50.75226218520265,0.0,0.0,11,7,14,0
2024-12-10 02:00:00,-0.6,7.8,0.0,2,-44.501282661143364,0.0,0.0,11,7,14,0
2024-12-10 03:00:00,-1.3,5.6,0.0,2,-37.01031243510462,0.0,0.0,11,7,14,0
2024-12-10 04:00:00,-2.2,4.6,0.0,0,-28.96362316566139,0.0,0.0,11,7,14,0
2024-12-10 05:00:00,-2.7,3.8,0.0,0,-20.843218515648857,0.0,0.0,11,7,14,0
2024-12-10 06:00:00,-2.8,2.7,0.0,0,-13.021943473994,0.0,0.0,11,7,14,0
2024-12-10 07:00:00,-2.8,4.0,0.0,0,-5.818847769679806,0.0,0.0,11,7,14,0
2024-12-10 08:00:00,-2.6,2.8,0.0,0,0.764758134549993,0.0,0.0,11,7,14,1
2024-12-10 09:00:00,-2.5,1.3,0.0,3,5.380510116363567,0.0,0.0,11,7,14,1
2024-12-10 10:00:00,-1.8,2.5,0.0,3,8.61044704865786,0.47445458581296046,26.0,11,7,14,1
2024-12-10 11:00:00,-1.5,4.3,0.0,3,10.018241795100366,0.8593832927079352,67.0,11,7,14,1
2024-12-10 12:00:00,-0.9,6.2,0.0,3,9.467492450782458,1.4077881009647883,106.0,11,7,14,1
2024-12-10 13:00:00,-0.2,7.6,0.0,2,7.010708656398705,1.5774193238536658,120.0,11,7,14,1
2024-12-10 14:00:00,-0.9,7.0,0.0,3,2.9090955582207414,0.6781380657843114,73.0,11,7,14,1
2024-12-10 15:00:00,-0.8,6.8,0.0,3,-2.895669213754047,0.2536304711724701,35.0,11,7,14,0
2024-12-10 16:00:00,-0.6,7.2,0.0,3,-9.759416223721644,0.0,4.0,11,7,14,0
2024-12-10 17:00:00,-0.6,8.0,0.0,3,-17.3473396613893,0.0,0.0,11,7,14,0
2024-12-10 18:00:00,-0.9,8.6,0.0,0,-25.382181297937308,0.0,0.0,11,7,14,0
2024-12-10 19:00:00,-0.7,10.1,0.0,0,-33.51865115576342,0.0,0.0,11,7,14,0
2024-12-10 20:00:00,-0.9,10.1,0.0,0,-41.333926517339705,0.0,0.0,11,7,14,0
2024-12-10 21:00:00,-0.9,11.8,0.0,0,-48.246183583664674,0.0,0.0,11,7,14,0
2024-12-10 22:00:00,-0.7,12.0,0.0,0,-53.42628237198156,0.0,0.0,11,7,14,0
2024-12-10 23:00:00,-0.5,12.1,0.0,0,-55.87341145509413,0.0,0.0,11,7,14,0
2024-12-11 00:00:00,-0.2,14.3,0.0,1,-54.931281462145336,0.0,0.0,11,7,14,0
2024-12-11 01:00:00,0.1,11.8,0.0,0,-50.870495355427636,0.0,0.0,11,7,14,0
2024-12-11 02:00:00,1.0,9.8,0.0,1,-44.62694987633651,0.0,0.0,11,7,14,0
2024-12-11 03:00:00,1.2,8.7,0.0,3,-37.138984094355166,0.0,0.0,11,7,14,0
2024-12-11 04:00:00,1.3,8.8,0.0,2,-29.09305966530833,0.0,0.0,11,7,14,0
2024-12-11 05:00:00,1.0,5.5,0.0,3,-20.97206077313693,0.0,0.0,11,7,14,0
2024-12-11 06:00:00,1.0,4.2,0.0,3,-13.149015553177193,0.0,0.0,11,7,14,0
2024-12-11 07:00:00,1.1,3.2,0.0,3,-5.943343877309857,0.0,0.0,11,7,14,0
2024-12-11 08:00:00,0.9,1.8,0.0,3,0.6622270943511808,0.0,0.0,11,7,14,1
2024-12-11 09:00:00,0.9,6.5,0.0,3,5.2735169309884355,0.0,0.0,11,7,14,1
2024-12-11 10:00:00,1.2,9.0,0.0,3,8.513221834329542,0.0407484154139187,12.0,11,7,14,1
2024-12-11 11:00:00,1.9,8.0,0.0,3,9.934681356040443,0.29689977472139323,38.0,11,7,14,1
2024-12-11 12:00:00,2.3,8.0,0.0,3,9.399842897778512,0.33797139336477816,55.0,11,7,14,1
2024-12-11 13:00:00,2.9,10.1,0.0,3,6.9597573713767105,0.386645704553005,54.0,11,7,14,1
2024-12-11 14:00:00,2.3,11.3,0.0,3,2.874830736131244,0.3434268060819657,49.0,11,7,14,1
2024-12-11 15:00:00,2.0,12.4,0.0,3,-2.91910121379199,0.11203261146650337,23.0,11,7,14,0
2024-12-11 16:00:00,1.5,11.9,0.0,3,-9.771353179625933,0.0,3.0,11,7,14,0
2024-12-11 17:00:00,1.2,11.7,0.0,3,-17.351812417021733,0.0,0.0,11,7,14,0
2024-12-11 18:00:00,0.9,9.7,0.0,3,-25.382958008859802,0.0,0.0,11,7,14,0
2024-12-11 19:00:00,0.8,9.6,0.0,3,-33.52016692476859,0.0,0.0,11,7,14,0
2024-12-11 20:00:00,0.9,9.9,0.0,3,-41.34178114587232,0.0,0.0,11,7,14,0
2024-12-11 21:00:00,1.1,9.1,0.0,3,-48.26761446540593,0.0,0.0,11,7,14,0
2024-12-11 22:00:00,0.9,8.4,0.0,3,-53.469579689369965,0.0,0.0,11,7,14,0
2024-12-11 23:00:00,0.7,7.3,0.0,3,-55.94413662353466,0.0,0.0,11,7,14,0
2024-12-12 00:00:00,-0.2,5.0,0.0,1,-55.02689427668565,0.0,0.0,11,7,14,0
2024-12-12 01:00:00,-0.7,5.9,0.0,1,-50.982194433639506,0.0,0.0,11,7,14,0
2024-12-12 02:00:00,0.6,4.5,0.0,3,-44.74674198218307,0.0,0.0,11,7,14,0
2024-12-12 03:00:00,0.2,4.3,0.0,3,-37.262175585245444,0.0,0.0,11,7,14,0
2024-12-12 04:00:00,0.1,2.8,0.0,3,-29.217158596392224,0.0,0.0,11,7,14,0
2024-12-12 05:00:00,0.2,2.6,0.0,3,-21.095501379074804,0.0,0.0,11,7,14,0
2024-12-12 06:00:00,0.4,3.7,0.0,3,-13.270455153062457,0.0,0.0,11,7,14,0
2024-12-12 07:00:00,0.8,4.6,0.0,3,-6.061785138922971,0.0,0.0,11,7,14,0
2024-12-12 08:00:00,1.0,5.4,0.0,3,0.5659158958409023,0.0,0.0,11,7,14,1
2024-12-12 09:00:00,1.1,5.6,0.0,3,5.173226575321863,0.0,0.0,11,7,14,1
2024-12-12 10:00:00,1.6,6.4,0.0,3,8.423111904470929,0.14682931425305865,15.0,11,7,14,1
2024-12-12 11:00:00,2.2,6.6,0.0,3,9.858517714281703,0.3722950458608662,45.0,11,7,14,1
2024-12-12 12:00:00,2.5,6.9,0.0,3,9.339710957683323,0.7368462044298782,72.0,11,7,14,1
2024-12-12 13:00:00,2.8,5.4,0.0,3,6.916266362005146,0.5155593119600411,67.0,11,7,14,1
2024-12-12 14:00:00,2.5,8.6,0.0,3,2.8476469921382375,0.1570344398342061,30.0,11,7,14,1
2024-12-12 15:00:00,2.6,8.0,0.0,3,-2.934983047528519,0.04034381111529283,12.0,11,7,14,0
2024-12-12 16:00:00,2.5,8.1,0.0,3,-9.77616044600994,0.0,2.0,11,7,14,0
2024-12-12 17:00:00,2.5,5.6,0.0,3,-17.349299749999716,0.0,0.0,11,7,14,0
2024-12-12 18:00:00,2.6,3.4,0.0,3,-25.376794478345232,0.0,0.0,11,7,14,0
2024-12-12 19:00:00,2.6,2.4,0.0,3,-33.51466359613468,0.0,0.0,11,7,14,0
2024-12-12 20:00:00,2.5,3.2,0.0,3,-41.342391524791424,0.0,0.0,11,7,14,0
2024-12-12 21:00:00,2.4,4.7,0.0,3,-48.28144975490045,0.0,0.0,11,7,14,0
2024-12-12 22:00:00,2.3,6.0,0.0,3,-53.50494902726953,0.0,0.0,11,7,14,0
2024-12-12 23:00:00,2.3,7.0,0.0,3,-56.00693526420565,0.0,0.0,11,7,14,0
2024-12-13 00:00:00,2.2,7.4,0.0,3,-55.115104458971246,0.0,0.0,11,7,14,0
2024-12-13 01:00:00,2.3,7.4,0.0,3,-51.08726500631599,0.0,0.0,11,7,14,0
2024-12-13 02:00:00,1.9,8.5,0.0,3,-44.86055972555576,0.0,0.0,11,7,14,0
2024-12-13 03:00:00,2.0,10.2,0.0,3,-37.3797873133699,0.0,0.0,11,7,14,0
2024-12-13 04:00:00,2.2,10.7,0.0,3,-29.335821780999353,0.0,0.0,11,7,14,0
2024-12-13 05:00:00,2.3,11.9,0.0,3,-21.213444933398023,0.0,0.0,11,7,14,0
2024-12-13 06:00:00,2.2,12.5,0.0,3,-13.386171574187742,0.0,0.0,11,7,14,0
2024-12-13 07:00:00,2.2,14.1,0.0,3,-6.174094423373731,0.0,0.0,11,7,14,0
2024-12-13 08:00:00,2.2,14.5,0.0,3,0.4758033541609592,0.0,0.0,11,7,14,1
2024-12-13 09:00:00,2.2,16.3,0.0,3,5.079245285753046,0.0,0.0,11,7,14,1
2024-12-13 10:00:00,2.5,17.8,0.0,3,8.340166618353862,0.00790875360837905,7.0,11,7,14,1
2024-12-13 11:00:00,2.7,17.1,0.0,3,9.78978854599481,0.0922431871194869,20.0,11,7,14,1
2024-12-13 12:00:00,2.8,17.3,0.0,3,9.287120596161046,0.11811768279086178,24.0,11,7,14,1
2024-12-13 13:00:00,2.9,16.9,0.0,3,6.880244605157472,0.09214652499986903,20.0,11,7,14,1
2024-12-13 14:00:00,2.8,14.5,0.0,3,2.8275322068370627,0.16998635738766796,30.0,11,7,14,1
2024-12-13 15:00:00,2.8,14.5,0.0,3,-2.9433367735767035,0.06625020053142938,16.0,11,7,14,0
2024-12-13 16:00:00,2.8,13.9,0.0,3,-9.773863064764129,0.0,2.0,11,7,14,0
2024-12-13 17:00:00,2.8,13.6,0.0,3,-17.33983611963494,0.0,0.0,11,7,14,0
2024-12-13 18:00:00,2.6,14.3,0.0,3,-25.363732291546754,0.0,0.0,11,7,14,0
2024-12-13 19:00:00,2.2,15.6,0.0,3,-33.50218640664161,0.0,0.0,11,7,14,0
2024-12-13 20:00:00,1.5,17.8,0.0,3,-41.33580084341057,0.0,0.0,11,7,14,0
2024-12-13 21:00:00,0.6,16.9,0.0,3,-48.28772059748533,0.0,0.0,11,7,14,0
2024-12-13 22:00:00,-0.1,16.2,0.0,3,-53.532393912631534,0.0,0.0,11,7,14,0
2024-12-13 23:00:00,-0.2,15.6,0.0,3,-56.06176968747067,0.0,0.0,11,7,14,0
2024-12-14 00:00:00,0.2,15.4,0.0,3,-55.19583795141213,0.0,0.0,11,7,14,0
2024-12-14 01:00:00,0.9,15.5,0.0,3,-51.18561479647025,0.0,0.0,11,7,14,0
2024-12-14 02:00:00,1.2,18.1,0.0,3,-44.96830524344466,0.0,0.0,11,7,14,0
2024-12-14 03:00:00,1.5,18.0,0.0,3,-37.491720908620664,0.0,0.0,11,7,14,0
2024-12-14 04:00:00,1.8,18.6,0.0,3,-29.448952413980706,0.0,0.0,11,7,14,0
2024-12-14 05:00:00,2.2,18.8,0.0,3,-21.325797704351743,0.0,0.0,11,7,14,0
2024-12-14 06:00:00,3.2,18.2,0.0,3,-13.496076108319684,0.0,0.0,11,7,14,0
2024-12-14 07:00:00,4.2,19.8,0.0,3,-6.28019598326587,0.0,0.0,11,7,14,0
2024-12-14 08:00:00,4.7,22.2,0.1,51,0.39186224553178306,0.0,0.0,11,7,14,1
2024-12-14 09:00:00,5.0,22.2,0.1,51,4.992574111064968,0.0,0.0,11,7,14,1
2024-12-14 10:00:00,5.2,20.0,0.1,51,8.264432273387683,0.0,5.0,11,7,14,1
2024-12-14 11:00:00,5.7,20.1,0.0,2,9.728528336266763,0.07799793369294745,18.0,11,7,14,1
2024-12-14 12:00:00,5.8,22.0,0.0,3,9.24209254747963,1.797307884894204,108.0,11,7,14,1
2024-12-14 13:00:00,5.9,23.1,0.0,3,6.851698069751919,1.7371234802066777,122.0,11,7,14,1
2024-12-14 14:00:00,5.7,22.7,0.0,1,2.814473558482362,1.094595776654125,93.0,11,7,14,1
2024-12-14 15:00:00,5.3,22.6,0.0,1,-2.9441843522877065,0.5562328989625764,53.0,11,7,14,0
2024-12-14 16:00:00,4.8,23.7,0.0,0,-9.764489626504911,0.0,6.0,11,7,14,0
2024-12-14 17:00:00,4.4,22.6,0.0,0,-17.323459579858863,0.0,0.0,11,7,14,0
2024-12-14 18:00:00,4.2,21.1,0.0,0,-25.343816639669868,0.0,0.0,11,7,14,0
2024-12-14 19:00:00,4.1,20.8,0.0,0,-33.482784307861564,0.0,0.0,11,7,14,0
2024-12-14 20:00:00,4.0,21.3,0.0,0,-41.32205631790359,0.0,0.0,11,7,14,0
2024-12-14 21:00:00,3.9,21.3,0.0,0,-48.286462757333936,0.0,0.0,11,7,14,0
2024-12-14 22:00:00,4.0,21.5,0.0,0,-53.55192314694594,0.0,0.0,11,7,14,0
2024-12-14 23:00:00,4.1,21.9,0.0,0,-56.10860734946061,0.0,0.0,11,7,14,0
2024-12-15 00:00:00,4.1,21.8,0.0,0,-55.2690244930528,0.0,0.0,11,7,14,0
2024-12-15 01:00:00,4.0,21.7,0.0,0,-51.277153862891424,0.0,0.0,11,7,14,0
2024-12-15 02:00:00,4.1,20.9,0.0,1,-45.069882237438094,0.0,0.0,11,7,14,0
2024-12-15 03:00:00,4.0,19.5,0.0,3,-37.597879378689214,0.0,0.0,11,7,14,0
2024-12-15 04:00:00,3.8,19.1,0.0,1,-29.556455201669408,0.0,0.0,11,7,14,0
2024-12-15 05:00:00,4.3,18.8,0.0,3,-21.43246775550331,0.0,0.0,11,7,14,0
2024-12-15 06:00:00,4.2,17.5,0.0,3,-13.600082156839377,0.0,0.0,11,7,14,0
2024-12-15 07:00:00,4.0,13.9,0.0,3,-6.380015699269933,0.0,0.0,11,7,14,0
2024-12-15 08:00:00,3.8,13.1,0.0,3,0.31406044750357864,0.0,0.0,11,7,14,1
2024-12-15 09:00:00,4.1,13.0,0.0,3,4.9127754230138265,0.0,0.0,11,7,14,1
2024-12-15 10:00:00,4.6,15.3,0.2,51,8.195952085954005,0.0011057028599525361,6.0,11,7,14,1
2024-12-15 11:00:00,4.6,19.0,0.5,53,9.674768356265005,0.03335439746947126,11.0,11,7,14,1
2024-12-15 12:00:00,5.4,22.0,0.3,51,9.20464430475235,0.06528490259561832,16.0,11,7,14,1
2024-12-15 13:00:00,6.8,23.8,0.3,51,6.830629734908186,0.09670964783908528,21.0,11,7,14,1
2024-12-15 14:00:00,7.8,28.5,0.0,3,2.8084576783242596,0.10259375973368606,22.0,11,7,14,1
2024-12-15 15:00:00,8.6,29.9,0.0,3,-2.937547803429325,0.025962815991758804,10.0,11,7,14,0
2024-12-15 16:00:00,9.1,30.6,0.0,3,-9.748072233417787,0.0,1.0,11,7,14,0
2024-12-15 17:00:00,9.5,31.2,0.0,3,-17.300211719814527,0.0,0.0,11,7,14,0
2024-12-15 18:00:00,9.7,32.4,0.0,3,-25.31709623874569,0.0,0.0,11,7,14,0
2024-12-15 19:00:00,9.9,32.5,0.0,3,-33.4565098644987,0.0,0.0,11,7,14,0
2024-12-15 20:00:00,9.8,34.2,0.0,3,-41.301209075848675,0.0,0.0,11,7,14,0
2024-12-15 21:00:00,9.6,36.9,0.1,51,-48.27771651132056,0.0,0.0,11,7,14,0
2024-12-15 22:00:00,9.6,38.2,0.2,51,-53.563550766944786,0.0,0.0,11,7,14,0
2024-12-15 23:00:00,9.7,39.0,0.1,51,-56.14742094408294,0.0,0.0,11,7,14,0
2024-12-16 00:00:00,10.2,39.7,0.0,3,-55.334597809497524,0.0,0.0,11,7,14,0
2024-12-16 01:00:00,10.6,42.0,0.0,3,-51.36179479987078,0.0,0.0,11,7,14,0
2024-12-16 02:00:00,9.9,43.8,0.6,53,-45.16519615007556,0.0,0.0,11,7,14,0
2024-12-16 03:00:00,9.1,38.0,0.1,51,-37.6981672637305,0.0,0.0,11,7,14,0
2024-12-16 04:00:00,9.4,38.0,0.0,3,-29.658236500565323,0.0,0.0,11,7,14,0
2024-12-16 05:00:00,9.0,39.5,0.0,3,-21.533365071551188,0.0,0.0,11,7,14,0
2024-12-16 06:00:00,8.4,38.2,0.0,3,-13.698105346618405,0.0,0.0,11,7,14,0
2024-12-16 07:00:00,7.9,35.2,0.0,3,-6.4734812970705065,0.0,0.0,11,7,14,0
2024-12-16 08:00:00,7.7,33.3,0.0,3,0.24236214106316822,0.0,0.0,11,7,14,1
2024-12-16 09:00:00,7.4,31.7,0.0,3,4.839887127535093,0.0,0.0,11,7,14,1
2024-12-16 10:00:00,7.6,31.1,0.0,3,8.1347661759673,0.3592518448554501,21.0,11,7,14,1
2024-12-16 11:00:00,7.8,28.9,0.0,3,9.62853664318132,1.4558231619445385,73.0,11,7,14,1
2024-12-16 12:00:00,7.9,25.9,0.0,3,9.174790111677126,1.474719372781726,102.0,11,7,14,1
2024-12-16 13:00:00,8.1,23.8,0.0,3,6.817039604923906,0.8646897373611008,94.0,11,7,14,1
2024-12-16 14:00:00,8.2,23.1,0.0,3,2.809470749832599,0.3631732999695921,57.0,11,7,14,1
2024-12-16 15:00:00,8.2,25.1,0.0,3,-2.923449233967915,0.08329987936968439,19.0,11,7,14,0
2024-12-16 16:00:00,7.6,26.2,0.2,51,-9.724646457320489,0.0,2.0,11,7,14,0
2024-12-16 17:00:00,7.4,25.1,0.4,51,-17.270137600525118,0.0,0.0,11,7,14,0
2024-12-16 18:00:00,7.4,23.7,0.3,51,-25.28362324443941,0.0,0.0,11,7,14,0
2024-12-16 19:00:00,7.8,25.7,0.2,51,-33.42341914825464,0.0,0.0,11,7,14,0
2024-12-16 20:00:00,7.9,25.1,0.1,51,-41.27331403477112,0.0,0.0,11,7,14,0
2024-12-16 21:00:00,7.8,23.2,0.1,51,-48.26152653342618,0.0,0.0,11,7,14,0
2024-12-16 22:00:00,7.7,23.4,0.0,3,-53.567295990934014,0.0,0.0,11,7,14,0
2024-12-16 23:00:00,7.3,23.4,0.0,2,-56.17818848036103,0.0,0.0,11,7,14,0
2024-12-17 00:00:00,7.2,24.3,0.0,3,-55.39249579596421,0.0,0.0,11,7,14,0
2024-12-17 01:00:00,7.5,24.3,0.0,3,-51.439452936609456,0.0,0.0,11,7,14,0
2024-12-17 02:00:00,7.4,26.4,0.0,3,-45.254154342593466,0.0,0.0,11,7,14,0
2024-12-17 03:00:00,7.3,25.8,0.0,3,-37.792490791864154,0.0,0.0,11,7,14,0
2024-12-17 04:00:00,7.1,26.3,0.0,3,-29.7542044557418,0.0,0.0,11,7,14,0
2024-12-17 05:00:00,7.1,25.2,0.0,3,-21.62840168271353,0.0,0.0,11,7,14,0
2024-12-17 06:00:00,6.8,24.0,0.0,3,-13.790063643225764,0.0,0.0,11,7,14,0
2024-12-17 07:00:00,6.7,22.7,0.0,3,-6.560522541363909,0.0,0.0,11,7,14,0
2024-12-17 08:00:00,6.6,21.2,0.0,3,0.17672905473236256,0.0,0.0,11,7,14,1
2024-12-17 09:00:00,6.4,20.6,0.0,1,4.773945757793982,0.0,0.0,11,7,14,1
2024-12-17 10:00:00,6.5,20.0,0.0,3,8.080911554606018,0.49416897980879476,21.0,11,7,14,1
2024-12-17 11:00:00,6.9,19.7,0.0,3,9.589857982685487,1.586331005128317,73.0,11,7,14,1
2024-12-17 12:00:00,7.4,19.6,0.0,3,9.152540955508684,1.994566347362791,113.0,11,7,14,1
2024-12-17 13:00:00,7.6,20.2,0.0,3,6.810924720597768,1.7170195737581544,118.0,11,7,14,1
2024-12-17 14:00:00,7.3,18.4,0.0,3,2.8174985491624227,0.6353857989789385,73.0,11,7,14,1
2024-12-17 15:00:00,7.1,16.7,0.0,3,-2.9019107394132675,0.1729953400114144,33.0,11,7,14,0
2024-12-17 16:00:00,6.7,14.2,0.0,3,-9.694251292954533,0.0,4.0,11,7,14,0
2024-12-17 17:00:00,6.6,12.3,0.0,3,-17.233285687724546,0.0,0.0,11,7,14,0
2024-12-17 18:00:00,6.3,11.3,0.0,3,-25.243453163080872,0.0,0.0,11,7,14,0
2024-12-17 19:00:00,6.2,10.8,0.1,51,-33.383571627541656,0.0,0.0,11,7,14,0
2024-12-17 20:00:00,6.0,8.8,0.0,3,-41.238429775167646,0.0,0.0,11,7,14,0
2024-12-17 21:00:00,6.7,10.6,0.1,51,-48.23794177027207,0.0,0.0,11,7,14,0
2024-12-17 22:00:00,7.2,14.7,0.4,51,-53.56318315105946,0.0,0.0,11,7,14,0
2024-12-17 23:00:00,7.7,17.5,0.0,3,-56.200893344513275,0.0,0.0,11,7,14,0
2024-12-18 00:00:00,7.7,17.2,0.0,3,-55.442660692362324,0.0,0.0,11,7,14,0
2024-12-18 01:00:00,7.5,17.0,0.0,3,-51.51004653547855,0.0,0.0,11,7,14,0
2024-12-18 02:00:00,7.5,18.5,0.0,3,-45.33666627356186,0.0,0.0,11,7,14,0
2024-12-18 03:00:00,7.5,18.7,0.6,53,-37.880758035184996,0.0,0.0,11,7,14,0
2024-12-18 04:00:00,7.5,22.4,0.0,3,-29.84426913872116,0.0,0.0,11,7,14,0
2024-12-18 05:00:00,7.3,22.2,0.0,3,-21.717491787489834,0.0,0.0,11,7,14,0
2024-12-18 06:00:00,6.9,24.3,0.0,3,-13.875877461307851,0.0,0.0,11,7,14,0
2024-12-18 07:00:00,6.5,25.3,0.6,53,-6.6410714103462,0.0,0.0,11,7,14,0
2024-12-18 08:00:00,6.6,26.6,1.9,61,0.11712173038516482,0.0,0.0,11,7,14,1
2024-12-18 09:00:00,6.7,28.6,0.3,51,4.714986263556369,0.0,0.0,11,7,14,1
2024-12-18 10:00:00,7.2,29.9,0.2,51,8.034422114623695,0.0,2.0,11,7,14,1
2024-12-18 11:00:00,7.7,27.9,0.1,51,9.558753893622693,0.01979979223173179,9.0,11,7,14,1
2024-12-18 12:00:00,8.4,27.9,0.2,51,9.13790456103655,0.08957145594880192,20.0,11,7,14,1
2024-12-18 13:00:00,8.9,27.2,0.2,51,6.812279166576161,0.07664729510242833,18.0,11,7,14,1
2024-12-18 14:00:00,8.6,26.7,0.1,51,2.8325264261486467,0.05772412734743241,15.0,11,7,14,1
2024-12-18 15:00:00,9.2,28.6,0.2,51,-2.872954174219771,0.006794892292992262,7.0,11,7,14,0
2024-12-18 16:00:00,9.6,28.2,0.1,51,-9.656929106502545,0.0,2.0,11,7,14,0
2024-12-18 17:00:00,9.7,30.2,1.0,55,-17.189707780936374,0.0,0.0,11,7,14,0
2024-12-18 18:00:00,9.9,32.0,1.0,55,-25.19664475910578,0.0,0.0,11,7,14,0
2024-12-18 19:00:00,9.9,34.2,0.3,51,-33.33703005336966,0.0,0.0,11,7,14,0
2024-12-18 20:00:00,9.4,34.1,0.0,3,-41.196618408505884,0.0,0.0,11,7,14,0
2024-12-18 21:00:00,9.4,32.5,0.0,3,-48.20701530840566,0.0,0.0,11,7,14,0
2024-12-18 22:00:00,9.1,29.8,0.0,3,-53.55124161190659,0.0,0.0,11,7,14,0
2024-12-18 23:00:00,8.9,30.7,0.0,3,-56.215524346295325,0.0,0.0,11,7,14,0
2024-12-19 00:00:00,8.4,27.9,0.0,3,-55.485039249322625,0.0,0.0,11,7,14,0
2024-12-19 01:00:00,8.1,25.0,0.0,3,-51.5734969882711,0.0,0.0,11,7,14,0
2024-12-19 02:00:00,7.4,19.6,0.0,3,-45.41264367787906,0.0,0.0,11,7,14,0
2024-12-19 03:00:00,7.3,18.6,0.1,51,-37.962879065941735,0.0,0.0,11,7,14,0
2024-12-19 04:00:00,6.8,16.6,0.1,51,-29.928342684570765,0.0,0.0,11,7,14,0
2024-12-19 05:00:00,6.3,14.8,0.0,3,-21.80055187359433,0.0,0.0,11,7,14,0
2024-12-19 06:00:00,6.2,12.7,0.0,3,-13.955469771995865,0.0,0.0,11,7,14,0
2024-12-19 07:00:00,6.2,9.1,0.0,3,-6.715062253389618,0.0,0.0,11,7,14,0
2024-12-19 08:00:00,6.0,8.3,0.1,51,0.06350079035227907,0.0,0.0,11,7,14,1
2024-12-19 09:00:00,5.8,9.1,0.7,53,4.663041857828915,0.0,0.0,11,7,14,1
2024-12-19 10:00:00,5.6,12.8,0.9,53,7.995328622644394,0.0,3.0,11,7,14,1
2024-12-19 11:00:00,5.7,14.2,0.3,51,9.535242614702014,0.11618875361310071,19.0,11,7,14,1
2024-12-19 12:00:00,5.7,16.8,0.0,3,9.130885385389348,0.22642309602734936,38.0,11,7,14,1
2024-12-19 13:00:00,5.8,16.9,0.0,3,6.8210940745552335,0.24728422254037197,42.0,11,7,14,1
2024-12-19 14:00:00,5.8,17.7,0.0,3,2.854539227030685,0.8813992751092073,82.0,11,7,14,1
2024-12-19 15:00:00,5.6,18.3,0.0,0,-2.8366007783243106,0.2156212057325769,35.0,11,7,14,0
2024-12-19 16:00:00,4.9,21.3,0.0,1,-9.61272557931909,0.0,6.0,11,7,14,0
2024-12-19 17:00:00,4.7,22.6,0.0,2,-17.13945893888986,0.0,0.0,11,7,14,0
2024-12-19 18:00:00,4.2,23.2,0.7,71,-25.14325995909661,0.0,0.0,11,7,14,0
2024-12-19 19:00:00,4.9,24.8,0.0,1,-33.283860341724136,0.0,0.0,11,7,14,0
2024-12-19 20:00:00,5.2,27.4,0.0,0,-41.14794544069355,0.0,0.0,11,7,14,0
2024-12-19 21:00:00,5.3,29.2,0.0,1,-48.16880423399448,0.0,0.0,11,7,14,0
2024-12-19 22:00:00,5.6,31.4,0.0,1,-53.53150567592638,0.0,0.0,11,7,14,0
2024-12-19 23:00:00,5.9,31.6,0.0,3,-56.22207574924374,0.0,0.0,11,7,14,0
2024-12-20 00:00:00,6.0,31.1,0.0,2,-55.5195828841355,0.0,0.0,11,7,14,0
2024-12-20 01:00:00,5.9,30.0,0.0,2,-51.62972900956589,0.0,0.0,11,7,14,0
2024-12-20 02:00:00,5.7,29.0,0.0,0,-45.48200074557502,0.0,0.0,11,7,14,0
2024-12-20 03:00:00,5.2,27.6,0.0,0,-38.03876611252585,0.0,0.0,11,7,14,0
2024-12-20 04:00:00,4.9,27.8,0.0,0,-30.00633942796678,0.0,0.0,11,7,14,0
2024-12-20 05:00:00,4.7,27.0,0.0,0,-21.877500836865337,0.0,0.0,11,7,14,0
2024-12-20 06:00:00,4.6,27.1,0.0,0,-14.028766207199268,0.0,0.0,11,7,14,0
2024-12-20 07:00:00,4.4,27.2,0.0,0,-6.782431934030981,0.0,0.0,11,7,14,0
2024-12-20 08:00:00,4.4,28.1,0.0,0,0.015828185468421907,0.0,0.0,11,7,14,1
2024-12-20 09:00:00,4.4,27.1,0.0,1,4.618143910682534,0.0,0.0,11,7,14,1
2024-12-20 10:00:00,4.8,26.9,0.0,2,7.963658712846382,0.6005914368335837,22.0,11,7,14,1
2024-12-20 11:00:00,5.2,27.8,0.0,1,9.519339092947561,2.0146843656091966,80.0,11,7,14,1
2024-12-20 12:00:00,5.6,28.6,0.0,1,9.13148461353802,2.2923873646220603,119.0,11,7,14,1
2024-12-20 13:00:00,5.6,27.5,0.0,0,6.837357622341017,2.213804471824073,131.0,11,7,14,1
2024-12-20 14:00:00,5.3,22.5,0.0,2,2.8835211619711174,1.3924901675890633,102.0,11,7,14,1
2024-12-20 15:00:00,4.8,19.4,0.0,2,-2.7928706371195773,0.6295624652190386,56.0,11,7,14,0
2024-12-20 16:00:00,4.1,14.2,0.0,3,-9.561689646849402,0.0,5.0,11,7,14,0
2024-12-20 17:00:00,3.4,11.9,0.0,3,-17.08259740136205,0.0,0.0,11,7,14,0
2024-12-20 18:00:00,4.0,12.3,0.0,3,-25.083363752607497,0.0,0.0,11,7,14,0
2024-12-20 19:00:00,4.1,13.8,0.0,3,-33.22413145275803,0.0,0.0,11,7,14,0
2024-12-20 20:00:00,4.2,14.5,0.0,3,-41.09247963151728,0.0,0.0,11,7,14,0
2024-12-20 21:00:00,4.9,17.7,0.0,3,-48.12336948560696,0.0,0.0,11,7,14,0
2024-12-20 22:00:00,5.1,20.3,0.0,3,-53.504014476263734,0.0,0.0,11,7,14,0
2024-12-20 23:00:00,5.4,21.8,0.1,51,-56.22054728458403,0.0,0.0,11,7,14,0
2024-12-21 00:00:00,5.9,22.9,0.0,3,-55.54624782560981,0.0,0.0,11,7,14,0
2024-12-21 01:00:00,6.1,25.8,2.8,63,-51.67867082630755,0.0,0.0,11,7,14,0
2024-12-21 02:00:00,6.2,27.5,0.1,51,-45.54465429984711,0.0,0.0,11,7,14,0
2024-12-21 03:00:00,6.2,26.7,1.6,61,-38.10833371490838,0.0,0.0,11,7,14,0
2024-12-21 04:00:00,6.7,22.5,0.4,51,-30.07817603797234,0.0,0.0,11,7,14,0
2024-12-21 05:00:00,6.2,20.2,0.0,0,-21.948260097963384,0.0,0.0,11,7,14,0
2024-12-21 06:00:00,5.3,19.1,0.0,1,-14.095695160655367,0.0,0.0,11,7,14,0
2024-12-21 07:00:00,5.2,18.8,0.0,2,-6.843119959949917,0.0,0.0,11,7,14,0
2024-12-21 08:00:00,5.1,18.7,0.0,3,-0.06152482593637387,0.0,0.0,11,7,14,0
2024-12-21 09:00:00,5.1,17.9,0.0,3,4.580321880633576,0.0,0.0,11,7,14,1
2024-12-21 10:00:00,5.4,19.0,0.0,3,7.939436881468026,0.24642824679433414,16.0,11,7,14,1
2024-12-21 11:00:00,6.1,20.6,0.0,3,9.511054973713044,0.7020686586040249,56.0,11,7,14,1
2024-12-21 12:00:00,6.4,21.2,0.0,3,9.139700154432887,0.5510267841767953,73.0,11,7,14,1
2024-12-21 13:00:00,6.7,23.6,0.2,51,6.861055028936789,0.3357416813254073,56.0,11,7,14,1
2024-12-21 14:00:00,6.3,21.6,0.3,51,2.919455622227744,0.3933504885960462,57.0,11,7,14,1
2024-12-21 15:00:00,6.5,24.5,0.1,51,-2.7417819398937127,0.039266293764983265,12.0,11,7,14,0
2024-12-21 16:00:00,6.5,26.4,0.1,51,-9.503873432701681,0.0,3.0,11,7,14,0
2024-12-21 17:00:00,6.8,28.0,0.1,51,-17.01918450753783,0.0,0.0,11,7,14,0
2024-12-21 18:00:00,6.8,29.7,0.8,53,-25.0170240899603,0.0,0.0,11,7,14,0
2024-12-21 19:00:00,6.8,26.6,0.9,53,-33.157915267109445,0.0,0.0,11,7,14,0
2024-12-21 20:00:00,7.1,25.5,0.2,51,-41.03029285054649,0.0,0.0,11,7,14,0
2024-12-21 21:00:00,6.8,28.4,0.8,53,-48.070775700782775,0.0,0.0,11,7,14,0
2024-12-21 22:00:00,6.5,24.3,0.1,51,-53.468811857643146,0.0,0.0,11,7,14,0
2024-12-21 23:00:00,6.1,24.7,0.0,2,-56.210944148688355,0.0,0.0,11,7,14,0
2024-12-22 00:00:00,5.8,23.7,0.0,1,-55.56499524691941,0.0,0.0,11,7,14,0
2024-12-22 01:00:00,5.7,22.8,0.0,1,-51.72025436269985,0.0,0.0,11,7,14,0
2024-12-22 02:00:00,5.5,22.1,0.0,1,-45.600523973734255,0.0,0.0,11,7,14,0
2024-12-22 03:00:00,5.3,22.3,0.0,1,-38.17149887914371,0.0,0.0,11,7,14,0
2024-12-22 04:00:00,5.1,19.6,0.0,1,-30.143771651273326,0.0,0.0,11,7,14,0
2024-12-22 05:00:00,4.8,19.2,0.0,1,-22.012753716670474,0.0,0.0,11,7,14,0
2024-12-22 06:00:00,4.3,18.1,0.7,53,-14.156187885611004,0.0,0.0,11,7,14,0
2024-12-22 07:00:00,4.1,18.7,0.0,0,-6.897068601265687,0.0,0.0,11,7,14,0
2024-12-22 08:00:00,3.6,18.4,0.0,2,-0.14238010146775082,0.0,0.0,11,7,14,0
2024-12-22 09:00:00,3.5,18.6,0.0,1,4.549603274588364,0.0,0.0,11,7,14,1
2024-12-22 10:00:00,3.7,19.9,0.0,0,7.922684481607249,0.4502913101645927,19.0,11,7,14,1
2024-12-22 11:00:00,4.3,19.8,0.0,0,9.51039859210185,1.6961683243707302,72.0,11,7,14,1
2024-12-22 12:00:00,4.8,20.0,0.0,0,9.155526637770478,2.100268689475283,110.0,11,7,14,1
2024-12-22 13:00:00,5.3,19.3,0.0,0,6.892168545992689,1.8898600004037536,119.0,11,7,14,1
2024-12-22 14:00:00,4.9,20.3,0.0,3,2.962324953534349,1.2456305585883383,95.0,11,7,14,1
2024-12-22 15:00:00,3.7,17.7,3.0,75,-2.68334998546095,0.14688118453255686,27.0,11,7,14,0
2024-12-22 16:00:00,3.3,17.4,1.3,73,-9.439332177827922,0.0,4.0,11,7,14,0
2024-12-22 17:00:00,3.2,18.8,0.7,53,-16.949284610985245,0.0,0.0,11,7,14,0
2024-12-22 18:00:00,3.7,18.8,0.1,51,-24.944311777195892,0.0,0.0,11,7,14,0
2024-12-22 19:00:00,3.2,19.5,0.0,3,-33.08528645965535,0.0,0.0,11,7,14,0
2024-12-22 20:00:00,3.3,18.8,0.0,1,-40.96145992999149,0.0,0.0,11,7,14,0
2024-12-22 21:00:00,3.6,19.0,0.0,3,-48.01109105710049,0.0,0.0,11,7,14,0
2024-12-22 22:00:00,3.7,20.1,0.0,2,-53.425946246036204,0.0,0.0,11,7,14,0
2024-12-22 23:00:00,3.9,20.2,0.0,2,-56.19327698409708,0.0,0.0,11,7,14,0
2024-12-23 00:00:00,4.0,17.0,0.0,2,-55.575791385576224,0.0,0.0,11,7,14,0
2024-12-23 01:00:00,3.5,13.3,0.0,2,-51.75441541950204,0.0,0.0,11,7,14,0
2024-12-23 02:00:00,4.4,9.2,0.0,3,-45.64953238481456,0.0,0.0,11,7,14,0
2024-12-23 03:00:00,4.0,5.3,0.0,3,-38.22818123055342,0.0,0.0,11,7,14,0
2024-12-23 04:00:00,3.9,8.6,0.0,3,-30.203048003614896,0.0,0.0,11,7,14,0
2024-12-23 05:00:00,3.7,10.5,0.0,3,-22.070908503615527,0.0,0.0,11,7,14,0
2024-12-23 06:00:00,3.8,14.7,0.2,51,-14.210178589021524,0.0,0.0,11,7,14,0
2024-12-23 07:00:00,4.9,19.4,0.1,51,-6.944222998209128,0.0,0.0,11,7,14,0
2024-12-23 08:00:00,4.2,17.9,0.0,1,-0.20664205182373507,0.0,0.0,11,7,14,0
2024-12-23 09:00:00,4.1,18.7,0.0,1,4.5260136281596886,0.0,0.0,11,7,14,1
2024-12-23 10:00:00,4.1,19.4,0.0,3,7.913419717845258,0.3397331094648519,16.0,11,7,14,1
2024-12-23 11:00:00,4.6,19.1,0.0,1,9.517374965678385,0.6834797846872698,47.0,11,7,14,1
2024-12-23 12:00:00,4.9,19.0,0.0,1,9.178955411451298,0.8028344935906953,67.0,11,7,14,1
2024-12-23 13:00:00,5.2,18.3,0.0,0,6.9306774461059035,1.689051098563574,114.0,11,7,14,1
2024-12-23 14:00:00,4.8,18.6,0.0,3,3.012110193828491,1.0173196825970223,86.0,11,7,14,1
2024-12-23 15:00:00,4.6,19.0,0.0,3,-2.6175858611286174,0.3056424999732317,38.0,11,7,14,0
2024-12-23 16:00:00,4.3,19.2,0.0,3,-9.368124164751592,0.0,3.0,11,7,14,0
2024-12-23 17:00:00,4.6,18.1,0.0,3,-16.872964991342613,0.0,0.0,11,7,14,0
2024-12-23 18:00:00,4.2,17.1,0.0,1,-24.86530036836433,0.0,0.0,11,7,14,0
2024-12-23 19:00:00,3.5,14.5,0.0,0,-33.00632237100554,0.0,0.0,11,7,14,0
2024-12-23 20:00:00,2.8,11.7,0.0,1,-40.886058515002134,0.0,0.0,11,7,14,0
2024-12-23 21:00:00,3.0,10.3,0.0,0,-47.944387108463474,0.0,0.0,11,7,14,0
2024-12-23 22:00:00,3.0,8.2,0.0,1,-53.37547050789783,0.0,0.0,11,7,14,0
2024-12-23 23:00:00,2.2,7.6,0.0,0,-56.16756184424273,0.0,0.0,11,7,14,0
2024-12-24 00:00:00,1.6,5.9,0.0,1,-55.57860764974862,0.0,0.0,11,7,14,0
2024-12-24 01:00:00,0.9,4.5,0.0,1,-51.781093846829265,0.0,0.0,11,7,14,0
2024-12-24 02:00:00,0.9,3.8,0.0,3,-45.69160530730048,0.0,0.0,11,7,14,0
2024-12-24 03:00:00,1.0,3.7,0.0,3,-38.27830316518748,0.0,0.0,11,7,14,0
2024-12-24 04:00:00,2.0,7.6,0.0,3,-30.255929559176735,0.0,0.0,11,7,14,0
2024-12-24 05:00:00,1.2,9.2,0.0,3,-22.122654129248687,0.0,0.0,11,7,14,0
2024-12-24 06:00:00,1.5,9.1,0.0,3,-14.257604522159866,0.0,0.0,11,7,14,0
2024-12-24 07:00:00,1.8,9.7,0.0,3,-6.98453125900383,0.0,0.0,11,7,14,0
2024-12-24 08:00:00,2.2,9.6,0.0,3,-0.2565210525837216,0.0,0.0,11,7,14,0
2024-12-24 09:00:00,2.5,11.6,0.0,3,4.50957649912074,0.0,0.0,11,7,14,1
2024-12-24 10:00:00,2.8,11.6,0.0,3,7.911657640298571,0.01434448967187071,8.0,11,7,14,1
2024-12-24 11:00:00,3.1,12.7,0.2,51,9.531985788406686,0.08554963478794633,19.0,11,7,14,1
2024-12-24 12:00:00,3.2,14.2,0.4,51,9.209974539853818,0.13725458965127466,27.0,11,7,14,1
2024-12-24 13:00:00,3.6,16.0,0.1,51,6.976558008599724,0.07888082702287497,18.0,11,7,14,1
2024-12-24 14:00:00,3.3,16.1,0.0,3,3.068790784911485,0.13721377898318132,27.0,11,7,14,1
2024-12-24 15:00:00,3.5,17.0,0.0,3,-2.5444946888664077,0.059524446877427674,15.0,11,7,14,0
2024-12-24 16:00:00,3.7,17.9,0.0,3,-9.29031063676969,0.0,3.0,11,7,14,0
2024-12-24 17:00:00,3.7,17.6,0.1,51,-16.790295762823988,0.0,0.0,11,7,14,0
2024-12-24 18:00:00,4.1,19.5,0.5,53,-24.78006605533949,0.0,0.0,11,7,14,0
2024-12-24 19:00:00,4.6,19.9,0.6,53,-32.921102877035665,0.0,0.0,11,7,14,0
2024-12-24 20:00:00,4.9,20.5,0.3,51,-40.804168911879685,0.0,0.0,11,7,14,0
2024-12-24 21:00:00,5.3,19.9,0.2,51,-47.87073861732233,0.0,0.0,11,7,14,0
2024-12-24 22:00:00,5.6,19.6,0.1,51,-53.317441799810666,0.0,0.0,11,7,14,0
2024-12-24 23:00:00,6.2,19.6,0.0,3,-56.13382014214008,0.0,0.0,11,7,14,0
2024-12-25 00:00:00,6.6,20.2,0.0,3,-55.57342071023436,0.0,0.0,11,7,14,0
2024-12-25 01:00:00,7.1,18.0,0.0,3,-51.80023370956846,0.0,0.0,11,7,14,0
2024-12-25 02:00:00,7.3,17.7,0.0,3,-45.726671840888855,0.0,0.0,11,7,14,0
2024-12-25 03:00:00,7.6,18.3,0.0,3,-38.32178999915399,0.0,0.0,11,7,14,0
2024-12-25 04:00:00,7.9,17.7,0.0,3,-30.302343637623977,0.0,0.0,11,7,14,0
2024-12-25 05:00:00,8.2,17.5,0.0,3,-22.167923229894143,0.0,0.0,11,7,14,0
2024-12-25 06:00:00,8.4,17.2,0.0,3,-14.298406067535723,0.0,0.0,11,7,14,0
2024-12-25 07:00:00,8.6,17.8,0.0,3,-7.017944548618445,0.0,0.0,11,7,14,0
2024-12-25 08:00:00,8.8,19.6,0.0,3,-0.29341291710792916,0.0,0.0,11,7,14,0
2024-12-25 09:00:00,8.8,20.0,0.0,3,4.500313467863833,0.0,0.0,11,7,14,1
2024-12-25 10:00:00,8.9,18.8,0.0,3,7.917410137787627,0.0004917325915983748,6.0,11,7,14,1
2024-12-25 11:00:00,9.1,19.0,0.0,3,9.554229425804195,0.1524870642515741,30.0,11,7,14,1
2024-12-25 12:00:00,9.1,18.5,0.0,3,9.248568803108753,0.20936648396747856,39.0,11,7,14,1
2024-12-25 13:00:00,9.4,17.2,0.0,3,7.02978350352582,0.23428536489062554,43.0,11,7,14,1
2024-12-25 14:00:00,9.1,17.3,0.0,3,3.1323442689125756,0.21656384793785827,36.0,11,7,14,1
2024-12-25 15:00:00,9.1,17.6,0.0,3,-2.464073285203469,0.08285967564315229,19.0,11,7,14,0
2024-12-25 16:00:00,8.6,18.7,0.0,3,-9.20595571203674,0.0,3.0,11,7,14,0
2024-12-25 17:00:00,8.1,17.8,0.0,3,-16.701349779650343,0.0,0.0,11,7,14,0
2024-12-25 18:00:00,8.3,17.9,0.0,3,-24.688687555339655,0.0,0.0,11,7,14,0
2024-12-25 19:00:00,8.4,17.0,0.0,3,-32.829710256748996,0.0,0.0,11,7,14,0
2024-12-25 20:00:00,8.4,16.7,0.0,3,-40.71587393466311,0.0,0.0,11,7,14,0
2024-12-25 21:00:00,8.4,17.6,0.0,3,-47.79022338354784,0.0,0.0,11,7,14,0
2024-12-25 22:00:00,8.4,18.2,0.0,3,-53.25192140941914,0.0,0.0,11,7,14,0
2024-12-25 23:00:00,8.3,18.4,0.0,3,-56.09207858342583,0.0,0.0,11,7,14,0
2024-12-26 00:00:00,8.2,18.6,0.0,3,-55.56021257749478,0.0,0.0,11,7,14,0
2024-12-26 01:00:00,8.1,19.0,0.0,3,-51.81178344454062,0.0,0.0,11,7,14,0
2024-12-26 02:00:00,7.7,17.1,0.0,3,-45.754664575716816,0.0,0.0,11,7,14,0
2024-12-26 03:00:00,7.6,17.7,0.0,3,-38.358570115396816,0.0,0.0,11,7,14,0
2024-12-26 04:00:00,7.6,17.9,0.0,3,-30.342220538564888,0.0,0.0,11,7,14,0
2024-12-26 05:00:00,7.7,16.7,0.0,3,-22.206651510714252,0.0,0.0,11,7,14,0
2024-12-26 06:00:00,7.8,16.3,0.0,3,-14.332526822032335,0.0,0.0,11,7,14,0
2024-12-26 07:00:00,7.8,16.2,0.0,3,-7.044417168904502,0.0,0.0,11,7,14,0
2024-12-26 08:00:00,7.8,15.4,0.0,3,-0.3181914352735049,0.0,0.0,11,7,14,0
2024-12-26 09:00:00,7.8,15.6,0.0,3,4.49824413996204,0.0,0.0,11,7,14,1
2024-12-26 10:00:00,8.1,14.8,0.0,3,7.930685929904925,0.0006040873686763902,6.0,11,7,14,1
2024-12-26 11:00:00,8.4,14.9,0.0,3,9.58410091135272,0.15311585361108074,25.0,11,7,14,1
2024-12-26 12:00:00,8.4,16.1,0.0,3,9.294719697614141,0.22895120974604058,42.0,11,7,14,1
2024-12-26 13:00:00,8.4,16.7,0.0,3,7.090324174732132,0.22546377853044985,39.0,11,7,14,1
2024-12-26 14:00:00,8.1,14.6,0.0,3,3.2027459815529653,0.26931668284248145,38.0,11,7,14,1
2024-12-26 15:00:00,7.9,13.1,0.0,3,-2.376307010297566,0.032476409550521675,11.0,11,7,14,0
2024-12-26 16:00:00,7.8,13.3,0.0,3,-9.115126292415255,0.0,2.0,11,7,14,0
2024-12-26 17:00:00,7.7,14.3,0.0,3,-16.606202538523206,0.0,0.0,11,7,14,0
2024-12-26 18:00:00,7.7,13.2,0.0,3,-24.591245996341613,0.0,0.0,11,7,14,0
2024-12-26 19:00:00,7.7,13.4,0.0,3,-32.732229058753376,0.0,0.0,11,7,14,0
2024-12-26 20:00:00,7.7,13.6,0.0,3,-40.621258750541756,0.0,0.0,11,7,14,0
2024-12-26 21:00:00,7.7,13.1,0.0,3,-47.70292207066214,0.0,0.0,11,7,14,0
2024-12-26 22:00:00,7.6,12.4,0.0,3,-53.17897458857166,0.0,0.0,11,7,14,0
2024-12-26 23:00:00,7.4,12.1,0.0,3,-56.042369084247326,0.0,0.0,11,7,14,0
2024-12-27 00:00:00,7.5,12.4,0.0,3,-55.538970663263484,0.0,0.0,11,7,14,0
2024-12-27 01:00:00,7.6,11.6,0.0,3,-51.815696008573525,0.0,0.0,11,7,14,0
2024-12-27 02:00:00,7.2,10.7,0.0,3,-45.77551975276995,0.0,0.0,11,7,14,0
2024-12-27 03:00:00,7.2,10.3,0.0,3,-38.38857510749256,0.0,0.0,11,7,14,0
2024-12-27 04:00:00,7.1,9.6,0.0,3,-30.37549366314849,0.0,0.0,11,7,14,0
2024-12-27 05:00:00,7.1,9.0,0.1,51,-22.238777845420003,0.0,0.0,11,7,14,0
2024-12-27 06:00:00,6.9,9.6,0.0,3,-14.359913676173562,0.0,0.0,11,7,14,0
2024-12-27 07:00:00,7.1,8.8,0.0,3,-7.063906630517252,0.0,0.0,11,7,14,0
2024-12-27 08:00:00,7.1,8.7,0.0,3,-0.3313686579357835,0.0,0.0,11,7,14,0
2024-12-27 09:00:00,7.1,9.0,0.0,3,4.503386147274881,0.0,0.0,11,7,14,1
2024-12-27 10:00:00,7.2,9.8,0.0,3,7.951490557868354,0.0,4.0,11,7,14,1
2024-12-27 11:00:00,7.2,10.5,0.0,3,9.621591944258483,0.07092563466398732,17.0,11,7,14,1
2024-12-27 12:00:00,7.2,10.2,0.0,3,9.348405438077975,0.12188884555427852,25.0,11,7,14,1
2024-12-27 13:00:00,7.3,12.3,0.0,3,7.158147222908937,0.13458743733759118,27.0,11,7,14,1
2024-12-27 14:00:00,6.9,9.4,0.0,3,3.2799687551369487,0.16698184548946976,30.0,11,7,14,1
2024-12-27 15:00:00,6.8,9.4,0.0,3,-2.281165472448521,0.06469592660451316,16.0,11,7,14,0
2024-12-27 16:00:00,6.6,8.3,0.0,3,-9.017891966951737,0.0,2.0,11,7,14,0
2024-12-27 17:00:00,6.4,9.2,0.0,3,-16.504932078261803,0.0,0.0,11,7,14,0
2024-12-27 18:00:00,6.3,10.6,0.0,3,-24.487824800572255,0.0,0.0,11,7,14,0
2024-12-27 19:00:00,6.3,11.9,0.0,3,-32.62874596663188,0.0,0.0,11,7,14,0
2024-12-27 20:00:00,6.2,11.0,0.0,3,-40.52041072452701,0.0,0.0,11,7,14,0
2024-12-27 21:00:00,6.1,11.0,0.0,3,-47.60891803011788,0.0,0.0,11,7,14,0
2024-12-27 22:00:00,6.1,11.2,0.0,3,-53.098670379612315,0.0,0.0,11,7,14,0
2024-12-27 23:00:00,6.2,10.3,0.0,3,-55.98472867460765,0.0,0.0,11,7,14,0
2024-12-28 00:00:00,6.2,12.3,0.0,3,-55.50968782635525,0.0,0.0,11,7,14,0
2024-12-28 01:00:00,6.3,12.0,0.0,3,-51.81192901668513,0.0,0.0,11,7,14,0
2024-12-28 02:00:00,5.7,12.1,0.0,3,-45.7891774190868,0.0,0.0,11,7,14,0
2024-12-28 03:00:00,5.8,12.4,0.0,3,-38.41173992003311,0.0,0.0,11,7,14,0
2024-12-28 04:00:00,5.9,13.4,0.0,3,-30.40209963252606,0.0,0.0,11,7,14,0
2024-12-28 05:00:00,5.9,13.7,0.0,3,-22.26424437256516,0.0,0.0,11,7,14,0
2024-12-28 06:00:00,6.1,13.1,0.0,3,-14.380516889440045,0.0,0.0,11,7,14,0
2024-12-28 07:00:00,6.1,12.2,0.0,3,-7.076373716913196,0.0,0.0,11,7,14,0
2024-12-28 08:00:00,6.2,12.2,0.0,3,-0.3331808824416811,0.0,0.0,11,7,14,0
2024-12-28 09:00:00,6.2,12.9,0.0,3,4.51575514547288,0.0,0.0,11,7,14,1
2024-12-28 10:00:00,6.4,13.1,0.0,3,7.979826374149468,0.013658962592084706,8.0,11,7,14,1
2024-12-28 11:00:00,6.8,13.6,0.0,3,9.666690888703428,0.33906871088072876,39.0,11,7,14,1
2024-12-28 12:00:00,7.2,15.2,0.0,3,9.409600961414398,0.5176593638083486,65.0,11,7,14,1
2024-12-28 13:00:00,7.3,14.5,0.0,3,7.233216789566285,0.37798849820846064,58.0,11,7,14,1
2024-12-28 14:00:00,6.7,13.2,0.0,3,3.3639826449348504,0.2432905534706959,44.0,11,7,14,1
2024-12-28 15:00:00,6.6,13.2,0.0,3,-2.178596582623342,0.08396636335886458,19.0,11,7,14,0
2024-12-28 16:00:00,6.5,13.4,0.0,3,-8.914324909801266,0.0,3.0,11,7,14,0
2024-12-28 17:00:00,6.3,13.8,0.0,3,-16.39761887673376,0.0,0.0,11,7,14,0
2024-12-28 18:00:00,6.2,14.4,0.0,3,-24.37850956626724,0.0,0.0,11,7,14,0
2024-12-28 19:00:00,6.2,16.3,0.0,3,-32.519349663479076,0.0,0.0,11,7,14,0
2024-12-28 20:00:00,6.2,17.1,0.0,3,-40.413419263803206,0.0,0.0,11,7,14,0
2024-12-28 21:00:00,6.4,16.3,0.0,3,-47.50829712429936,0.0,0.0,11,7,14,0
2024-12-28 22:00:00,6.4,16.6,0.0,3,-53.01108143577835,0.0,0.0,11,7,14,0
2024-12-28 23:00:00,6.5,17.9,0.0,3,-55.91919938787575,0.0,0.0,11,7,14,0
2024-12-29 00:00:00,6.5,18.1,0.0,3,-55.47236240241483,0.0,0.0,11,7,14,0
2024-12-29 01:00:00,6.6,17.8,0.0,3,-51.80044486962291,0.0,0.0,11,7,14,0
2024-12-29 02:00:00,6.8,18.5,0.0,3,-45.79558157711074,0.0,0.0,11,7,14,0
2024-12-29 03:00:00,7.0,19.4,0.0,3,-38.42800298515465,0.0,0.0,11,7,14,0
2024-12-29 04:00:00,7.1,19.9,0.0,3,-30.42197840290379,0.0,0.0,11,7,14,0
2024-12-29 05:00:00,7.2,21.0,0.0,3,-22.28299658826367,0.0,0.0,11,7,14,0
2024-12-29 06:00:00,7.5,22.4,0.0,3,-14.394290161559596,0.0,0.0,11,7,14,0
2024-12-29 07:00:00,7.8,24.6,0.0,3,-7.081782540628879,0.0,0.0,11,7,14,0
2024-12-29 08:00:00,8.0,27.5,0.0,3,-0.3236274633057121,0.0,0.0,11,7,14,0
2024-12-29 09:00:00,8.0,25.7,0.0,3,4.53536480736598,0.0,0.0,11,7,14,1
2024-12-29 10:00:00,7.8,25.6,0.0,3,8.015692530972373,0.013402483401377112,8.0,11,7,14,1
2024-12-29 11:00:00,7.9,26.4,0.0,3,9.719382774773536,0.17249036053636363,33.0,11,7,14,1
2024-12-29 12:00:00,8.1,25.0,0.0,3,9.478277932846837,0.5537546762992235,71.0,11,7,14,1
2024-12-29 13:00:00,8.3,25.5,0.0,3,7.315493942925315,0.24827357152838228,45.0,11,7,14,1
2024-12-29 14:00:00,8.4,25.5,0.0,3,3.4547546931600834,0.2167283379953307,38.0,11,7,14,1
2024-12-29 15:00:00,8.1,25.5,0.0,3,-2.0685181765738463,0.08334656201884798,19.0,11,7,14,0
2024-12-29 16:00:00,8.1,26.7,0.0,3,-8.804499772380652,0.0,3.0,11,7,14,0
2024-12-29 17:00:00,8.1,28.5,0.0,3,-16.284345745216157,0.0,0.0,11,7,14,0
2024-12-29 18:00:00,8.1,29.6,0.0,3,-24.263387947884468,0.0,0.0,11,7,14,0
2024-12-29 19:00:00,8.3,32.7,0.0,3,-32.40413069587029,0.0,0.0,11,7,14,0
2024-12-29 20:00:00,8.4,32.8,0.0,3,-40.30037566216305,0.0,0.0,11,7,14,0
2024-12-29 21:00:00,8.8,34.8,0.0,3,-47.40114754890169,0.0,0.0,11,7,14,0
2024-12-29 22:00:00,8.9,34.9,0.0,3,-52.916283836669834,0.0,0.0,11,7,14,0
2024-12-29 23:00:00,8.9,35.8,0.0,3,-55.84582813726129,0.0,0.0,11,7,14,0
2024-12-30 00:00:00,8.9,36.8,0.0,3,-55.426998217470526,0.0,0.0,11,7,14,0
2024-12-30 01:00:00,8.9,36.6,0.0,3,-51.781210870061415,0.0,0.0,11,7,14,0
2024-12-30 02:00:00,8.9,35.2,0.0,3,-45.79468032754704,0.0,0.0,11,7,14,0
2024-12-30 03:00:00,8.8,33.8,0.0,3,-38.43730635477084,0.0,0.0,11,7,14,0
2024-12-30 04:00:00,8.6,33.3,0.2,51,-30.43507337690822,0.0,0.0,11,7,14,0
2024-12-30 05:00:00,8.4,31.0,0.5,53,-22.294983435171517,0.0,0.0,11,7,14,0
2024-12-30 06:00:00,8.0,23.6,1.0,55,-14.401190699697224,0.0,0.0,11,7,14,0
2024-12-30 07:00:00,7.7,18.2,0.4,51,-7.08010059196269,0.0,0.0,11,7,14,0
2024-12-30 08:00:00,7.3,16.6,0.4,51,-0.30247361559901265,0.0,0.0,11,7,14,0
2024-12-30 09:00:00,7.1,14.9,0.3,51,4.562226812978409,0.0,0.0,11,7,14,1
2024-12-30 10:00:00,6.8,13.5,0.2,51,8.059084967879798,0.0,3.0,11,7,14,1
2024-12-30 11:00:00,6.4,11.0,0.4,51,9.779649301284906,0.0072511010727536905,7.0,11,7,14,1
2024-12-30 12:00:00,6.0,7.1,0.8,53,9.55440475458957,0.05217896922600034,14.0,11,7,14,1
2024-12-30 13:00:00,5.6,6.9,1.3,61,7.40493666668786,0.02664399543053933,10.0,11,7,14,1
2024-12-30 14:00:00,5.2,4.9,1.2,55,3.5522487450567013,0.020305036924246494,9.0,11,7,14,1
2024-12-30 15:00:00,5.0,3.8,1.0,55,-1.950805962655508,0.007475437858667367,7.0,11,7,14,0
2024-12-30 16:00:00,4.6,9.4,1.5,61,-8.688493569472243,0.0,1.0,11,7,14,0
2024-12-30 17:00:00,4.6,11.7,1.4,61,-16.16519772033307,0.0,0.0,11,7,14,0
2024-12-30 18:00:00,4.4,11.4,1.2,55,-24.14254953496976,0.0,0.0,11,7,14,0
2024-12-30 19:00:00,3.3,17.6,1.6,61,-32.28318133752279,0.0,0.0,11,7,14,0
2024-12-30 20:00:00,2.6,13.6,0.9,53,-40.18137294491157,0.0,0.0,11,7,14,0
2024-12-30 21:00:00,2.8,11.6,0.5,53,-47.28755965531377,0.0,0.0,11,7,14,0
2024-12-30 22:00:00,2.5,8.8,0.0,3,-52.8143568997514,0.0,0.0,11,7,14,0
2024-12-30 23:00:00,2.1,7.0,0.0,3,-55.7646665801355,0.0,0.0,11,7,14,0
2024-12-31 00:00:00,1.9,6.0,0.0,3,-55.37360458527246,0.0,0.0,11,7,14,0
2024-12-31 01:00:00,1.0,4.8,0.0,3,-51.75419932682064,0.0,0.0,11,7,14,0
2024-12-31 02:00:00,2.2,6.2,0.0,3,-45.78642600509855,0.0,0.0,11,7,14,0
2024-12-31 03:00:00,2.3,8.9,0.0,3,-38.439595828069145,0.0,0.0,11,7,14,0
2024-12-31 04:00:00,3.0,10.4,0.0,3,-30.441331510986288,0.0,0.0,11,7,14,0
2024-12-31 05:00:00,3.1,13.0,0.1,51,-22.30015738757558,0.0,0.0,11,7,14,0
2024-12-31 06:00:00,3.0,11.2,0.3,51,-14.401179281478605,0.0,0.0,11,7,14,0
2024-12-31 07:00:00,2.9,7.8,0.2,51,-7.071298780105792,0.0,0.0,11,7,14,0
2024-12-31 08:00:00,2.7,3.5,0.4,51,-0.2692178962267775,0.0,0.0,11,7,14,0
2024-12-31 09:00:00,2.7,4.9,0.2,51,4.596350838901259,0.0,0.0,11,7,14,1
2024-12-31 10:00:00,2.7,8.4,0.2,51,8.109996398659959,0.0,3.0,11,7,14,1
2024-12-31 11:00:00,2.8,12.5,0.2,51,9.84746884076101,0.007854181466447752,7.0,11,7,14,1
2024-12-31 12:00:00,3.2,15.5,0.3,51,9.63794657748268,0.020754639227483784,9.0,11,7,14,1
2024-12-31 13:00:00,3.8,12.9,0.4,51,7.501499852628257,0.02062194488386684,9.0,11,7,14,1
2024-12-31 14:00:00,4.4,15.0,0.2,51,3.656425331727675,0.014043097700367517,8.0,11,7,14,1
2024-12-31 15:00:00,7.1,25.1,0.1,51,-1.8252757671654365,0.019926715578135086,9.0,11,7,14,0
2024-12-31 16:00:00,6.9,27.7,0.2,51,-8.56638555893285,0.0,1.0,11,7,14,0
2024-12-31 17:00:00,7.0,30.1,0.1,51,-16.040261953721696,0.0,0.0,11,7,14,0
2024-12-31 18:00:00,7.2,32.9,0.2,51,-24.01608572986794,0.0,0.0,11,7,14,0
2024-12-31 19:00:00,7.2,32.9,0.7,53,-32.156595452907865,0.0,0.0,11,7,14,0
2024-12-31 20:00:00,7.3,36.4,2.0,61,-40.05650571461325,0.0,0.0,11,7,14,0
2024-12-31 21:00:00,7.6,37.4,2.2,61,-47.16762577361189,0.0,0.0,11,7,14,0
2024-12-31 22:00:00,7.7,36.3,1.9,61,-52.70538298884179,0.0,0.0,11,7,14,0
2024-12-31 23:00:00,7.8,36.5,0.4,51,-55.675770971150484,0.0,0.0,11,7,14,0
2025-01-01 00:00:00,7.7,32.1,0.5,53,-55.312196288523694,0.0,0.0,11,7,14,0
2025-01-01 01:00:00,7.7,30.3,0.7,53,-51.7193876465368,0.0,0.0,11,7,14,0
2025-01-01 02:00:00,7.9,32.8,1.4,61,-45.77077530647378,0.0,0.0,11,7,14,0
2025-01-01 03:00:00,7.8,32.0,0.5,53,-38.43482107383059,0.0,0.0,11,7,14,0
2025-01-01 04:00:00,7.7,32.7,0.9,53,-30.44070341856228,0.0,0.0,11,7,14,0
2025-01-01 05:00:00,7.6,31.3,0.5,53,-22.29847453243343,0.0,0.0,11,7,14,0
2025-01-01 06:00:00,7.5,30.8,0.4,51,-14.394220313780025,0.0,0.0,11,7,14,0
2025-01-01 07:00:00,7.4,29.5,0.3,51,-7.055351466689572,0.0,0.0,11,7,14,0
2025-01-01 08:00:00,7.3,27.7,0.4,51,-0.22301486215059185,0.0,0.0,11,7,14,0
2025-01-01 09:00:00,7.2,26.7,0.1,51,4.637744551048854,0.0,0.0,11,7,14,1
2025-01-01 10:00:00,7.2,25.5,0.1,51,8.16841629800993,0.019905535221774875,9.0,11,7,14,1
2025-01-01 11:00:00,7.1,24.4,0.3,51,9.922816446830822,0.1667254118834217,32.0,11,7,14,1
2025-01-01 12:00:00,6.6,22.0,0.9,53,9.728865315949179,0.11597730478523313,24.0,11,7,14,1
2025-01-01 13:00:00,6.3,22.9,0.9,53,7.605135297895458,0.05213393568590177,14.0,11,7,14,1
2025-01-01 14:00:00,5.9,22.9,1.6,61,3.767241634224206,0.02018270859979637,9.0,11,7,14,1
2025-01-01 15:00:00,5.8,27.4,0.7,53,-1.6916566552747412,0.007362554550787421,7.0,11,7,14,0
2025-01-01 16:00:00,5.7,25.7,0.3,51,-8.4382571145687,0.0,2.0,11,7,14,0
2025-01-01 17:00:00,5.6,25.4,0.1,51,-15.909627599590593,0.0,0.0,11,7,14,0
2025-01-01 18:00:00,3.2,16.7,0.0,3,-23.884089624479813,0.0,0.0,11,7,14,0
2025-01-01 19:00:00,2.5,15.3,0.0,3,-32.02446836106165,0.0,0.0,11,7,14,0
2025-01-01 20:00:00,1.8,16.3,0.0,3,-39.92586999803382,0.0,0.0,11,7,14,0
2025-01-01 21:00:00,1.5,14.6,0.0,3,-47.041440036734116,0.0,0.0,11,7,14,0
2025-01-01 22:00:00,1.2,14.2,0.0,3,-52.58944732052308,0.0,0.0,11,7,14,0
2025-01-01 23:00:00,1.1,14.6,0.0,3,-55.57920200516767,0.0,0.0,11,7,14,0
2025-01-02 00:00:00,0.9,14.0,0.1,71,-55.24279354422802,0.0,0.0,11,7,14,0
2025-01-02 01:00:00,0.7,12.9,0.1,71,-51.676758412293566,0.0,0.0,11,7,14,0
2025-01-02 02:00:00,-0.1,19.4,0.6,73,-45.74768941008466,0.0,0.0,11,7,14,0
2025-01-02 03:00:00,0.1,16.2,0.5,73,-38.42293574713861,0.0,0.0,11,7,14,0
2025-01-02 04:00:00,0.1,16.6,0.1,71,-30.433143468672597,0.0,0.0,11,7,14,0
2025-01-02 05:00:00,-0.2,15.2,0.1,71,-22.289894646209902,0.0,0.0,11,7,14,0
2025-01-02 06:00:00,-0.6,12.5,0.0,0,-14.380281887220491,0.0,0.0,11,7,14,0
2025-01-02 07:00:00,-0.4,12.9,0.0,0,-7.032236491637363,0.0,0.0,11,7,14,0
2025-01-02 08:00:00,-0.3,12.8,0.0,0,-0.1625285405923904,0.0,0.0,11,7,14,0
2025-01-02 09:00:00,-0.3,13.9,0.0,0,4.686413606519267,0.0,0.0,11,7,14,1
2025-01-02 10:00:00,0.1,15.5,0.0,0,8.234330888390048,0.6500232229598857,22.0,11,7,14,1
2025-01-02 11:00:00,0.7,16.5,0.0,0,10.005663864332945,2.2176703298525067,85.0,11,7,14,1
2025-01-02 12:00:00,1.7,18.3,0.0,0,9.827119666625123,2.6668382843540566,134.0,11,7,14,1
2025-01-02 13:00:00,2.4,19.5,0.0,0,7.71579170783572,2.523388603562787,149.0,11,7,14,1
2025-01-02 14:00:00,2.5,20.6,0.0,0,3.8846515430944635,1.7249240771793986,120.0,11,7,14,1
2025-01-02 15:00:00,2.2,18.9,0.0,0,-1.549548933865836,0.8580023131281844,71.0,11,7,14,0
2025-01-02 16:00:00,1.7,19.4,0.0,0,-8.30419159162679,0.008733288387991351,13.0,11,7,14,0
2025-01-02 17:00:00,1.7,20.1,0.0,0,-15.773385700341606,0.0,0.0,11,7,14,0
2025-01-02 18:00:00,1.5,21.2,0.0,1,-23.746655876274076,0.0,0.0,11,7,14,0
2025-01-02 19:00:00,1.1,21.1,0.0,2,-31.886896699844712,0.0,0.0,11,7,14,0
2025-01-02 20:00:00,1.0,19.3,0.0,3,-39.789563094617534,0.0,0.0,11,7,14,0
2025-01-02 21:00:00,0.9,19.0,0.0,3,-46.90909820638447,0.0,0.0,11,7,14,0
2025-01-02 22:00:00,0.8,18.3,0.0,3,-52.46663776938715,0.0,0.0,11,7,14,0
2025-01-02 23:00:00,0.6,16.2,0.0,3,-55.475024651055435,0.0,0.0,11,7,14,0
2025-01-03 00:00:00,0.0,15.4,0.0,0,-55.16542195349837,0.0,0.0,11,7,14,0
2025-01-03 01:00:00,-0.3,17.5,0.0,0,-51.6262994488047,0.0,0.0,11,7,14,0
2025-01-03 02:00:00,-0.5,19.3,0.0,2,-45.717134086884045,0.0,0.0,11,7,14,0
2025-01-03 03:00:00,-0.1,25.1,0.1,71,-38.40389760005155,0.0,0.0,11,7,14,0
2025-01-03 04:00:00,0.1,29.1,1.9,75,-30.418609879804393,0.0,0.0,11,7,14,0
2025-01-03 05:00:00,0.9,33.4,0.8,73,-22.27438126735649,0.0,0.0,11,7,14,0
2025-01-03 06:00:00,1.4,25.7,0.0,1,-14.359335826295336,0.0,0.0,11,7,14,0
2025-01-03 07:00:00,0.3,25.8,0.0,0,-7.001935191122868,0.0,0.0,11,7,14,0
2025-01-03 08:00:00,-1.1,29.7,0.1,71,-0.08566422615676572,0.0,0.0,11,7,14,0
2025-01-03 09:00:00,-1.1,23.0,0.1,71,4.742361671798562,0.0,0.0,11,7,14,1
2025-01-03 10:00:00,-0.8,23.1,0.1,71,8.307723127575372,0.3985390646250712,18.0,11,7,14,1
2025-01-03 11:00:00,-0.7,21.0,0.0,0,10.095979542405516,1.9209126761821167,81.0,11,7,14,1
2025-01-03 12:00:00,-0.2,22.3,0.0,0,9.932665130981789,2.6869350823360088,135.0,11,7,14,1
2025-01-03 13:00:00,0.2,26.2,0.0,0,7.833414705058146,2.585491724167024,151.0,11,7,14,1
2025-01-03 14:00:00,0.3,29.1,0.0,2,4.008605827064727,1.8740199185002056,128.0,11,7,14,1
2025-01-03 15:00:00,0.6,28.7,0.0,2,-1.398356071703617,0.9013905314655877,75.0,11,7,14,0
2025-01-03 16:00:00,0.5,24.4,0.0,1,-8.16427418419805,0.015488579704691956,14.0,11,7,14,0
2025-01-03 17:00:00,0.3,19.2,0.0,1,-15.6316290704318,0.0,0.0,11,7,14,0
2025-01-03 18:00:00,-0.6,14.9,0.0,2,-23.603880583757018,0.0,0.0,11,7,14,0
2025-01-03 19:00:00,-2.2,7.2,0.0,1,-31.74397829089115,0.0,0.0,11,7,14,0
2025-01-03 20:00:00,-2.2,8.0,0.0,0,-39.647683426820095,0.0,0.0,11,7,14,0
2025-01-03 21:00:00,-3.7,4.0,0.0,0,-46.77069750117923,0.0,0.0,11,7,14,0
2025-01-03 22:00:00,-3.6,1.5,0.0,1,-52.33704467299631,0.0,0.0,11,7,14,0
2025-01-03 23:00:00,-3.3,0.6,0.0,0,-55.36330797744873,0.0,0.0,11,7,14,0
2025-01-04 00:00:00,-3.7,6.7,0.0,0,-55.08011243627888,0.0,0.0,11,7,14,0
2025-01-04 01:00:00,-2.5,11.7,0.0,1,-51.56800387382091,0.0,0.0,11,7,14,0
2025-01-04 02:00:00,-3.6,11.2,0.0,3,-45.67907980182787,0.0,0.0,11,7,14,0
2025-01-04 03:00:00,-3.8,12.4,0.0,3,-38.377668585825546,0.0,0.0,11,7,14,0
2025-01-04 04:00:00,-3.8,12.9,0.0,3,-30.397064808664297,0.0,0.0,11,7,14,0
2025-01-04 05:00:00,-3.5,12.7,0.0,3,-22.25190176428424,0.0,0.0,11,7,14,0
2025-01-04 06:00:00,-2.8,13.2,0.0,3,-14.331357735089199,0.0,0.0,11,7,14,0
2025-01-04 07:00:00,-2.2,13.9,0.0,3,-6.964432407340169,0.0,0.0,11,7,14,0
2025-01-04 08:00:00,-1.6,13.6,0.0,3,0.004370784231241487,0.0,0.0,11,7,14,1
2025-01-04 09:00:00,-1.0,13.8,0.0,3,4.805590466015687,0.0,0.0,11,7,14,1
2025-01-04 10:00:00,-0.8,14.4,0.1,71,8.38857269745985,0.10610087848592757,15.0,11,7,14,1
2025-01-04 11:00:00,-0.4,15.8,0.0,3,10.193728650839489,0.5107119959802328,60.0,11,7,14,1
2025-01-04 12:00:00,0.2,14.3,0.0,3,10.045454042223994,0.8968866286666447,92.0,11,7,14,1
2025-01-04 13:00:00,0.1,16.5,0.0,3,7.957946845350179,0.9076014127307267,101.0,11,7,14,1
2025-01-04 14:00:00,0.1,14.3,0.1,71,4.139052423801417,0.8775737778494052,85.0,11,7,14,1
2025-01-04 15:00:00,0.1,14.0,0.0,3,-1.23716942784732,0.3647563812600995,49.0,11,7,14,0
2025-01-04 16:00:00,-0.2,14.5,0.1,71,-8.018591773654293,0.021830772032201923,12.0,11,7,14,0
2025-01-04 17:00:00,-0.6,13.3,0.0,1,-15.484452178665606,0.0,0.0,11,7,14,0
2025-01-04 18:00:00,-0.9,13.3,0.0,1,-23.45586116162015,0.0,0.0,11,7,14,0
2025-01-04 19:00:00,-0.8,13.9,0.0,1,-31.59581200548891,0.0,0.0,11,7,14,0
2025-01-04 20:00:00,-0.6,14.1,0.0,1,-39.50033039260421,0.0,0.0,11,7,14,0
2025-01-04 21:00:00,-0.7,14.9,0.0,2,-46.62633642751945,0.0,0.0,11,7,14,0
2025-01-04 22:00:00,-0.8,13.6,0.0,2,-52.200760637409275,0.0,0.0,11,7,14,0
2025-01-04 23:00:00,-0.7,12.7,0.0,3,-55.24412497159071,0.0,0.0,11,7,14,0
2025-01-05 00:00:00,-0.3,11.1,0.0,3,-54.98690115154568,0.0,0.0,11,7,14,0
2025-01-05 01:00:00,-0.1,10.4,0.0,3,-51.501870135531135,0.0,0.0,11,7,14,0
2025-01-05 02:00:00,0.2,10.4,0.0,3,-45.63350180548821,0.0,0.0,11,7,14,0
2025-01-05 03:00:00,0.3,11.1,0.2,71,-38.344214956286436,0.0,0.0,11,7,14,0
2025-01-05 04:00:00,0.2,11.5,0.0,3,-30.36847443361188,0.0,0.0,11,7,14,0
2025-01-05 05:00:00,-0.3,12.8,0.0,3,-22.222427398679343,0.0,0.0,11,7,14,0
2025-01-05 06:00:00,-0.9,15.3,0.0,3,-14.296327038507442,0.0,0.0,11,7,14,0
2025-01-05 07:00:00,-0.9,14.7,0.0,3,-6.919716489680894,0.0,0.0,11,7,14,0
2025-01-05 08:00:00,-0.9,14.2,0.0,3,0.05135493253764878,0.0,0.0,11,7,14,1
2025-01-05 09:00:00,-1.0,13.4,0.0,3,4.876099839348157,0.0,0.0,11,7,14,1
2025-01-05 10:00:00,-1.2,12.1,0.0,3,8.476855994688833,0.06118735157566458,15.0,11,7,14,1
2025-01-05 11:00:00,-0.9,13.6,0.0,3,10.298873099949347,0.29052358658095334,50.0,11,7,14,1
2025-01-05 12:00:00,-0.7,14.2,0.0,3,10.16543559669607,0.49265489342662777,78.0,11,7,14,1
2025-01-05 13:00:00,-0.3,12.1,0.0,3,8.089327640926797,0.44593440049488825,74.0,11,7,14,1
2025-01-05 14:00:00,0.2,11.4,0.0,3,4.275936864782452,0.24352435515804396,43.0,11,7,14,1
2025-01-05 15:00:00,0.6,10.9,0.0,3,-1.0645625957187264,0.1975356541585437,36.0,11,7,14,0
2025-01-05 16:00:00,0.6,11.7,0.0,3,-7.867232766984159,0.014764736763706139,8.0,11,7,14,0
2025-01-05 17:00:00,0.9,13.8,0.0,3,-15.331951029108012,0.0,0.0,11,7,14,0
2025-01-05 18:00:00,0.9,17.1,0.0,3,-23.302696215779548,0.0,0.0,11,7,14,0
2025-01-05 19:00:00,0.9,18.2,0.0,3,-31.442497631628754,0.0,0.0,11,7,14,0
2025-01-05 20:00:00,1.0,19.1,0.1,51,-39.34760422039466,0.0,0.0,11,7,14,0
2025-01-05 21:00:00,0.9,21.6,0.3,71,-46.476114613637804,0.0,0.0,11,7,14,0
2025-01-05 22:00:00,0.9,24.0,0.5,73,-52.05788034407877,0.0,0.0,11,7,14,0
2025-01-05 23:00:00,0.8,26.5,0.5,73,-55.11755235238695,0.0,0.0,11,7,14,0
2025-01-06 00:00:00,0.8,28.5,0.6,73,-54.88582940364299,0.0,0.0,11,7,14,0
2025-01-06 01:00:00,0.9,31.0,0.8,73,-51.42790203581467,0.0,0.0,11,7,14,0
2025-01-06 02:00:00,0.8,31.8,1.6,75,-45.58038021538985,0.0,0.0,11,7,14,0
2025-01-06 03:00:00,0.6,33.3,3.6,75,-38.303507351971376,0.0,0.0,11,7,14,0
2025-01-06 04:00:00,0.6,39.6,2.1,75,-30.332809032496144,0.0,0.0,11,7,14,0
2025-01-06 05:00:00,0.9,36.9,1.2,75,-22.185933384016934,0.0,0.0,11,7,14,0
2025-01-06 06:00:00,0.9,38.0,0.9,73,-14.254227018967,0.0,0.0,11,7,14,0
2025-01-06 07:00:00,1.0,39.4,0.9,73,-6.8677792867798075,0.0,0.0,11,7,14,0
2025-01-06 08:00:00,0.9,37.3,1.4,75,0.1046131585726755,0.0,0.0,11,7,14,1
2025-01-06 09:00:00,1.5,35.5,1.7,73,4.953887897946117,0.0,0.0,11,7,14,1
2025-01-06 10:00:00,1.9,31.1,2.5,71,8.57254612370447,0.0,4.0,11,7,14,1
2025-01-06 11:00:00,2.1,25.5,3.3,63,10.411371564191327,0.03401960140521049,11.0,11,7,14,1
2025-01-06 12:00:00,2.4,18.6,1.9,61,10.292555889978956,0.1378207036436902,27.0,11,7,14,1
2025-01-06 13:00:00,2.6,13.6,0.6,53,8.227493591360599,0.11819647381898854,24.0,11,7,14,1
2025-01-06 14:00:00,4.2,20.3,0.8,53,4.419202845215409,0.14956577937505536,29.0,11,7,14,1
2025-01-06 15:00:00,4.8,22.3,0.8,53,-0.8782001868003988,0.149170619654393,29.0,11,7,14,0
2025-01-06 16:00:00,5.1,23.7,1.7,61,-7.710286923603775,0.0,4.0,11,7,14,0
2025-01-06 17:00:00,5.2,23.6,0.7,53,-15.174223040823577,0.0,0.0,11,7,14,0
2025-01-06 18:00:00,5.5,24.0,0.1,51,-23.144485418533094,0.0,0.0,11,7,14,0
2025-01-06 19:00:00,5.6,25.3,0.0,3,-31.28413574245434,0.0,0.0,11,7,14,0
2025-01-06 20:00:00,5.7,25.3,0.1,51,-39.18960582676294,0.0,0.0,11,7,14,0
2025-01-06 21:00:00,6.1,30.2,0.4,51,-46.32013264724603,0.0,0.0,11,7,14,0
2025-01-06 22:00:00,5.8,37.3,0.1,51,-51.9085003588865,0.0,0.0,11,7,14,0
2025-01-06 23:00:00,5.0,34.2,0.0,3,-54.98367037880169,0.0,0.0,11,7,14,0
2025-01-07 00:00:00,4.7,31.7,0.0,1,-54.77694353550922,0.0,0.0,11,7,14,0
2025-01-07 01:00:00,4.3,32.1,0.0,1,-51.34610873929981,0.0,0.0,11,7,14,0
2025-01-07 02:00:00,3.9,36.4,0.0,1,-45.51970008669426,0.0,0.0,11,7,14,0
2025-01-07 03:00:00,3.9,36.8,0.0,2,-38.25552088467967,0.0,0.0,11,7,14,0
2025-01-07 04:00:00,3.8,39.0,0.0,3,-30.290043054645935,0.0,0.0,11,7,14,0
2025-01-07 05:00:00,3.7,40.8,0.0,3,-22.142398939131766,0.0,0.0,11,7,14,0
2025-01-07 06:00:00,3.5,44.1,0.0,3,-14.205044848484803,0.0,0.0,11,7,14,0
2025-01-07 07:00:00,3.4,45.8,0.2,51,-6.808616128737668,0.0,0.0,11,7,14,0
2025-01-07 08:00:00,3.2,46.7,0.4,51,0.1642276802496525,0.0,0.0,11,7,14,1
2025-01-07 09:00:00,3.2,48.1,0.5,53,5.038951187906861,0.0,0.0,11,7,14,1
2025-01-07 10:00:00,3.3,48.8,0.5,53,8.675612892779611,0.014269189222419305,8.0,11,7,14,1
2025-01-07 11:00:00,3.8,48.2,0.5,53,10.531179509722847,0.13705990398255072,27.0,11,7,14,1
2025-01-07 12:00:00,4.3,46.1,0.2,51,10.426757957796099,0.29141756610228714,48.0,11,7,14,1
2025-01-07 13:00:00,4.6,43.8,0.1,51,8.37237822240445,0.5809536318876923,78.0,11,7,14,1
2025-01-07 14:00:00,4.7,38.0,0.0,0,4.5687929486906,0.9768715838526564,93.0,11,7,14,1
2025-01-07 15:00:00,4.8,37.4,0.0,3,-0.674031048240721,0.8129624466034657,73.0,11,7,14,0
2025-01-07 16:00:00,4.4,35.7,0.0,3,-7.547845168804159,0.06624947060932901,16.0,11,7,14,0
2025-01-07 17:00:00,4.0,33.6,0.0,2,-15.01136692664187,0.0,0.0,11,7,14,0
2025-01-07 18:00:00,3.7,35.4,0.0,3,-22.981329384060487,0.0,0.0,11,7,14,0
2025-01-07 19:00:00,3.8,36.2,0.0,3,-31.120827566347955,0.0,0.0,11,7,14,0
2025-01-07 20:00:00,2.9,33.5,0.0,3,-39.02643667711166,0.0,0.0,11,7,14,0
2025-01-07 21:00:00,2.7,35.6,1.4,75,-46.158491917162564,0.0,0.0,11,7,14,0
2025-01-07 22:00:00,2.0,37.1,2.6,75,-51.75271894403414,0.0,0.0,11,7,14,0
2025-01-07 23:00:00,2.2,33.3,0.2,71,-54.84256265472348,0.0,0.0,11,7,14,0
2025-01-08 00:00:00,2.5,33.3,0.2,51,-54.66029480962462,0.0,0.0,11,7,14,0
2025-01-08 01:00:00,2.8,33.0,1.0,73,-51.2565047682788,0.0,0.0,11,7,14,0
2025-01-08 02:00:00,2.8,30.9,0.3,51,-45.4514514719086,0.0,0.0,11,7,14,0
2025-01-08 03:00:00,2.3,28.5,0.1,51,-38.20023521209808,0.0,0.0,11,7,14,0
2025-01-08 04:00:00,2.5,29.4,1.1,73,-30.240155186770735,0.0,0.0,11,7,14,0
2025-01-08 05:00:00,2.3,26.0,0.1,51,-22.09180733670567,0.0,0.0,11,7,14,0
2025-01-08 06:00:00,1.9,21.9,0.2,51,-14.14877161610363,0.0,0.0,11,7,14,0
2025-01-08 07:00:00,2.2,20.9,0.3,71,-6.742225798632674,0.0,0.0,11,7,14,0
2025-01-08 08:00:00,2.2,17.7,0.2,51,0.23028351021925175,0.0,0.0,11,7,14,1
2025-01-08 09:00:00,1.5,13.8,0.5,71,5.131284951819666,0.0,0.0,11,7,14,1
2025-01-08 10:00:00,1.5,12.3,0.1,51,8.786022813584921,0.3022227030204879,19.0,11,7,14,1
2025-01-08 11:00:00,2.2,13.8,0.0,2,10.658249226059482,1.415765940107839,73.0,11,7,14,1
2025-01-08 12:00:00,2.8,16.9,0.0,3,10.567981821790937,1.6926018086162549,107.0,11,7,14,1
2025-01-08 13:00:00,2.7,14.9,0.0,3,8.523912132765787,1.106360370914094,93.0,11,7,14,1
2025-01-08 14:00:00,3.5,16.5,0.0,1,4.724649534850101,1.5699478404606477,122.0,11,7,14,1
2025-01-08 15:00:00,3.2,15.8,0.0,0,-0.4444399617199082,0.8098739509387196,75.0,11,7,14,0
2025-01-08 16:00:00,2.2,14.7,0.0,0,-7.379999391502025,0.09411490462068109,20.0,11,7,14,0
2025-01-08 17:00:00,1.9,17.4,0.0,1,-14.84348257116649,0.0,0.0,11,7,14,0
2025-01-08 18:00:00,2.2,19.8,0.0,1,-22.813329544498586,0.0,0.0,11,7,14,0
2025-01-08 19:00:00,2.3,18.8,0.0,1,-30.952674858879817,0.0,0.0,11,7,14,0
2025-01-08 20:00:00,2.2,17.4,0.0,0,-38.85819864960729,0.0,0.0,11,7,14,0
2025-01-08 21:00:00,2.0,17.2,0.0,2,-45.99129445928338,0.0,0.0,11,7,14,0
2025-01-08 22:00:00,1.8,17.8,0.0,2,-51.59063587346003,0.0,0.0,11,7,14,0
2025-01-08 23:00:00,1.8,17.8,0.0,3,-54.69431593139555,0.0,0.0,11,7,14,0
2025-01-09 00:00:00,1.8,17.0,0.0,0,-54.53593927758061,0.0,0.0,11,7,15,0
2025-01-09 01:00:00,1.4,15.1,0.0,3,-51.15910998362338,0.0,0.0,11,7,15,0
2025-01-09 02:00:00,1.4,15.0,0.0,3,-45.375629469356994,0.0,0.0,11,7,15,0
2025-01-09 03:00:00,1.0,15.6,0.0,3,-38.13763460419429,0.0,0.0,11,7,15,0
2025-01-09 04:00:00,0.9,15.2,0.0,3,-30.18312841254813,0.0,0.0,11,7,15,0
2025-01-09 05:00:00,0.8,13.5,0.0,3,-22.03414594654288,0.0,0.0,11,7,15,0
2025-01-09 06:00:00,0.6,11.6,0.0,3,-14.085402350593554,0.0,0.0,11,7,15,0
2025-01-09 07:00:00,0.2,10.5,0.0,3,-6.668610492199008,0.0,0.0,11,7,15,0
2025-01-09 08:00:00,0.0,9.5,0.0,3,0.3028671297929151,0.0,0.0,11,7,15,1
2025-01-09 09:00:00,0.0,7.8,0.0,3,5.231360651077225,0.0,0.0,11,7,15,1
2025-01-09 10:00:00,0.2,8.4,0.0,3,8.903739104793175,0.1428325487213539,21.0,11,7,15,1
2025-01-09 11:00:00,0.9,8.4,0.0,3,10.792529861937098,0.9797051647735604,73.0,11,7,15,1
2025-01-09 12:00:00,1.3,6.9,0.0,3,10.716164540175797,1.7912257157131903,123.0,11,7,15,1
2025-01-09 13:00:00,1.5,7.0,0.0,3,8.682023048764748,1.8807667680343292,141.0,11,7,15,1
2025-01-09 14:00:00,0.3,4.4,0.1,51,4.886715796834437,1.576770804248084,123.0,11,7,15,1
2025-01-09 15:00:00,-0.5,3.2,0.0,0,-0.1733588704221205,0.8609929874835873,78.0,11,7,15,0
2025-01-09 16:00:00,-1.2,1.4,0.0,0,-7.2068422232756575,0.1031612934305372,21.0,11,7,15,0
2025-01-09 17:00:00,-1.6,1.2,0.0,1,-14.670670908236474,0.0,0.0,11,7,15,0
2025-01-09 18:00:00,-2.2,0.8,0.0,3,-22.640588026826947,0.0,0.0,11,7,15,0
2025-01-09 19:00:00,-2.3,0.8,0.0,3,-30.779779776847036,0.0,0.0,11,7,15,0
2025-01-09 20:00:00,-2.2,1.4,0.0,3,-38.68499390259851,0.0,0.0,11,7,15,0
2025-01-09 21:00:00,-3.0,2.7,0.0,3,-45.81864280722266,0.0,0.0,11,7,15,0
2025-01-09 22:00:00,-3.1,5.7,0.0,3,-51.42235225240023,0.0,0.0,11,7,15,0
2025-01-09 23:00:00,-3.1,4.0,0.0,3,-54.539019908492065,0.0,0.0,11,7,15,0
2025-01-10 00:00:00,-3.1,3.0,0.0,3,-54.40393763923785,0.0,0.0,11,7,15,0
2025-01-10 01:00:00,-3.2,4.5,0.0,3,-51.0539495519366,0.0,0.0,11,7,15,0
2025-01-10 02:00:00,-2.7,3.9,0.0,3,-45.29223426021076,0.0,0.0,11,7,15,0
2025-01-10 03:00:00,-2.3,4.8,0.0,3,-38.067708001103284,0.0,0.0,11,7,15,0
2025-01-10 04:00:00,-2.0,4.1,0.0,3,-30.1189500656795,0.0,0.0,11,7,15,0
2025-01-10 05:00:00,-2.1,3.6,0.0,3,-21.969406273504404,0.0,0.0,11,7,15,0
2025-01-10 06:00:00,-1.6,7.4,0.0,3,-14.014936038368859,0.0,0.0,11,7,15,0
2025-01-10 07:00:00,-1.8,10.4,0.0,0,-6.587775764249216,0.0,0.0,11,7,15,0
2025-01-10 08:00:00,-1.4,10.9,0.0,1,0.3820650886733432,0.0,0.0,11,7,15,1
2025-01-10 09:00:00,-1.1,12.2,0.0,0,5.338180118429946,0.0,0.0,11,7,15,1
2025-01-10 10:00:00,-0.9,11.7,0.0,1,9.028721700164937,0.6424496090119508,26.0,11,7,15,1
2025-01-10 11:00:00,-0.1,15.4,0.0,0,10.933967465440517,1.9100961517065764,88.0,11,7,15,1
2025-01-10 12:00:00,0.4,17.1,0.0,2,10.871240263179928,2.641000983269358,143.0,11,7,15,1
2025-01-10 13:00:00,0.6,17.4,0.0,3,8.846635886665652,1.793656219323699,136.0,11,7,15,1
2025-01-10 14:00:00,1.1,16.2,0.0,3,5.054936993629781,0.5154084066581195,69.0,11,7,15,1
2025-01-10 15:00:00,0.9,16.9,0.0,1,0.06805114971670889,0.7161138618352151,71.0,11,7,15,1
2025-01-10 16:00:00,0.2,17.1,0.0,3,-7.028466794809361,0.09618338674526836,20.0,11,7,15,0
2025-01-10 17:00:00,0.1,17.5,0.0,3,-14.49303379805663,0.0,0.0,11,7,15,0
2025-01-10 18:00:00,0.1,17.6,0.0,3,-22.46320753079938,0.0,0.0,11,7,15,0
2025-01-10 19:00:00,0.2,16.8,0.0,2,-30.602244754632906,0.0,0.0,11,7,15,0
2025-01-10 20:00:00,-0.1,16.0,0.0,2,-38.50692474574879,0.0,0.0,11,7,15,0
2025-01-10 21:00:00,-0.3,15.0,0.0,3,-45.640639847916276,0.0,0.0,11,7,15,0
2025-01-10 22:00:00,-0.2,15.2,0.0,3,-51.24797034166647,0.0,0.0,11,7,15,0
2025-01-10 23:00:00,0.1,18.2,0.0,2,-54.37676703487267,0.0,0.0,11,7,15,0
2025-01-11 00:00:00,-0.2,18.2,0.0,1,-54.264355092479605,0.0,0.0,11,7,15,0
2025-01-11 01:00:00,-0.4,16.6,0.0,1,-50.94105389927208,0.0,0.0,11,7,15,0
2025-01-11 02:00:00,0.4,16.9,0.0,1,-45.201271133941646,0.0,0.0,11,7,15,0
2025-01-11 03:00:00,0.5,17.4,0.0,3,-37.99044906226433,0.0,0.0,11,7,15,0
2025-01-11 04:00:00,0.6,18.2,0.0,0,-30.047611876222646,0.0,0.0,11,7,15,0
2025-01-11 05:00:00,0.2,18.6,0.0,0,-21.89758398998616,0.0,0.0,11,7,15,0
2025-01-11 06:00:00,0.1,19.0,0.0,1,-13.93737563655479,0.0,0.0,11,7,15,0
2025-01-11 07:00:00,0.1,19.5,0.0,0,-6.499730460047147,0.0,0.0,11,7,15,0
2025-01-11 08:00:00,0.1,18.1,0.0,0,0.4679625520796833,0.0,0.0,11,7,15,1
2025-01-11 09:00:00,-0.1,17.8,0.0,3,5.45218751756461,0.0,0.0,11,7,15,1
2025-01-11 10:00:00,0.9,18.7,0.0,3,9.160927261495615,0.2607022986011266,20.0,11,7,15,1
2025-01-11 11:00:00,1.6,18.9,0.0,1,11.082505028411333,1.2180788313531559,74.0,11,7,15,1
2025-01-11 12:00:00,2.0,19.0,0.0,2,11.033140293188168,1.625961576514763,110.0,11,7,15,1
2025-01-11 13:00:00,2.2,17.9,0.0,0,9.017672822360652,2.057069307873984,145.0,11,7,15,1
2025-01-11 14:00:00,1.9,19.6,0.0,0,5.229739215567022,1.5355850043369814,122.0,11,7,15,1
2025-01-11 15:00:00,1.5,17.5,0.0,0,0.21891750981826874,0.9278763831975679,84.0,11,7,15,1
2025-01-11 16:00:00,0.9,17.9,0.0,0,-6.844966464705465,0.13100005096034817,25.0,11,7,15,0
2025-01-11 17:00:00,0.8,18.9,0.0,3,-14.310673904210617,0.0,0.0,11,7,15,0
2025-01-11 18:00:00,1.0,18.2,0.0,2,-22.281291208161704,0.0,0.0,11,7,15,0
2025-01-11 19:00:00,1.0,17.3,0.0,2,-30.42017238309826,0.0,0.0,11,7,15,0
2025-01-11 20:00:00,0.9,15.5,0.0,2,-38.324093515091846,0.0,0.0,11,7,15,0
2025-01-11 21:00:00,0.4,14.1,0.0,1,-45.45738868246369,0.0,0.0,11,7,15,0
2025-01-11 22:00:00,0.1,13.9,0.0,0,-51.067593387152755,0.0,0.0,11,7,15,0
2025-01-11 23:00:00,-0.5,12.5,0.0,0,-54.207652310010786,0.0,0.0,11,7,15,0
2025-01-12 00:00:00,-0.9,11.8,0.0,0,-54.11726117461029,0.0,0.0,11,7,15,0
2025-01-12 01:00:00,-0.9,11.4,0.0,0,-50.82045865182769,0.0,0.0,11,7,15,0
2025-01-12 02:00:00,-1.1,11.2,0.0,0,-45.10275050212351,0.0,0.0,11,7,15,0
2025-01-12 03:00:00,-1.2,10.4,0.0,0,-37.905856206605065,0.0,0.0,11,7,15,0
2025-01-12 04:00:00,-1.2,9.9,0.0,0,-29.969110010020472,0.0,0.0,11,7,15,0
2025-01-12 05:00:00,-1.4,9.2,0.0,0,-21.818678962829537,0.0,0.0,11,7,15,0
2025-01-12 06:00:00,-1.4,8.9,0.0,0,-13.852728081143539,0.0,0.0,11,7,15,0
2025-01-12 07:00:00,-2.1,6.8,0.0,0,-6.404486629356057,0.0,0.0,11,7,15,0
2025-01-12 08:00:00,-2.8,6.1,0.0,0,0.5606418184559914,0.0,0.0,11,7,15,1
2025-01-12 09:00:00,-3.0,5.9,0.0,0,5.573355543222377,0.0,0.0,11,7,15,1
2025-01-12 10:00:00,-1.6,5.8,0.0,0,9.300309196717649,0.8267595398794532,31.0,11,7,15,1
2025-01-12 11:00:00,-0.4,6.8,0.0,1,11.2380825350957,2.363465190529394,100.0,11,7,15,1
2025-01-12 12:00:00,0.5,7.0,0.0,3,11.201793149375817,2.6597328279452888,149.0,11,7,15,1
2025-01-12 13:00:00,0.9,7.1,0.0,1,9.195053367970573,2.0250009224308263,151.0,11,7,15,1
2025-01-12 14:00:00,1.2,4.6,0.0,0,5.410027509665213,2.0861794755856495,151.0,11,7,15,1
2025-01-12 15:00:00,0.1,3.1,0.0,0,0.3764522218957467,1.1592041295940838,98.0,11,7,15,1
2025-01-12 16:00:00,-1.1,2.2,0.0,0,-6.656434514101093,0.16112333929538986,29.0,11,7,15,0
2025-01-12 17:00:00,-1.5,5.0,0.0,0,-14.123694570769118,0.0,0.0,11,7,15,0
2025-01-12 18:00:00,-1.5,5.2,0.0,0,-22.09494254339579,0.0,0.0,11,7,15,0
2025-01-12 19:00:00,-2.8,4.9,0.0,0,-30.233665291230793,0.0,0.0,11,7,15,0
2025-01-12 20:00:00,-3.2,5.2,0.0,0,-38.13660245221686,0.0,0.0,11,7,15,0
2025-01-12 21:00:00,-3.2,5.5,0.0,0,-45.26899249244224,0.0,0.0,11,7,15,0
2025-01-12 22:00:00,-3.8,5.4,0.0,0,-50.88132545503885,0.0,0.0,11,7,15,0
2025-01-12 23:00:00,-3.1,8.3,0.0,0,-54.03177308703482,0.0,0.0,11,7,15,0
2025-01-13 00:00:00,-2.6,10.1,0.0,2,-53.96272959647143,0.0,0.0,11,7,15,0
2025-01-13 01:00:00,-2.3,12.3,0.0,1,-50.692204564112615,0.0,0.0,11,7,15,0
2025-01-13 02:00:00,-2.8,13.2,0.0,1,-44.99668790057669,0.0,0.0,11,7,15,0
2025-01-13 03:00:00,-3.0,14.5,0.0,1,-37.81393264360506,0.0,0.0,11,7,15,0
2025-01-13 04:00:00,-2.8,15.5,0.0,3,-29.883445101069995,0.0,0.0,11,7,15,0
2025-01-13 05:00:00,-2.7,16.2,0.0,3,-21.732695274566808,0.0,0.0,11,7,15,0
2025-01-13 06:00:00,-2.2,17.3,0.0,3,-13.761004290173844,0.0,0.0,11,7,15,0
2025-01-13 07:00:00,-0.9,18.7,0.0,3,-6.302059420272414,0.0,0.0,11,7,15,0
2025-01-13 08:00:00,0.5,20.8,0.0,3,0.6601808323038938,0.0,0.0,11,7,15,1
2025-01-13 09:00:00,1.1,21.8,0.0,3,5.7016533558798415,0.0,0.0,11,7,15,1
2025-01-13 10:00:00,2.0,21.7,0.0,3,9.446817683377304,0.053568003907787765,14.0,11,7,15,1
2025-01-13 11:00:00,3.3,22.7,0.0,3,11.40063701494475,0.17607147890887223,33.0,11,7,15,1
2025-01-13 12:00:00,4.8,24.4,0.0,3,11.377124636632374,0.5125618572671545,72.0,11,7,15,1
2025-01-13 13:00:00,5.3,26.0,0.0,3,9.378694454844364,1.0107912801141048,118.0,11,7,15,1
2025-01-13 14:00:00,4.5,27.8,0.0,3,5.59614849983825,0.3423567858604411,59.0,11,7,15,1
2025-01-13 15:00:00,4.7,27.8,0.0,3,0.5406094223665576,0.35755667777531114,56.0,11,7,15,1
2025-01-13 16:00:00,5.1,28.7,0.0,3,-6.4629637984705255,0.013919738506052139,8.0,11,7,15,0
2025-01-13 17:00:00,5.2,29.3,0.0,3,-13.932199699701997,0.0,0.0,11,7,15,0
2025-01-13 18:00:00,5.3,30.5,0.0,3,-21.9042652362306,0.0,0.0,11,7,15,0
2025-01-13 19:00:00,5.4,30.3,0.0,3,-30.042826030766278,0.0,0.0,11,7,15,0
2025-01-13 20:00:00,5.5,30.1,0.0,3,-37.94455358777172,0.0,0.0,11,7,15,0
2025-01-13 21:00:00,5.3,29.3,0.0,3,-45.075554411912776,0.0,0.0,11,7,15,0
2025-01-13 22:00:00,5.2,28.4,0.1,51,-50.68927127310383,0.0,0.0,11,7,15,0
2025-01-13 23:00:00,5.1,27.2,0.0,3,-53.849228878272044,0.0,0.0,11,7,15,0
2025-01-14 00:00:00,5.2,26.8,0.0,3,-53.8008380703597,0.0,0.0,11,7,15,0
2025-01-14 01:00:00,5.3,26.7,0.1,51,-50.55633743515264,0.0,0.0,11,7,15,0
2025-01-14 02:00:00,4.9,25.3,0.1,51,-44.88310397991643,0.0,0.0,11,7,15,0
2025-01-14 03:00:00,4.9,25.0,0.2,51,-37.714686395118065,0.0,0.0,11,7,15,0
2025-01-14 04:00:00,4.9,25.0,0.3,51,-29.790622276697817,0.0,0.0,11,7,15,0
2025-01-14 05:00:00,5.1,24.5,0.6,53,-21.639641238909775,0.0,0.0,11,7,15,0
2025-01-14 06:00:00,5.2,23.6,0.0,3,-13.66221916187071,0.0,0.0,11,7,15,0
2025-01-14 07:00:00,5.4,23.6,0.0,3,-6.192466949161329,0.0,0.0,11,7,15,0
2025-01-14 08:00:00,5.6,23.5,0.1,51,0.7666517177949999,0.0,0.0,11,7,15,1
2025-01-14 09:00:00,5.8,22.7,0.1,51,5.837046539321491,0.0,0.0,11,7,15,1
2025-01-14 10:00:00,6.2,23.1,0.0,3,9.60039969761516,0.0,5.0,11,7,15,1
2025-01-14 11:00:00,6.7,23.8,0.0,3,11.570102599440787,0.07758207599828178,18.0,11,7,15,1
2025-01-14 12:00:00,7.2,23.4,0.1,51,11.559057918488278,0.09650740683228339,21.0,11,7,15,1
2025-01-14 13:00:00,7.8,24.7,0.0,3,9.568510522369351,0.46719132064139807,65.0,11,7,15,1
2025-01-14 14:00:00,8.1,22.4,0.0,3,5.788011229405896,0.3729698449702808,63.0,11,7,15,1
2025-01-14 15:00:00,8.0,23.2,0.0,3,0.7113237526203307,0.1342545525732733,27.0,11,7,15,1
2025-01-14 16:00:00,7.6,25.3,0.0,2,-6.264646345223255,0.05242720431521083,14.0,11,7,15,0
2025-01-14 17:00:00,7.2,26.3,0.0,3,-13.736293628787905,0.0,0.0,11,7,15,0
2025-01-14 18:00:00,6.8,27.5,0.0,0,-21.709363086158618,0.0,0.0,11,7,15,0
2025-01-14 19:00:00,6.1,26.1,0.0,0,-29.847756963985546,0.0,0.0,11,7,15,0
2025-01-14 20:00:00,5.8,25.3,0.0,0,-37.7480486294596,0.0,0.0,11,7,15,0
2025-01-14 21:00:00,5.7,22.8,0.0,0,-44.87717740530272,0.0,0.0,11,7,15,0
2025-01-14 22:00:00,5.4,20.8,0.0,0,-50.49153607850877,0.0,0.0,11,7,15,0
2025-01-14 23:00:00,5.2,17.4,0.0,1,-53.66012116411511,0.0,0.0,11,7,15,0
2025-01-15 00:00:00,4.6,13.9,0.0,3,-53.63166813283814,0.0,0.0,11,7,15,0
2025-01-15 01:00:00,4.1,11.2,0.0,2,-50.41290801336871,0.0,0.0,11,7,15,0
2025-01-15 02:00:00,3.5,13.2,0.0,2,-44.762024484629535,0.0,0.0,11,7,15,0
2025-01-15 03:00:00,3.2,11.5,0.0,3,-37.60813030786633,0.0,0.0,11,7,15,0
2025-01-15 04:00:00,2.8,9.7,0.0,3,-29.690651175430006,0.0,0.0,11,7,15,0
2025-01-15 05:00:00,2.8,8.3,0.0,3,-21.539529410412428,0.0,0.0,11,7,15,0
2025-01-15 06:00:00,3.1,9.1,0.0,3,-13.556391567675703,0.0,0.0,11,7,15,0
2025-01-15 07:00:00,2.8,6.7,0.0,2,-6.075730141959141,0.0,0.0,11,7,15,0
2025-01-15 08:00:00,2.0,8.1,0.0,3,0.8801193596555805,0.0,0.0,11,7,15,1
2025-01-15 09:00:00,2.0,10.0,0.0,3,5.979497062140297,0.0,0.0,11,7,15,1
2025-01-15 10:00:00,2.5,10.2,0.0,3,9.760999048687324,0.6800498131352088,32.0,11,7,15,1
2025-01-15 11:00:00,3.5,11.9,0.0,3,11.74641058276896,1.5233780542086335,90.0,11,7,15,1
2025-01-15 12:00:00,4.9,11.7,0.0,3,11.747513593750256,2.4021381556670427,144.0,11,7,15,1
2025-01-15 13:00:00,6.1,12.5,0.0,3,9.764413611944178,2.30900885381918,159.0,11,7,15,1
2025-01-15 14:00:00,6.2,14.7,0.0,3,5.9855225237932785,1.4511245906685108,131.0,11,7,15,1
2025-01-15 15:00:00,6.3,14.8,0.0,3,0.8885109556585036,0.4182336553001353,56.0,11,7,15,1
2025-01-15 16:00:00,6.2,15.5,0.0,3,-6.061572881918465,0.08567627812351392,19.0,11,7,15,0
2025-01-15 17:00:00,6.2,16.5,0.0,3,-13.536081010219092,0.0,0.0,11,7,15,0
2025-01-15 18:00:00,5.9,17.6,0.0,3,-21.510339879197417,0.0,0.0,11,7,15,0
2025-01-15 19:00:00,5.8,18.5,0.0,3,-29.64856015490109,0.0,0.0,11,7,15,0
2025-01-15 20:00:00,5.8,18.0,0.0,3,-37.54718885470369,0.0,0.0,11,7,15,0
2025-01-15 21:00:00,6.1,19.0,0.0,3,-44.673964151329926,0.0,0.0,11,7,15,0
2025-01-15 22:00:00,6.3,20.3,0.0,3,-50.28822547236717,0.0,0.0,11,7,15,0
2025-01-15 23:00:00,6.7,20.5,0.0,3,-53.464553205979854,0.0,0.0,11,7,15,0
2025-01-16 00:00:00,6.9,19.9,0.0,3,-53.45530496351739,0.0,0.0,11,7,15,0
2025-01-16 01:00:00,7.1,19.1,0.0,3,-50.26197189082774,0.0,0.0,11,7,15,0
2025-01-16 02:00:00,6.8,20.1,0.0,3,-44.633480220872144,0.0,0.0,11,7,15,0
2025-01-16 03:00:00,6.3,22.0,0.0,3,-37.49428205657075,0.0,0.0,11,7,15,0
2025-01-16 04:00:00,6.1,22.4,0.0,3,-29.583545957474612,0.0,0.0,11,7,15,0
2025-01-16 05:00:00,6.1,20.8,0.0,3,-21.4323765882378,0.0,0.0,11,7,15,0
2025-01-16 06:00:00,5.9,19.9,0.0,3,-13.443544340105802,0.0,0.0,11,7,15,0
2025-01-16 07:00:00,5.5,20.7,0.0,3,-5.951872540738549,0.0,0.0,11,7,15,0
2025-01-16 08:00:00,5.2,20.8,0.0,3,1.0006400583908714,0.0,0.0,11,7,15,1
2025-01-16 09:00:00,5.1,21.5,0.0,3,6.128963244980824,0.0,0.0,11,7,15,1
2025-01-16 10:00:00,5.1,21.8,0.0,0,9.928556418993324,0.5473628836613423,31.0,11,7,15,1
2025-01-16 11:00:00,5.6,22.6,0.0,0,11.929489486134514,2.299246820494427,105.0,11,7,15,1
2025-01-16 12:00:00,6.2,23.0,0.0,0,11.942409776505755,2.79688559242645,158.0,11,7,15,1
2025-01-16 13:00:00,6.7,22.9,0.0,1,9.966313465445737,2.3480118756911725,166.0,11,7,15,1
2025-01-16 14:00:00,5.6,21.9,0.0,3,6.188586937161759,0.7032519643135869,95.0,11,7,15,1
2025-01-16 15:00:00,5.7,20.9,0.0,1,1.072068725288844,0.6892874827180588,80.0,11,7,15,1
2025-01-16 16:00:00,5.2,21.0,0.0,0,-5.853832274680045,0.19256638167561163,34.0,11,7,15,0
2025-01-16 17:00:00,5.0,20.6,0.0,0,-13.331666690070705,0.0,0.0,11,7,15,0
2025-01-16 18:00:00,4.9,20.4,0.0,0,-21.307299277124187,0.0,0.0,11,7,15,0
2025-01-16 19:00:00,4.6,19.8,0.0,0,-29.445337264025568,0.0,0.0,11,7,15,0
2025-01-16 20:00:00,4.4,20.2,0.0,0,-37.34207500812663,0.0,0.0,11,7,15,0
2025-01-16 21:00:00,4.3,20.4,0.0,0,-44.466016933105664,0.0,0.0,11,7,15,0
2025-01-16 22:00:00,4.2,20.7,0.0,0,-50.07944528136554,0.0,0.0,11,7,15,0
2025-01-16 23:00:00,4.3,21.1,0.0,0,-53.262629864040974,0.0,0.0,11,7,15,0
2025-01-17 00:00:00,4.4,21.7,0.0,0,-53.271837200871715,0.0,0.0,11,7,15,0
2025-01-17 01:00:00,4.4,21.7,0.0,0,-50.103589387610384,0.0,0.0,11,7,15,0
2025-01-17 02:00:00,3.9,21.3,0.0,0,-44.497507013241744,0.0,0.0,11,7,15,0
2025-01-17 03:00:00,4.0,22.7,0.0,3,-37.37316413772429,0.0,0.0,11,7,15,0
2025-01-17 04:00:00,4.6,22.2,0.0,3,-29.469325307756506,0.0,0.0,11,7,15,0
2025-01-17 05:00:00,5.1,21.9,0.0,3,-21.3182038139863,0.0,0.0,11,7,15,0
2025-01-17 06:00:00,5.3,21.9,0.0,3,-13.32370425536331,0.0,0.0,11,7,15,0
2025-01-17 07:00:00,5.2,22.2,0.0,3,-5.820920067581355,0.0,0.0,11,7,15,0
2025-01-17 08:00:00,5.3,23.0,0.0,3,1.1282602871827265,0.0,0.0,11,7,15,1
2025-01-17 09:00:00,5.5,23.6,0.0,3,6.285399735681594,0.0,0.0,11,7,15,1
2025-01-17 10:00:00,5.7,24.3,0.0,3,10.103009409484827,0.12902132558024001,20.0,11,7,15,1
2025-01-17 11:00:00,5.9,24.8,0.0,3,12.119265125473902,0.368749805506535,52.0,11,7,15,1
2025-01-17 12:00:00,6.1,25.5,0.0,3,12.143662179142567,0.5474724097085941,71.0,11,7,15,1
2025-01-17 13:00:00,6.2,24.5,0.0,3,10.174117627493075,0.3972388707224848,68.0,11,7,15,1
2025-01-17 14:00:00,6.3,23.2,0.0,3,6.397106763388862,0.41703773193196864,68.0,11,7,15,1
2025-01-17 15:00:00,6.2,24.1,0.0,3,1.2618778030691828,0.19298780438940943,36.0,11,7,15,1
2025-01-17 16:00:00,6.0,25.4,0.0,3,-5.64151084908751,0.03299556609092745,11.0,11,7,15,0
2025-01-17 17:00:00,6.1,24.3,0.0,3,-13.123155588793594,0.0,0.0,11,7,15,0
2025-01-17 18:00:00,6.0,22.0,0.0,3,-21.10034470942425,0.0,0.0,11,7,15,0
2025-01-17 19:00:00,6.1,20.9,0.0,3,-29.23818944691382,0.0,0.0,11,7,15,0
2025-01-17 20:00:00,6.0,21.3,0.0,3,-37.132807203993195,0.0,0.0,11,7,15,0
2025-01-17 21:00:00,6.2,21.7,0.0,3,-44.253437534534726,0.0,0.0,11,7,15,0
2025-01-17 22:00:00,6.1,21.9,0.0,3,-49.86530142664881,0.0,0.0,11,7,15,0
2025-01-17 23:00:00,6.2,22.1,0.0,3,-53.054457420380714,0.0,0.0,11,7,15,0
2025-01-18 00:00:00,6.3,20.2,0.0,3,-53.08135675612334,0.0,0.0,11,7,15,0
2025-01-18 01:00:00,6.1,19.5,0.0,0,-49.93782542709184,0.0,0.0,11,7,15,0
2025-01-18 02:00:00,6.1,19.0,0.0,3,-44.35414565083633,0.0,0.0,11,7,15,0
2025-01-18 03:00:00,6.0,18.7,0.0,3,-37.24480385405586,0.0,0.0,11,7,15,0
2025-01-18 04:00:00,5.9,18.1,0.0,3,-29.348012431478693,0.0,0.0,11,7,15,0
2025-01-18 05:00:00,5.8,17.0,0.0,3,-21.19703636355365,0.0,0.0,11,7,15,0
2025-01-18 06:00:00,5.8,15.6,0.0,3,-13.196902010632712,0.0,0.0,11,7,15,0
2025-01-18 07:00:00,5.8,16.5,0.0,3,-5.682900735335366,0.0,0.0,11,7,15,0
2025-01-18 08:00:00,5.7,16.6,0.0,3,1.2630155777847847,0.0,0.0,11,7,15,1
2025-01-18 09:00:00,5.7,16.4,0.0,3,6.448757494445687,0.0,0.0,11,7,15,1
2025-01-18 10:00:00,5.8,15.8,0.0,3,10.28429259027196,0.03303356355278035,11.0,11,7,15,1
2025-01-18 11:00:00,6.2,14.5,0.0,3,12.315660682306685,0.20558603434723835,38.0,11,7,15,1
2025-01-18 12:00:00,6.4,13.9,0.0,3,12.351184198011467,0.34258710335112363,57.0,11,7,15,1
2025-01-18 13:00:00,6.5,15.4,0.0,3,10.38773155082066,0.4209165520169201,68.0,11,7,15,1
2025-01-18 14:00:00,5.7,13.2,0.0,3,6.610982098687813,0.25710995901865946,46.0,11,7,15,1
2025-01-18 15:00:00,5.5,12.9,0.0,3,1.4578033160074995,0.1549735289789562,30.0,11,7,15,1
2025-01-18 16:00:00,5.2,12.7,0.0,3,-5.424691555448405,0.03961454849521249,12.0,11,7,15,0
2025-01-18 17:00:00,4.9,12.6,0.0,3,-12.910652582871222,0.0,0.0,11,7,15,0
2025-01-18 18:00:00,4.7,11.6,0.0,3,-20.889579268160162,0.0,0.0,11,7,15,0
2025-01-18 19:00:00,4.6,12.6,0.0,3,-29.027217256669786,0.0,0.0,11,7,15,0
2025-01-18 20:00:00,4.2,13.1,0.0,3,-36.91948483374634,0.0,0.0,11,7,15,0
2025-01-18 21:00:00,3.9,14.1,0.0,3,-44.036327143101346,0.0,0.0,11,7,15,0
2025-01-18 22:00:00,3.5,14.3,0.0,3,-49.64589980015228,0.0,0.0,11,7,15,0
2025-01-18 23:00:00,3.5,14.4,0.0,3,-52.84014340809847,0.0,0.0,11,7,15,0
2025-01-19 00:00:00,3.5,13.6,0.0,3,-52.88395862619561,0.0,0.0,11,7,15,0
2025-01-19 01:00:00,3.5,13.5,0.0,3,-49.76474940295623,0.0,0.0,11,7,15,0
2025-01-19 02:00:00,3.2,13.0,0.0,3,-44.203441822974185,0.0,0.0,11,7,15,0
2025-01-19 03:00:00,3.0,12.7,0.0,3,-37.10923328978633,0.0,0.0,11,7,15,0
2025-01-19 04:00:00,2.7,11.9,0.0,3,-29.219635042205326,0.0,0.0,11,7,15,0
2025-01-19 05:00:00,2.3,11.5,0.0,3,-21.0689037329997,0.0,0.0,11,7,15,0
2025-01-19 06:00:00,2.3,11.1,0.0,3,-13.063172195977472,0.0,0.0,11,7,15,0
2025-01-19 07:00:00,2.4,9.6,0.0,3,-5.537844291449602,0.0,0.0,11,7,15,0
2025-01-19 08:00:00,2.2,10.0,0.0,3,1.4049295624080713,0.0,0.0,11,7,15,1
2025-01-19 09:00:00,1.8,9.8,0.0,3,6.618983790880151,0.0,0.0,11,7,15,1
2025-01-19 10:00:00,1.9,10.1,0.0,3,10.472337556167261,0.38114509470321783,30.0,11,7,15,1
2025-01-19 11:00:00,2.0,9.1,0.0,3,12.518596777429664,0.7701762239593973,74.0,11,7,15,1
2025-01-19 12:00:00,2.5,6.8,0.0,0,12.564887001357647,1.6316380943208297,132.0,11,7,15,1
2025-01-19 13:00:00,2.9,6.6,0.0,0,10.60705870407385,2.652091195448044,185.0,11,7,15,1
2025-01-19 14:00:00,2.0,6.1,0.0,0,6.830110943871404,2.0527655011031274,166.0,11,7,15,1
2025-01-19 15:00:00,2.0,5.0,0.0,0,1.659696345951673,1.1905651801700736,114.0,11,7,15,1
2025-01-19 16:00:00,1.1,5.4,0.0,0,-5.203452925489529,0.2941335836669439,47.0,11,7,15,0
2025-01-19 17:00:00,0.2,8.5,0.0,0,-12.694262387750541,0.0,1.0,11,7,15,0
2025-01-19 18:00:00,-0.7,8.5,0.0,0,-20.67510560599493,0.0,0.0,11,7,15,0
2025-01-19 19:00:00,-1.1,8.6,0.0,0,-28.812520550583073,0.0,0.0,11,7,15,0
2025-01-19 20:00:00,-1.5,7.8,0.0,0,-36.7022064787523,0.0,0.0,11,7,15,0
2025-01-19 21:00:00,-1.6,8.3,0.0,0,-43.8147862591164,0.0,0.0,11,7,15,0
2025-01-19 22:00:00,-1.6,9.3,0.0,0,-49.4213461485015,0.0,0.0,11,7,15,0
2025-01-19 23:00:00,-1.4,9.5,0.0,0,-52.619796446881054,0.0,0.0,11,7,15,0
2025-01-20 00:00:00,-1.2,9.6,0.0,0,-52.67974070668694,0.0,0.0,11,7,15,0
2025-01-20 01:00:00,-0.9,10.9,0.0,0,-49.584435038805566,0.0,0.0,11,7,15,0
2025-01-20 02:00:00,0.1,12.7,0.0,0,-44.04544604499213,0.0,0.0,11,7,15,0
2025-01-20 03:00:00,0.2,12.9,0.0,0,-36.96648927681038,0.0,0.0,11,7,15,0
2025-01-20 04:00:00,0.2,11.9,0.0,0,-29.084225342500872,0.0,0.0,11,7,15,0
2025-01-20 05:00:00,0.0,10.2,0.0,0,-20.933839618434703,0.0,0.0,11,7,15,0
2025-01-20 06:00:00,-0.1,10.2,0.0,0,-12.92255326076608,0.0,0.0,11,7,15,0
2025-01-20 07:00:00,0.0,12.0,0.0,0,-5.3857817764431815,0.0,0.0,11,7,15,0
2025-01-20 08:00:00,0.2,12.0,0.0,0,1.554013197983025,0.0,0.0,11,7,15,1
2025-01-20 09:00:00,0.3,10.5,0.0,0,6.796022214257107,0.0,1.0,11,7,15,1
2025-01-20 10:00:00,1.0,10.9,0.0,0,10.667072986871688,1.0867231267136828,44.0,11,7,15,1
2025-01-20 11:00:00,2.0,10.2,0.0,0,12.727991547164336,2.410740705269854,116.0,11,7,15,1
2025-01-20 12:00:00,2.8,9.7,0.0,0,12.784679619137236,2.8335935397811074,168.0,11,7,15,1
2025-01-20 13:00:00,3.2,11.0,0.0,1,10.832000681380364,2.752656502632425,188.0,11,7,15,1
2025-01-20 14:00:00,3.4,11.3,0.0,3,7.054389335573376,1.517029271071583,140.0,11,7,15,1
2025-01-20 15:00:00,3.0,10.1,0.0,3,1.867395719667826,0.9262892387706103,102.0,11,7,15,1
2025-01-20 16:00:00,2.4,8.9,0.0,3,-4.977867745797141,0.17217342106077935,32.0,11,7,15,0
2025-01-20 17:00:00,2.0,8.8,0.0,3,-12.474089442124637,0.0,1.0,11,7,15,0
2025-01-20 18:00:00,1.9,8.7,0.0,3,-20.45702583756453,0.0,0.0,11,7,15,0
2025-01-20 19:00:00,1.6,8.6,0.0,3,-28.594198401071182,0.0,0.0,11,7,15,0
2025-01-20 20:00:00,1.5,9.3,0.0,3,-36.48106982836168,0.0,0.0,11,7,15,0
2025-01-20 21:00:00,1.2,9.0,0.0,3,-43.58891461147033,0.0,0.0,11,7,15,0
2025-01-20 22:00:00,0.8,9.8,0.0,3,-49.191745964576285,0.0,0.0,11,7,15,0
2025-01-20 23:00:00,0.3,9.3,0.0,3,-52.39352608544618,0.0,0.0,11,7,15,0
2025-01-21 00:00:00,0.2,8.4,0.0,3,-52.46880360577455,0.0,0.0,11,7,15,0
2025-01-21 01:00:00,0.3,8.0,0.0,3,-49.39696024122884,0.0,0.0,11,7,15,0
2025-01-21 02:00:00,0.8,8.4,0.0,3,-43.88021357459877,0.0,0.0,11,7,15,0
2025-01-21 03:00:00,1.0,8.3,0.0,3,-36.816613351991194,0.0,0.0,11,7,15,0
2025-01-21 04:00:00,1.5,8.7,0.0,3,-28.94181999718066,0.0,0.0,11,7,15,0
2025-01-21 05:00:00,2.1,11.7,0.0,3,-20.79188188994054,0.0,0.0,11,7,15,0
2025-01-21 06:00:00,2.5,13.2,0.0,3,-12.775087474526416,0.0,0.0,11,7,15,0
2025-01-21 07:00:00,2.5,13.4,0.0,3,-5.226744972085285,0.0,0.0,11,7,15,0
2025-01-21 08:00:00,2.5,14.0,0.0,3,1.7102641982454827,0.0,0.0,11,7,15,1
2025-01-21 09:00:00,2.3,14.7,0.0,3,6.979812697764487,0.0,1.0,11,7,15,1
2025-01-21 10:00:00,2.7,13.3,0.0,3,10.868424711452889,0.10230175379703835,16.0,11,7,15,1
2025-01-21 11:00:00,3.0,12.4,0.0,3,12.943760721842565,0.21488331489634188,39.0,11,7,15,1
2025-01-21 12:00:00,3.3,12.2,0.0,3,13.010469034346784,0.1823513844461419,34.0,11,7,15,1
2025-01-21 13:00:00,4.1,12.0,0.0,3,11.062457313072699,0.6876696488654895,80.0,11,7,15,1
2025-01-21 14:00:00,4.4,11.2,0.0,3,7.283711497312154,0.3512583069243639,59.0,11,7,15,1
2025-01-21 15:00:00,4.2,11.2,0.1,51,2.0807300068071157,0.1494385016845134,29.0,11,7,15,1
2025-01-21 16:00:00,3.9,9.3,0.4,51,-4.748001341162151,0.0012015815342721837,6.0,11,7,15,0
2025-01-21 17:00:00,3.8,13.5,0.2,51,-12.250237793615156,0.0,0.0,11,7,15,0
2025-01-21 18:00:00,4.1,18.1,0.0,3,-20.235441444401047,0.0,0.0,11,7,15,0
2025-01-21 19:00:00,4.0,17.4,0.1,51,-28.372349011075755,0.0,0.0,11,7,15,0
2025-01-21 20:00:00,4.1,18.8,0.2,51,-36.25617160337893,0.0,0.0,11,7,15,0
2025-01-21 21:00:00,4.1,17.3,0.0,3,-43.358811079927534,0.0,0.0,11,7,15,0
2025-01-21 22:00:00,4.2,18.3,0.0,3,-48.95720438678771,0.0,0.0,11,7,15,0
2025-01-21 23:00:00,4.3,17.9,0.0,3,-52.161442651209825,0.0,0.0,11,7,15,0
2025-01-22 00:00:00,4.2,17.6,0.0,3,-52.251250459898955,0.0,0.0,11,7,15,0
2025-01-22 01:00:00,4.2,16.5,0.0,3,-49.202406947210335,0.0,0.0,11,7,15,0
2025-01-22 02:00:00,3.8,16.1,0.0,3,-43.70780431929674,0.0,0.0,11,7,15,0
2025-01-22 03:00:00,4.0,15.0,0.0,3,-36.659651705792925,0.0,0.0,11,7,15,0
2025-01-22 04:00:00,3.9,13.6,0.0,3,-28.792460099266066,0.0,0.0,11,7,15,0
2025-01-22 05:00:00,3.8,12.1,0.0,3,-20.64307255956666,0.0,0.0,11,7,15,0
2025-01-22 06:00:00,4.0,11.6,0.0,3,-12.620820882129962,0.0,0.0,11,7,15,0
2025-01-22 07:00:00,4.1,10.8,0.1,51,-5.060765705229784,0.0,0.0,11,7,15,0
2025-01-22 08:00:00,4.1,11.4,0.2,51,1.8736666979004326,0.0,0.0,11,7,15,1
2025-01-22 09:00:00,4.3,11.0,0.5,53,7.170291556923601,0.0,0.0,11,7,15,1
2025-01-22 10:00:00,4.4,11.3,0.4,51,11.076315776743115,0.007585611877928501,7.0,11,7,15,1
2025-01-22 11:00:00,4.8,15.3,0.1,51,13.1658177062247,0.11052441595560314,23.0,11,7,15,1
2025-01-22 12:00:00,4.9,11.4,0.0,3,13.242160275498094,0.2962906859245849,52.0,11,7,15,1
2025-01-22 13:00:00,4.9,10.9,0.0,3,11.298326776974022,0.3856483653746121,66.0,11,7,15,1
2025-01-22 14:00:00,4.6,11.6,0.0,3,7.517970002903311,0.3030744918063179,53.0,11,7,15,1
2025-01-22 15:00:00,4.3,11.0,0.0,3,2.299519711340025,0.19436201405120698,36.0,11,7,15,1
2025-01-22 16:00:00,3.6,11.2,0.1,51,-4.513909312387227,0.05946487270121733,15.0,11,7,15,0
2025-01-22 17:00:00,3.0,11.3,0.2,51,-12.022810985846888,0.0,1.0,11,7,15,0
2025-01-22 18:00:00,2.7,13.9,0.2,51,-20.010453183596923,0.0,0.0,11,7,15,0
2025-01-22 19:00:00,2.4,16.1,0.5,53,-28.147069634054816,0.0,0.0,11,7,15,0
2025-01-22 20:00:00,2.7,15.9,0.2,51,-36.02760748501372,0.0,0.0,11,7,15,0
2025-01-22 21:00:00,2.8,17.2,0.1,51,-43.12457362396401,0.0,0.0,11,7,15,0
2025-01-22 22:00:00,2.5,18.4,0.1,51,-48.717826106079116,0.0,0.0,11,7,15,0
2025-01-22 23:00:00,2.2,18.8,0.1,51,-51.92365710747839,0.0,0.0,11,7,15,0
2025-01-23 00:00:00,2.2,18.1,0.3,51,-52.02718675201643,0.0,0.0,11,7,15,0
2025-01-23 01:00:00,2.3,17.5,0.5,53,-49.00086096676179,0.0,0.0,11,7,15,0
2025-01-23 02:00:00,2.3,15.0,1.4,61,-43.528282735423005,0.0,0.0,11,7,15,0
2025-01-23 03:00:00,2.3,13.2,1.0,55,-36.4956551225109,0.0,0.0,11,7,15,0
2025-01-23 04:00:00,1.9,11.6,0.8,53,-28.636191128757005,0.0,0.0,11,7,15,0
2025-01-23 05:00:00,1.4,14.6,1.0,73,-20.487457743460496,0.0,0.0,11,7,15,0
2025-01-23 06:00:00,1.1,13.5,1.2,73,-12.459803253194409,0.0,0.0,11,7,15,0
2025-01-23 07:00:00,0.9,11.8,1.6,75,-4.887874960165931,0.0,0.0,11,7,15,0
2025-01-23 08:00:00,0.9,9.6,1.6,75,2.044191171591308,0.0,0.0,11,7,15,1
2025-01-23 09:00:00,0.7,6.5,1.0,73,7.367391541793552,0.0,0.0,11,7,15,1
2025-01-23 10:00:00,0.6,4.3,0.7,73,11.290666519258679,0.02129167499571003,9.0,11,7,15,1
2025-01-23 11:00:00,0.6,5.7,0.5,73,13.394073661540588,0.13226840132657613,26.0,11,7,15,1
2025-01-23 12:00:00,0.8,11.8,0.4,73,13.479656509884109,0.2884089554386913,50.0,11,7,15,1
2025-01-23 13:00:00,0.6,15.2,0.4,73,11.539505709719705,0.2041611437337366,37.0,11,7,15,1
2025-01-23 14:00:00,0.8,17.4,0.1,71,7.757055946244705,0.36664143714470865,62.0,11,7,15,1
2025-01-23 15:00:00,1.0,16.5,0.1,51,2.5235796405651882,0.21034615376990484,38.0,11,7,15,1
2025-01-23 16:00:00,1.6,15.9,0.0,3,-4.27563449820515,0.09276056728612914,20.0,11,7,15,0
2025-01-23 17:00:00,2.1,18.2,0.0,3,-11.79191194686851,0.0,1.0,11,7,15,0
2025-01-23 18:00:00,2.3,19.7,0.0,3,-19.78216100037804,0.0,0.0,11,7,15,0
2025-01-23 19:00:00,2.0,17.5,0.0,3,-27.918456498708196,0.0,0.0,11,7,15,0
2025-01-23 20:00:00,2.0,17.7,0.0,3,-35.79547204937985,0.0,0.0,11,7,15,0
2025-01-23 21:00:00,1.9,15.4,0.0,0,-42.88629921814015,0.0,0.0,11,7,15,0
2025-01-23 22:00:00,0.9,13.2,0.0,3,-48.47371528063459,0.0,0.0,11,7,15,0
2025-01-23 23:00:00,1.6,14.3,0.0,3,-51.68028091837388,0.0,0.0,11,7,15,0
2025-01-24 00:00:00,2.3,16.8,0.1,51,-51.7967201331484,0.0,0.0,11,7,15,0
2025-01-24 01:00:00,2.0,16.1,0.0,1,-48.79241182164935,0.0,0.0,11,7,15,0
2025-01-24 02:00:00,2.0,17.8,0.0,3,-43.34171771940109,0.0,0.0,11,7,15,0
2025-01-24 03:00:00,2.8,16.5,0.1,51,-36.32467891240928,0.0,0.0,11,7,15,0
2025-01-24 04:00:00,3.3,20.8,0.1,51,-28.47306290438165,0.0,0.0,11,7,15,0
2025-01-24 05:00:00,3.7,21.8,0.0,3,-20.325087618204478,0.0,0.0,11,7,15,0
2025-01-24 06:00:00,3.5,20.4,0.0,3,-12.292088025561725,0.0,0.0,11,7,15,0
2025-01-24 07:00:00,3.5,20.3,0.0,3,-4.708101733349892,0.0,0.0,11,7,15,0
2025-01-24 08:00:00,3.6,20.6,0.0,3,2.221794628646805,0.0,0.0,11,7,15,1
2025-01-24 09:00:00,3.8,20.5,0.0,3,7.571041902117287,0.0,1.0,11,7,15,1
2025-01-24 10:00:00,4.7,21.4,0.0,3,11.5113946402397,0.06555040279479327,16.0,11,7,15,1
2025-01-24 11:00:00,5.2,22.0,0.0,3,13.628437588842615,0.18740149223058064,35.0,11,7,15,1
2025-01-24 12:00:00,5.3,23.6,0.0,3,13.722859137303203,0.24504618306551926,44.0,11,7,15,1
2025-01-24 13:00:00,5.3,25.1,0.2,51,11.7858893176182,0.21942928182518406,40.0,11,7,15,1
2025-01-24 14:00:00,5.1,29.0,0.4,51,8.00085911286152,0.12973189416225248,26.0,11,7,15,1
2025-01-24 15:00:00,4.9,32.1,0.8,53,2.7527214345328304,0.05905752679238635,15.0,11,7,15,1
2025-01-24 16:00:00,5.6,33.4,0.2,51,-4.0332028129584785,0.0009692149806758824,6.0,11,7,15,0
2025-01-24 17:00:00,6.2,34.4,0.2,51,-11.557642878794198,0.0,0.0,11,7,15,0
2025-01-24 18:00:00,6.4,32.5,0.1,51,-19.550663944749445,0.0,0.0,11,7,15,0
2025-01-24 19:00:00,6.8,30.2,0.1,51,-27.686604738546933,0.0,0.0,11,7,15,0
2025-01-24 20:00:00,6.6,29.9,0.0,0,-35.5598587075896,0.0,0.0,11,7,15,0
2025-01-24 21:00:00,6.6,30.2,0.0,1,-42.64408379397793,0.0,0.0,11,7,15,0
2025-01-24 22:00:00,6.8,30.5,0.0,1,-48.224975458238134,0.0,0.0,11,7,15,0
2025-01-24 23:00:00,6.7,31.5,0.0,1,-51.431425921666374,0.0,0.0,11,7,15,0
2025-01-25 00:00:00,6.4,31.3,0.0,1,-51.55996024789326,0.0,0.0,11,7,15,0
2025-01-25 01:00:00,6.1,31.6,0.0,3,-48.57715258107058,0.0,0.0,11,7,15,0
2025-01-25 02:00:00,5.7,29.4,0.0,2,-43.14818249181246,0.0,0.0,11,7,15,0
2025-01-25 03:00:00,5.3,25.8,0.0,1,-36.146782836095966,0.0,0.0,11,7,15,0
2025-01-25 04:00:00,5.0,21.8,0.0,0,-28.30312952848982,0.0,0.0,11,7,15,0
2025-01-25 05:00:00,5.2,25.6,0.0,2,-20.15601637146281,0.0,0.0,11,7,15,0
2025-01-25 06:00:00,5.2,26.3,0.0,3,-12.117732242696377,0.0,0.0,11,7,15,0
2025-01-25 07:00:00,5.2,26.5,0.0,3,-4.521471536308567,0.0,0.0,11,7,15,0
2025-01-25 08:00:00,5.1,25.0,0.0,3,2.4064211025198574,0.0,0.0,11,7,15,1
2025-01-25 09:00:00,5.2,25.6,0.0,3,7.781168464211206,0.0,2.0,11,7,15,1
2025-01-25 10:00:00,5.8,25.8,0.0,3,11.738415283395284,0.22679083117210594,36.0,11,7,15,1
2025-01-25 11:00:00,6.1,25.4,0.0,3,13.868816413390945,0.23784944099425967,43.0,11,7,15,1
2025-01-25 12:00:00,6.0,24.5,0.2,51,13.971667883917291,0.16756596985027714,32.0,11,7,15,1
2025-01-25 13:00:00,5.8,23.3,0.6,53,12.03737148661456,0.17411083317988058,33.0,11,7,15,1
2025-01-25 14:00:00,5.3,22.2,0.1,51,8.24926814974721,0.1616590481925582,31.0,11,7,15,1
2025-01-25 15:00:00,5.2,21.4,0.0,0,2.9867562376239363,0.25765287199802245,43.0,11,7,15,1
2025-01-25 16:00:00,4.8,21.1,0.0,1,-3.78661742107019,0.4165771779371756,64.0,11,7,15,0
2025-01-25 17:00:00,4.3,21.7,0.0,0,-11.320105148480948,0.0,5.0,11,7,15,0
2025-01-25 18:00:00,4.2,22.6,0.0,0,-19.31606009236181,0.0,0.0,11,7,15,0
2025-01-25 19:00:00,4.0,23.1,0.0,0,-27.451608326407694,0.0,0.0,11,7,15,0
2025-01-25 20:00:00,4.2,24.2,0.0,0,-35.32085965146848,0.0,0.0,11,7,15,0
2025-01-25 21:00:00,4.1,24.8,0.0,0,-42.39802218829524,0.0,0.0,11,7,15,0
2025-01-25 22:00:00,3.9,24.0,0.0,2,-47.97170950620321,0.0,0.0,11,7,15,0
2025-01-25 23:00:00,3.8,22.1,0.0,3,-51.177204209619475,0.0,0.0,11,7,15,0
2025-01-26 00:00:00,3.9,20.2,0.0,3,-51.31701856448856,0.0,0.0,11,7,15,0
2025-01-26 01:00:00,3.4,17.8,0.0,3,-48.355179695124605,0.0,0.0,11,7,15,0
2025-01-26 02:00:00,3.2,17.0,0.0,3,-42.94775447492228,0.0,0.0,11,7,15,0
2025-01-26 03:00:00,3.0,16.3,0.0,3,-35.96203102151024,0.0,0.0,11,7,15,0
2025-01-26 04:00:00,2.7,14.6,0.0,3,-28.126449325298438,0.0,0.0,11,7,15,0
2025-01-26 05:00:00,2.2,13.2,0.0,3,-19.980302147047652,0.0,0.0,11,7,15,0
2025-01-26 06:00:00,1.9,11.5,0.0,3,-11.936796484801476,0.0,0.0,11,7,15,0
2025-01-26 07:00:00,1.5,10.2,0.0,3,-4.328004410315373,0.0,0.0,11,7,15,0
2025-01-26 08:00:00,1.3,10.1,0.0,3,2.598002451562536,0.0,0.0,11,7,15,1
2025-01-26 09:00:00,1.3,9.7,0.0,3,7.997693718159553,0.0,2.0,11,7,15,1
2025-01-26 10:00:00,1.8,11.6,0.0,3,11.97164111496025,0.17706598459444647,33.0,11,7,15,1
2025-01-26 11:00:00,2.6,10.5,0.0,3,14.11511506977412,0.5001885770040037,77.0,11,7,15,1
2025-01-26 12:00:00,3.3,5.8,0.0,3,14.225980895955232,0.8313073601092585,114.0,11,7,15,1
2025-01-26 13:00:00,4.1,6.3,0.0,3,12.293844890959548,1.5138483328397017,160.0,11,7,15,1
2025-01-26 14:00:00,3.7,6.2,0.0,3,8.502170731000163,1.0668591173370618,135.0,11,7,15,1
2025-01-26 15:00:00,3.7,8.8,0.0,3,3.2254974931129823,0.7449534327405976,102.0,11,7,15,1
2025-01-26 16:00:00,3.0,9.2,0.0,3,-3.5358503928954974,0.31018239387881036,52.0,11,7,15,0
2025-01-26 17:00:00,2.2,10.2,0.0,0,-11.079399178954645,0.0,5.0,11,7,15,0
2025-01-26 18:00:00,1.7,8.9,0.0,0,-19.078446469724696,0.0,0.0,11,7,15,0
2025-01-26 19:00:00,1.0,9.8,0.0,0,-27.213560014003946,0.0,0.0,11,7,15,0
2025-01-26 20:00:00,0.9,10.8,0.0,0,-35.078565804921936,0.0,0.0,11,7,15,0
2025-01-26 21:00:00,0.4,10.1,0.0,0,-42.148208097924424,0.0,0.0,11,7,15,0
2025-01-26 22:00:00,0.2,11.5,0.0,1,-47.71401954875117,0.0,0.0,11,7,15,0
2025-01-26 23:00:00,0.2,11.7,0.0,3,-50.917728017896025,0.0,0.0,11,7,15,0
2025-01-27 00:00:00,0.0,11.6,0.0,3,-51.06800820995295,0.0,0.0,11,7,15,0
2025-01-27 01:00:00,0.1,13.3,0.0,3,-48.12659282687781,0.0,0.0,11,7,15,0
2025-01-27 02:00:00,0.8,15.9,0.0,3,-42.74051516431646,0.0,0.0,11,7,15,0
2025-01-27 03:00:00,1.8,19.1,0.0,3,-35.77049187391728,0.0,0.0,11,7,15,0
2025-01-27 04:00:00,2.0,20.0,0.0,3,-27.94308477272608,0.0,0.0,11,7,15,0
2025-01-27 05:00:00,1.4,22.5,0.0,3,-19.79800698453917,0.0,0.0,11,7,15,0
2025-01-27 06:00:00,1.8,26.2,0.0,3,-11.749344793421784,0.0,0.0,11,7,15,0
2025-01-27 07:00:00,2.3,26.5,0.0,3,-4.127712251698668,0.0,0.0,11,7,15,0
2025-01-27 08:00:00,2.5,26.3,0.0,3,2.7964594852528677,0.0,0.0,11,7,15,1
2025-01-27 09:00:00,2.8,27.8,0.0,3,8.220536913740148,0.0,1.0,11,7,15,1
2025-01-27 10:00:00,2.8,28.8,0.5,53,12.210982405661753,0.0,5.0,11,7,15,1
2025-01-27 11:00:00,2.5,26.2,1.2,55,14.367236587503854,0.05990675142374893,15.0,11,7,15,1
2025-01-27 12:00:00,2.8,27.7,1.4,61,14.485694832975426,0.07926868570691424,18.0,11,7,15,1
2025-01-27 13:00:00,2.0,24.9,1.7,71,12.555201100249093,0.07309790851698864,17.0,11,7,15,1
2025-01-27 14:00:00,4.1,21.4,0.0,3,8.75945371752863,0.13675185879606797,27.0,11,7,15,1
2025-01-27 15:00:00,5.8,21.0,0.0,3,3.4687638408465773,0.20608624615491197,38.0,11,7,15,1
2025-01-27 16:00:00,6.4,19.6,0.0,2,-3.280830444649027,0.20044247717648248,37.0,11,7,15,0
2025-01-27 17:00:00,5.8,17.1,0.0,1,-10.835624341197445,0.0,6.0,11,7,15,0
2025-01-27 18:00:00,5.2,16.7,0.0,3,-18.83791898388108,0.0,0.0,11,7,15,0
2025-01-27 19:00:00,5.1,18.5,0.0,2,-26.972551276582777,0.0,0.0,11,7,15,0
2025-01-27 20:00:00,4.8,19.8,0.0,1,-34.833066780933805,0.0,0.0,11,7,15,0
2025-01-27 21:00:00,4.7,21.3,0.0,0,-41.894734040735244,0.0,0.0,11,7,15,0
2025-01-27 22:00:00,4.7,21.5,0.0,2,-47.452006911716495,0.0,0.0,11,7,15,0
2025-01-27 23:00:00,4.7,20.2,0.0,2,-50.653109622531446,0.0,0.0,11,7,15,0
2025-01-28 00:00:00,4.4,19.4,0.0,3,-50.81304381076811,0.0,0.0,11,7,15,0
2025-01-28 01:00:00,4.3,16.7,0.0,1,-47.89149468380637,0.0,0.0,11,7,15,0
2025-01-28 02:00:00,4.3,17.3,0.0,1,-42.52654999530117,0.0,0.0,11,7,15,0
2025-01-28 03:00:00,4.0,17.6,0.0,2,-35.572237979337416,0.0,0.0,11,7,15,0
2025-01-28 04:00:00,3.8,16.9,0.0,2,-27.753102428064167,0.0,0.0,11,7,15,0
2025-01-28 05:00:00,3.7,16.2,0.0,1,-19.609196753612366,0.0,0.0,11,7,15,0
2025-01-28 06:00:00,3.3,15.3,0.0,2,-11.555444589227463,0.0,0.0,11,7,15,0
2025-01-28 07:00:00,3.0,13.8,0.0,3,-3.9205951452399006,0.0,0.0,11,7,15,0
2025-01-28 08:00:00,2.8,13.7,0.0,2,3.001703427288831,0.0,0.0,11,7,15,1
2025-01-28 09:00:00,2.8,15.7,0.0,2,8.449614163477094,0.0,5.0,11,7,15,1
2025-01-28 10:00:00,3.8,15.3,0.0,0,12.45634711423213,1.1850410674520735,57.0,11,7,15,1
2025-01-28 11:00:00,4.8,13.2,0.0,0,14.625082176831867,2.6813357936520874,143.0,11,7,15,1
2025-01-28 12:00:00,5.9,12.6,0.0,0,14.750704960445802,3.165390645677559,202.0,11,7,15,1
2025-01-28 13:00:00,6.4,12.0,0.0,1,12.821330684521484,2.7861521272791565,213.0,11,7,15,1
2025-01-28 14:00:00,6.2,10.5,0.0,1,9.021003309696638,1.9130705955495744,178.0,11,7,15,1
2025-01-28 15:00:00,6.2,9.4,0.0,2,3.7163820976216897,1.1020789354114147,124.0,11,7,15,1
2025-01-28 16:00:00,5.6,11.6,0.0,3,-3.021424403872274,0.34264554143304643,56.0,11,7,15,0
2025-01-28 17:00:00,4.8,11.1,0.0,0,-10.588878845774218,0.0,6.0,11,7,15,0
2025-01-28 18:00:00,4.1,12.1,0.0,3,-18.594572356640995,0.0,0.0,11,7,15,0
2025-01-28 19:00:00,3.3,10.6,0.0,3,-26.72867226273675,0.0,0.0,11,7,15,0
2025-01-28 20:00:00,2.8,10.2,0.0,3,-34.58445084419296,0.0,0.0,11,7,15,0
2025-01-28 21:00:00,2.4,10.1,0.0,3,-41.63769132285495,0.0,0.0,11,7,15,0
2025-01-28 22:00:00,2.5,11.0,0.0,3,-47.18577207439773,0.0,0.0,11,7,15,0
2025-01-28 23:00:00,2.6,12.5,0.0,0,-50.383461244925854,0.0,0.0,11,7,15,0
2025-01-29 00:00:00,2.5,11.9,0.0,3,-50.55224133948619,0.0,0.0,11,7,15,0
2025-01-29 01:00:00,2.2,10.9,0.0,3,-47.649990849349905,0.0,0.0,11,7,15,0
2025-01-29 02:00:00,2.7,10.6,0.0,3,-42.30594820474025,0.0,0.0,11,7,15,0
2025-01-29 03:00:00,2.8,11.9,0.0,3,-35.36734600185544,0.0,0.0,11,7,15,0
2025-01-29 04:00:00,3.0,11.5,0.0,3,-27.556572847771193,0.0,0.0,11,7,15,0
2025-01-29 05:00:00,3.3,11.1,0.0,3,-19.41394108323685,0.0,0.0,11,7,15,0
2025-01-29 06:00:00,3.5,11.4,0.0,3,-11.35516658261652,0.0,0.0,11,7,15,0
2025-01-29 07:00:00,3.7,11.5,0.0,3,-3.706636240290507,0.0,0.0,11,7,15,0
2025-01-29 08:00:00,3.9,11.9,0.0,3,3.2136377240493914,0.0,0.0,11,7,15,1
2025-01-29 09:00:00,3.9,11.3,0.0,3,8.684838551247523,0.0,2.0,11,7,15,1
2025-01-29 10:00:00,4.2,11.5,0.0,3,12.707640972104542,0.1551416369658218,25.0,11,7,15,1
2025-01-29 11:00:00,4.4,13.8,0.0,3,14.88855131455253,0.353545254629297,55.0,11,7,15,1
2025-01-29 12:00:00,4.6,14.6,0.0,3,15.020905241401337,0.42546424028106616,68.0,11,7,15,1
2025-01-29 13:00:00,4.8,15.4,0.0,3,13.09212331716806,0.42174456318050657,70.0,11,7,15,1
2025-01-29 14:00:00,4.4,11.5,0.0,3,9.286705192247922,0.3306018510228191,56.0,11,7,15,1
2025-01-29 15:00:00,4.3,10.3,0.0,3,3.968190299524224,0.1493525889065129,29.0,11,7,15,1
2025-01-29 16:00:00,4.2,8.1,0.0,3,-2.7574082669826367,0.05278560415983179,14.0,11,7,15,0
2025-01-29 17:00:00,4.0,8.1,0.0,3,-10.339259633613466,0.0,2.0,11,7,15,0
2025-01-29 18:00:00,3.7,6.5,0.1,51,-18.348500063451553,0.0,0.0,11,7,15,0
2025-01-29 19:00:00,3.6,4.9,0.3,51,-26.482011749413203,0.0,0.0,11,7,15,0
2025-01-29 20:00:00,3.5,4.2,0.0,3,-34.33280487931182,0.0,0.0,11,7,15,0
2025-01-29 21:00:00,3.5,2.1,0.0,3,-41.377170011968246,0.0,0.0,11,7,15,0
2025-01-29 22:00:00,3.4,2.3,0.0,3,-46.915414628376425,0.0,0.0,11,7,15,0
2025-01-29 23:00:00,3.2,4.1,0.0,3,-50.10889496476619,0.0,0.0,11,7,15,0
2025-01-30 00:00:00,3.2,5.8,0.0,3,-50.285717967594934,0.0,0.0,11,7,15,0
2025-01-30 01:00:00,3.2,7.0,0.0,3,-47.40218961527614,0.0,0.0,11,7,15,0
2025-01-30 02:00:00,3.7,7.7,0.5,53,-42.078802688988674,0.0,0.0,11,7,15,0
2025-01-30 03:00:00,3.6,9.0,0.4,51,-35.15589657527839,0.0,0.0,11,7,15,0
2025-01-30 04:00:00,3.8,7.6,0.1,51,-27.3535705016874,0.0,0.0,11,7,15,0
2025-01-30 05:00:00,3.8,7.8,0.0,3,-19.212313285936617,0.0,0.0,11,7,15,0
2025-01-30 06:00:00,3.6,9.2,0.0,3,-11.148584676659453,0.0,0.0,11,7,15,0
2025-01-30 07:00:00,2.7,7.1,0.0,3,-3.4857944357882786,0.0,0.0,11,7,15,0
2025-01-30 08:00:00,3.2,7.1,0.3,51,3.432160203884763,0.0,0.0,11,7,15,1
2025-01-30 09:00:00,3.7,7.1,0.1,51,8.926120244968402,0.0,2.0,11,7,15,1
2025-01-30 10:00:00,4.4,7.5,0.0,3,12.964767568972306,0.07204020250324508,17.0,11,7,15,1
2025-01-30 11:00:00,4.9,8.1,0.1,51,15.157541829565204,0.07184193865331714,17.0,11,7,15,1
2025-01-30 12:00:00,5.6,11.4,0.0,3,15.296188426981288,0.21243400932935033,39.0,11,7,15,1
2025-01-30 13:00:00,5.6,11.3,0.0,3,13.36746787543045,0.23159755924725042,42.0,11,7,15,1
2025-01-30 14:00:00,5.3,12.1,0.0,3,9.556444671200637,0.260348086288077,44.0,11,7,15,1
2025-01-30 15:00:00,5.3,12.9,0.2,51,4.224040785322629,0.18074571707303935,34.0,11,7,15,1
2025-01-30 16:00:00,5.2,15.7,0.0,3,-2.4884202819378913,0.10388697722818561,22.0,11,7,15,0
2025-01-30 17:00:00,5.2,20.6,0.0,3,-10.086862265072568,0.0,3.0,11,7,15,0
2025-01-30 18:00:00,4.3,19.6,0.0,3,-18.09979427695893,0.0,0.0,11,7,15,0
2025-01-30 19:00:00,3.5,18.7,0.0,1,-26.232657102137267,0.0,0.0,11,7,15,0
2025-01-30 20:00:00,3.2,18.2,0.0,0,-34.07821436458218,0.0,0.0,11,7,15,0
2025-01-30 21:00:00,2.8,15.4,0.0,0,-41.11325891655798,0.0,0.0,11,7,15,0
2025-01-30 22:00:00,2.3,12.5,0.0,0,-46.64103324310244,0.0,0.0,11,7,15,0
2025-01-30 23:00:00,1.8,13.4,0.0,0,-49.82952264075263,0.0,0.0,11,7,15,0
2025-01-31 00:00:00,1.4,13.3,0.0,0,-50.01359192489588,0.0,0.0,11,7,15,0
2025-01-31 01:00:00,1.0,11.6,0.0,0,-47.148201815501636,0.0,0.0,11,7,15,0
2025-01-31 02:00:00,2.0,12.7,0.0,1,-41.845209858582194,0.0,0.0,11,7,15,0
2025-01-31 03:00:00,1.4,10.6,0.0,1,-34.93797418961657,0.0,0.0,11,7,15,0
2025-01-31 04:00:00,0.8,10.9,0.0,1,-27.144173681993635,0.0,0.0,11,7,15,0
2025-01-31 05:00:00,0.5,9.1,0.0,2,-19.004390277301255,0.0,0.0,11,7,15,0
2025-01-31 06:00:00,0.3,9.3,0.0,0,-10.935775861812132,0.0,0.0,11,7,15,0
2025-01-31 07:00:00,0.4,9.4,0.0,1,-3.2579936841603683,0.0,0.0,11,7,15,0
2025-01-31 08:00:00,0.6,8.9,0.0,3,3.6571655894866097,0.0,0.0,11,7,15,1
2025-01-31 09:00:00,0.6,9.3,0.0,0,9.173366612027976,0.0,7.0,11,7,15,1
2025-01-31 10:00:00,1.6,10.2,0.0,1,13.227628438890022,1.5750882036666223,73.0,11,7,15,1
2025-01-31 11:00:00,2.7,8.8,0.0,0,15.431949988009052,2.7192744437088203,155.0,11,7,15,1
2025-01-31 12:00:00,4.1,6.8,0.0,0,15.576446145647694,3.2304298806886047,216.0,11,7,15,1
2025-01-31 13:00:00,5.1,6.6,0.0,0,13.647252538310767,3.147048453907001,240.0,11,7,15,1
2025-01-31 14:00:00,5.4,6.4,0.0,0,9.8301068026378,2.0852318974455804,195.0,11,7,15,1
2025-01-31 15:00:00,5.3,6.8,0.0,0,4.483803300026878,1.5587332858967322,163.0,11,7,15,1
2025-01-31 16:00:00,4.3,6.6,0.0,0,-2.213881475307801,0.5817968572466572,86.0,11,7,15,0
2025-01-31 17:00:00,3.0,6.0,0.0,0,-9.831780806153489,0.014983292179688754,14.0,11,7,15,0
2025-01-31 18:00:00,1.5,4.7,0.0,0,-17.848545815304547,0.0,0.0,11,7,15,0
2025-01-31 19:00:00,1.0,2.7,0.0,1,-25.9806942404512,0.0,0.0,11,7,15,0
2025-01-31 20:00:00,0.7,4.6,0.0,3,-33.82076335120388,0.0,0.0,11,7,15,0
2025-01-31 21:00:00,1.5,5.9,0.0,3,-40.846045570937804,0.0,0.0,11,7,15,0
2025-01-31 22:00:00,1.2,4.6,0.0,3,-46.36272563801151,0.0,0.0,11,7,15,0
2025-01-31 23:00:00,1.6,5.0,0.0,3,-49.545455838955434,0.0,0.0,11,7,15,0
2025-02-01 00:00:00,1.8,5.6,0.0,3,-49.73598236560153,0.0,0.0,11,7,15,0
2025-02-01 01:00:00,1.9,4.9,0.0,3,-46.8881406619775,0.0,0.0,11,7,15,0
2025-02-01 02:00:00,1.9,3.0,0.0,3,-41.60526949033493,0.0,0.0,11,7,15,0
2025-02-01 03:00:00,2.1,4.1,0.0,3,-34.71366707289259,0.0,0.0,11,7,15,0
2025-02-01 04:00:00,1.6,2.3,0.0,3,-26.92846440724732,0.0,0.0,11,7,15,0
2025-02-01 05:00:00,1.5,2.7,0.0,3,-18.790252490970133,0.0,0.0,11,7,15,0
2025-02-01 06:00:00,1.5,4.1,0.0,3,-10.71682010164038,0.0,0.0,11,7,15,0
2025-02-01 07:00:00,1.3,2.7,0.1,51,-3.023106922055206,0.0,0.0,11,7,15,0
2025-02-01 08:00:00,1.0,1.8,0.0,3,3.888548362337133,0.0,0.0,11,7,15,1
2025-02-01 09:00:00,1.3,3.1,0.0,3,9.426482336275598,0.0,5.0,11,7,15,1
2025-02-01 10:00:00,1.6,3.5,0.0,3,13.496123146648983,0.1834627655977813,34.0,11,7,15,1
2025-02-01 11:00:00,2.2,2.5,0.0,3,15.711670577773674,0.4939089900335711,77.0,11,7,15,1
2025-02-01 12:00:00,2.7,1.8,0.0,3,15.861568990931403,0.8954723962541291,117.0,11,7,15,1
2025-02-01 13:00:00,3.0,1.1,0.0,3,13.931364881741047,0.8183268219835165,116.0,11,7,15,1
2025-02-01 14:00:00,3.0,1.7,0.0,3,10.107576513519248,0.48309114637695655,81.0,11,7,15,1
2025-02-01 15:00:00,3.3,2.3,0.0,3,4.747368097903404,0.34876872905696177,60.0,11,7,15,1
2025-02-01 16:00:00,3.3,2.8,0.0,3,-1.9328537576128326,0.1756208188426642,33.0,11,7,15,0
2025-02-01 17:00:00,3.0,0.8,0.0,3,-9.574107710451969,0.0,5.0,11,7,15,0
2025-02-01 18:00:00,2.8,0.5,0.0,3,-17.594844095172732,0.0,0.0,11,7,15,0
2025-02-01 19:00:00,2.7,1.9,0.0,3,-25.72620760854896,0.0,0.0,11,7,15,0
2025-02-01 20:00:00,2.8,6.3,0.0,3,-33.56053444790156,0.0,0.0,11,7,15,0
2025-02-01 21:00:00,2.5,8.3,0.0,3,-40.57561622590606,0.0,0.0,11,7,15,0
2025-02-01 22:00:00,1.9,7.3,0.0,3,-46.08058856093953,0.0,0.0,11,7,15,0
2025-02-01 23:00:00,1.5,6.7,0.0,3,-49.256805768621064,0.0,0.0,11,7,15,0
2025-02-02 00:00:00,1.6,7.4,0.0,3,-49.453009241291596,0.0,0.0,11,7,15,0
2025-02-02 01:00:00,2.0,8.2,0.0,3,-46.62212158318766,0.0,0.0,11,7,15,0
2025-02-02 02:00:00,1.9,9.2,0.0,3,-41.359084577473425,0.0,0.0,11,7,15,0
2025-02-02 03:00:00,1.6,9.0,0.0,3,-34.48306706876437,0.0,0.0,11,7,15,0
2025-02-02 04:00:00,1.6,8.7,0.0,3,-26.706528321854805,0.0,0.0,11,7,15,0
2025-02-02 05:00:00,1.5,10.0,0.0,3,-18.569983789305965,0.0,0.0,11,7,15,0
2025-02-02 06:00:00,1.4,10.6,0.0,3,-10.49180020861263,0.0,0.0,11,7,15,0
2025-02-02 07:00:00,1.4,9.8,0.0,3,-2.7809311697465944,0.0,0.0,11,7,15,0
2025-02-02 08:00:00,1.5,10.5,0.0,3,4.126205974844098,0.0,0.0,11,7,15,1
2025-02-02 09:00:00,2.0,10.9,0.0,3,9.68536953555568,0.0,2.0,11,7,15,1
2025-02-02 10:00:00,2.5,12.3,0.0,3,13.770149374163495,0.0987900483498212,21.0,11,7,15,1
2025-02-02 11:00:00,3.0,11.7,0.0,3,15.996596992224752,0.22776563672587632,41.0,11,7,15,1
2025-02-02 12:00:00,3.5,12.1,0.0,3,16.15144660755294,0.33019393246861733,57.0,11,7,15,1
2025-02-02 13:00:00,4.2,9.5,0.0,3,14.21969197089399,0.6468030874039705,98.0,11,7,15,1
2025-02-02 14:00:00,4.3,14.6,0.0,3,10.38873871474047,0.8783401836574123,119.0,11,7,15,1
2025-02-02 15:00:00,4.4,14.4,0.0,3,5.014649024573089,0.8664497327330675,108.0,11,7,15,1
2025-02-02 16:00:00,4.0,13.6,0.0,3,-1.6437697096875041,0.27873848960322545,48.0,11,7,15,0
2025-02-02 17:00:00,3.5,11.5,0.0,3,-9.313933695032162,0.014210682164124643,8.0,11,7,15,0
2025-02-02 18:00:00,3.3,10.3,0.0,3,-17.33877708958765,0.0,0.0,11,7,15,0
2025-02-02 19:00:00,3.0,11.1,0.0,3,-25.469280151078365,0.0,0.0,11,7,15,0
2025-02-02 20:00:00,2.5,11.0,0.0,3,-33.297608810825665,0.0,0.0,11,7,15,0
2025-02-02 21:00:00,1.9,12.2,0.0,3,-40.30205584483858,0.0,0.0,11,7,15,0
2025-02-02 22:00:00,1.5,13.4,0.0,3,-45.794717772578394,0.0,0.0,11,7,15,0
2025-02-02 23:00:00,1.0,13.8,0.0,3,-48.9636832251806,0.0,0.0,11,7,15,0
2025-02-03 00:00:00,0.9,12.7,0.0,3,-49.16479318082119,0.0,0.0,11,7,15,0
2025-02-03 01:00:00,0.6,12.8,0.0,3,-46.350262065767424,0.0,0.0,11,7,15,0
2025-02-03 02:00:00,1.0,11.4,0.0,3,-41.10676117843272,0.0,0.0,11,7,15,0
2025-02-03 03:00:00,0.6,10.5,0.0,3,-34.24626951047826,0.0,0.0,11,7,15,0
2025-02-03 04:00:00,0.1,9.4,0.0,3,-26.478454591336558,0.0,0.0,11,7,15,0
2025-02-03 05:00:00,0.1,9.5,0.0,3,-18.343671369985884,0.0,0.0,11,7,15,0
2025-02-03 06:00:00,-0.1,8.9,0.0,3,-10.260801708757725,0.0,0.0,11,7,15,0
2025-02-03 07:00:00,0.0,9.7,0.0,3,-2.531147538201836,0.0,0.0,11,7,15,0
2025-02-03 08:00:00,0.1,8.6,0.0,3,4.370042402397658,0.0,0.0,11,7,15,1
2025-02-03 09:00:00,0.1,8.4,0.0,3,9.949927878931561,0.0,2.0,11,7,15,1
2025-02-03 10:00:00,0.1,9.2,0.0,3,14.049603006642329,0.09342275565595823,20.0,11,7,15,1
2025-02-03 11:00:00,0.4,10.8,0.0,3,16.286621312987947,0.36807291959102845,57.0,11,7,15,1
2025-02-03 12:00:00,1.0,10.8,0.0,3,16.445967775790194,0.8073321964429171,110.0,11,7,15,1
2025-02-03 13:00:00,1.4,9.4,0.0,3,14.512120449548704,1.1256505939577979,136.0,11,7,15,1
2025-02-03 14:00:00,1.2,9.2,0.0,3,10.67347840674745,0.3848349217860485,65.0,11,7,15,1
2025-02-03 15:00:00,1.4,9.0,0.0,3,5.2860510444720035,0.26163254470856895,46.0,11,7,15,1
2025-02-03 16:00:00,1.0,9.2,0.0,3,-1.3438745356756527,0.09951134209146896,21.0,11,7,15,0
2025-02-03 17:00:00,0.6,10.8,0.0,3,-9.051347607925237,0.034387246771536956,11.0,11,7,15,0
2025-02-03 18:00:00,0.2,10.5,0.0,3,-17.080431290436763,0.0,0.0,11,7,15,0
2025-02-03 19:00:00,0.4,11.6,0.0,3,-25.2099932940488,0.0,0.0,11,7,15,0
2025-02-03 20:00:00,0.6,11.7,0.0,3,-33.03206613862561,0.0,0.0,11,7,15,0
2025-02-03 21:00:00,0.8,12.9,0.0,3,-40.02544810502823,0.0,0.0,11,7,15,0
2025-02-03 22:00:00,0.9,15.0,0.0,3,-45.50520803669548,0.0,0.0,11,7,15,0
2025-02-03 23:00:00,1.0,14.5,0.0,3,-48.66619854023071,0.0,0.0,11,7,15,0
2025-02-04 00:00:00,1.1,13.8,0.0,3,-48.87145537720909,0.0,0.0,11,7,15,0
2025-02-04 01:00:00,1.1,12.6,0.0,3,-46.07268149969295,0.0,0.0,11,7,15,0
2025-02-04 02:00:00,1.5,13.8,0.0,3,-40.84840826489116,0.0,0.0,11,7,15,0
2025-02-04 03:00:00,1.9,13.8,0.0,3,-34.0033730916597,0.0,0.0,11,7,15,0
2025-02-04 04:00:00,2.2,13.4,0.0,3,-26.244335793772223,0.0,0.0,11,7,15,0
2025-02-04 05:00:00,2.4,14.0,0.0,3,-18.111405668766082,0.0,0.0,11,7,15,0
2025-02-04 06:00:00,2.8,15.1,0.0,3,-10.02391269363575,0.0,0.0,11,7,15,0
2025-02-04 07:00:00,3.3,17.7,0.0,3,-2.2732542362271744,0.0,0.0,11,7,15,0
2025-02-04 08:00:00,3.3,15.6,0.0,3,4.6199720241494475,0.0,0.0,11,7,15,1
2025-02-04 09:00:00,3.5,16.8,0.1,51,10.220054702908428,0.0,4.0,11,7,15,1
2025-02-04 10:00:00,4.3,17.9,0.0,3,14.334378218327004,0.10437583518256162,22.0,11,7,15,1
2025-02-04 11:00:00,4.8,18.7,0.0,3,16.581634391660387,0.21978875065256834,40.0,11,7,15,1
2025-02-04 12:00:00,5.4,17.4,0.0,3,16.74502049398781,0.31513555073897637,55.0,11,7,15,1
2025-02-04 13:00:00,5.7,19.2,0.0,3,14.808536626430524,0.3595005939096401,62.0,11,7,15,1
2025-02-04 14:00:00,5.8,20.3,0.0,3,10.961680778062416,0.6649940555875627,99.0,11,7,15,1
2025-02-04 15:00:00,5.7,17.8,0.0,3,5.56032466915228,0.28921853913150775,51.0,11,7,15,1
2025-02-04 16:00:00,5.6,19.1,0.0,3,-1.0279451218420093,0.16970181212939625,32.0,11,7,15,0
2025-02-04 17:00:00,5.2,19.0,0.0,3,-8.786436284349406,0.0074584196502641715,7.0,11,7,15,0
2025-02-04 18:00:00,5.1,19.9,0.0,3,-16.819891675677965,0.0,0.0,11,7,15,0
2025-02-04 19:00:00,5.0,20.1,0.0,3,-24.948426930780855,0.0,0.0,11,7,15,0
2025-02-04 20:00:00,5.0,20.4,0.0,3,-32.7639846725519,0.0,0.0,11,7,15,0
2025-02-04 21:00:00,5.2,21.8,0.0,3,-39.7458754040627,0.0,0.0,11,7,15,0
2025-02-04 22:00:00,5.2,22.4,0.1,51,-45.21215311584936,0.0,0.0,11,7,15,0
2025-02-04 23:00:00,5.0,23.0,0.0,3,-48.364461538199066,0.0,0.0,11,7,15,0
2025-02-05 00:00:00,5.2,24.6,0.0,3,-48.57311748151369,0.0,0.0,11,7,15,0
2025-02-05 01:00:00,5.3,25.5,0.1,51,-45.789501027435165,0.0,0.0,11,7,15,0
2025-02-05 02:00:00,5.4,27.0,0.1,51,-40.58413756963216,0.0,0.0,11,7,15,0
2025-02-05 03:00:00,5.3,27.4,0.2,51,-33.754479734434625,0.0,0.0,11,7,15,0
2025-02-05 04:00:00,5.4,25.6,0.0,3,-26.004267807797717,0.0,0.0,11,7,15,0
2025-02-05 05:00:00,5.8,24.4,0.0,3,-17.873280258645053,0.0,0.0,11,7,15,0
2025-02-05 06:00:00,6.2,24.5,0.0,3,-9.781223657645114,0.0,0.0,11,7,15,0
2025-02-05 07:00:00,6.1,25.4,0.0,3,-2.00644856683914,0.0,0.0,11,7,15,0
2025-02-05 08:00:00,6.4,25.6,0.0,3,4.8759238179488165,0.0,0.0,11,7,15,1
2025-02-05 09:00:00,6.3,23.0,0.0,0,10.495645126100541,0.0466353161757482,7.0,11,7,15,1
2025-02-05 10:00:00,6.6,22.9,0.0,0,14.624367557618314,1.9827182583796923,93.0,11,7,15,1
2025-02-05 11:00:00,7.3,21.4,0.0,0,16.881525930320137,3.152958477395534,184.0,11,7,15,1
2025-02-05 12:00:00,7.9,20.9,0.0,0,17.04849205910793,3.487814681672471,242.0,11,7,15,1
2025-02-05 13:00:00,8.1,23.4,0.0,0,15.1088265584889,3.4137802108684925,267.0,11,7,15,1
2025-02-05 14:00:00,7.9,19.1,0.0,0,11.253231297086899,2.461272791685346,228.0,11,7,15,1
2025-02-05 15:00:00,7.4,18.2,0.0,0,5.837741525426921,1.6494787828625332,179.0,11,7,15,1
2025-02-05 16:00:00,6.6,18.3,0.0,0,-0.6848926503135857,0.6708721441226979,103.0,11,7,15,0
2025-02-05 17:00:00,5.4,17.3,0.0,0,-8.51928438791957,0.04735972707103468,24.0,11,7,15,0
2025-02-05 18:00:00,4.7,16.2,0.0,0,-16.557241681160704,0.0,0.0,11,7,15,0
2025-02-05 19:00:00,4.3,15.5,0.0,3,-24.684659412805118,0.0,0.0,11,7,15,0
2025-02-05 20:00:00,4.0,14.8,0.0,3,-32.493441201451006,0.0,0.0,11,7,15,0
2025-02-05 21:00:00,3.8,14.8,0.0,3,-39.463418871014795,0.0,0.0,11,7,15,0
2025-02-05 22:00:00,3.8,14.9,0.0,3,-44.91564577229855,0.0,0.0,11,7,15,0
2025-02-05 23:00:00,3.8,15.7,0.0,3,-48.058581499410934,0.0,0.0,11,7,15,0
2025-02-06 00:00:00,3.7,16.0,0.0,0,-48.269901503623544,0.0,0.0,11,7,16,0
2025-02-06 01:00:00,3.6,15.6,0.0,0,-45.50084339743529,0.0,0.0,11,7,16,0
2025-02-06 02:00:00,3.2,13.5,0.0,0,-40.31406343475311,0.0,0.0,11,7,16,0
2025-02-06 03:00:00,2.9,13.2,0.0,0,-33.499694455394106,0.0,0.0,11,7,16,0
2025-02-06 04:00:00,2.6,12.9,0.0,0,-25.758349697549832,0.0,0.0,11,7,16,0
2025-02-06 05:00:00,2.3,12.4,0.0,0,-17.62939174568865,0.0,0.0,11,7,16,0
2025-02-06 06:00:00,2.0,11.8,0.0,0,-9.532827318107124,0.0,0.0,11,7,16,0
2025-02-06 07:00:00,1.6,10.5,0.0,0,-1.7294059445702459,0.0,0.0,11,7,16,0
2025-02-06 08:00:00,1.0,9.3,0.0,0,5.13784585150799,0.0,0.0,11,7,16,1
2025-02-06 09:00:00,1.2,10.5,0.0,0,10.776592161911736,0.4745957266297326,19.0,11,7,16,1
2025-02-06 10:00:00,2.5,11.2,0.0,0,14.919462031424871,2.3602621894195828,105.0,11,7,16,1
2025-02-06 11:00:00,3.8,10.4,0.0,0,17.18618456072994,3.3156239581112326,194.0,11,7,16,1
2025-02-06 12:00:00,5.2,11.4,0.0,0,17.356269145244283,3.7065229993630946,257.0,11,7,16,1
2025-02-06 13:00:00,6.1,10.1,0.0,0,15.412876131070732,3.5328936309323407,281.0,11,7,16,1
2025-02-06 14:00:00,6.7,8.5,0.0,0,11.54801579755653,2.9151065971443892,263.0,11,7,16,1
2025-02-06 15:00:00,6.7,8.8,0.0,0,6.11816921629611,1.9395025508942085,207.0,11,7,16,1
2025-02-06 16:00:00,5.7,7.7,0.0,0,-0.2866182419233638,0.8032724067642076,121.0,11,7,16,0
2025-02-06 17:00:00,3.8,7.6,0.0,0,-8.249974232095184,0.04883253694821974,30.0,11,7,16,0
2025-02-06 18:00:00,2.3,8.8,0.0,0,-16.292563176979755,0.0,0.0,11,7,16,0
2025-02-06 19:00:00,1.2,9.8,0.0,0,-24.418767545605917,0.0,0.0,11,7,16,0
2025-02-06 20:00:00,0.7,9.9,0.0,0,-32.220511071479066,0.0,0.0,11,7,16,0
2025-02-06 21:00:00,0.6,9.6,0.0,0,-39.178158382219436,0.0,0.0,11,7,16,0
2025-02-06 22:00:00,0.7,9.6,0.0,0,-44.61577777381254,0.0,0.0,11,7,16,0
2025-02-06 23:00:00,0.8,10.3,0.0,1,-47.74866712925282,0.0,0.0,11,7,16,0
2025-02-07 00:00:00,0.9,10.5,0.0,2,-47.96192971988708,0.0,0.0,11,7,16,0
2025-02-07 01:00:00,0.9,10.4,0.0,3,-45.20683282220128,0.0,0.0,11,7,16,0
2025-02-07 02:00:00,1.6,10.3,0.0,1,-40.03830266074482,0.0,0.0,11,7,16,0
2025-02-07 03:00:00,1.0,9.2,0.0,0,-33.23912522988071,0.0,0.0,11,7,16,0
2025-02-07 04:00:00,0.1,7.7,0.0,0,-25.506683594950246,0.0,0.0,11,7,16,0
2025-02-07 05:00:00,-0.1,8.0,0.0,0,-17.37983966175291,0.0,0.0,11,7,16,0
2025-02-07 06:00:00,-0.2,9.5,0.0,0,-9.278818414823945,0.0,0.0,11,7,16,0
2025-02-07 07:00:00,-0.2,11.4,0.0,0,-1.4398331485752038,0.0,0.0,11,7,16,0
2025-02-07 08:00:00,-0.3,11.3,0.0,0,5.406097127871178,0.0,0.0,11,7,16,1
2025-02-07 09:00:00,0.0,12.2,0.0,0,11.062786828918902,0.5615243258029272,22.0,11,7,16,1
2025-02-07 10:00:00,1.2,13.2,0.0,0,15.219551188572808,2.531678805328905,113.0,11,7,16,1
2025-02-07 11:00:00,2.4,11.9,0.0,0,17.49549792212474,3.4643812368015405,204.0,11,7,16,1
2025-02-07 12:00:00,2.9,13.9,0.0,0,17.66823788002887,3.807640427861973,264.0,11,7,16,1
2025-02-07 13:00:00,3.1,14.8,0.0,0,15.720571134987651,3.645765050874006,287.0,11,7,16,1
2025-02-07 14:00:00,1.9,19.4,0.0,3,11.845920558011073,2.1081960042155483,216.0,11,7,16,1
2025-02-07 15:00:00,0.9,19.2,0.0,3,6.401479344080542,0.8369616798570988,112.0,11,7,16,1
2025-02-07 16:00:00,0.9,20.3,0.0,3,0.09632357503407718,0.23005501829958575,41.0,11,7,16,1
2025-02-07 17:00:00,1.0,15.7,0.0,3,-7.978585575705338,0.034293577149520145,11.0,11,7,16,0
2025-02-07 18:00:00,1.1,15.4,0.0,3,-16.025936448243286,0.0,0.0,11,7,16,0
2025-02-07 19:00:00,1.5,14.6,0.0,3,-24.150826589089505,0.0,0.0,11,7,16,0
2025-02-07 20:00:00,1.9,17.6,0.0,3,-31.94526820036083,0.0,0.0,11,7,16,0
2025-02-07 21:00:00,2.2,19.8,0.0,3,-38.89017258139714,0.0,0.0,11,7,16,0
2025-02-07 22:00:00,2.1,19.4,0.0,3,-44.31263990408095,0.0,0.0,11,7,16,0
2025-02-07 23:00:00,2.2,20.4,0.2,71,-47.434826533106275,0.0,0.0,11,7,16,0
2025-02-08 00:00:00,2.5,23.4,0.1,51,-47.649324587454856,0.0,0.0,11,7,16,0
2025-02-08 01:00:00,2.5,21.9,0.0,3,-44.90759484127233,0.0,0.0,11,7,16,0
2025-02-08 02:00:00,2.1,21.1,0.0,0,-39.756974356920324,0.0,0.0,11,7,16,0
2025-02-08 03:00:00,1.9,21.2,0.0,0,-32.97288285508907,0.0,0.0,11,7,16,0
2025-02-08 04:00:00,1.5,20.0,0.0,2,-25.249374579714228,0.0,0.0,11,7,16,0
2025-02-08 05:00:00,1.3,18.7,0.2,71,-17.12472635436002,0.0,0.0,11,7,16,0
2025-02-08 06:00:00,1.1,19.0,0.2,71,-9.019293484802432,0.0,0.0,11,7,16,0
2025-02-08 07:00:00,1.1,18.4,0.1,71,-1.133471356392647,0.0,0.0,11,7,16,0
2025-02-08 08:00:00,1.1,17.0,0.0,3,5.67942540118807,0.0,0.0,11,7,16,1
2025-02-08 09:00:00,1.2,16.6,0.0,3,11.354118258729258,0.0015934461128165006,6.0,11,7,16,1
2025-02-08 10:00:00,1.2,17.7,0.1,71,15.52452320216085,0.30197014306660314,41.0,11,7,16,1
2025-02-08 11:00:00,1.7,19.1,0.1,71,17.809352737511006,0.6131382291816223,82.0,11,7,16,1
2025-02-08 12:00:00,2.1,20.5,0.0,3,17.984283918883307,0.6625604325167421,98.0,11,7,16,1
2025-02-08 13:00:00,2.5,20.3,0.0,3,16.03179734045476,0.66023614389619,104.0,11,7,16,1
2025-02-08 14:00:00,2.1,19.0,0.0,3,12.14683237563311,0.6361292746949095,96.0,11,7,16,1
2025-02-08 15:00:00,1.6,19.7,0.0,3,6.687546401851577,0.5101494092263896,79.0,11,7,16,1
2025-02-08 16:00:00,1.5,15.4,0.0,3,0.33064237819267817,0.11884465962371589,24.0,11,7,16,1
2025-02-08 17:00:00,1.5,16.3,0.0,3,-7.705195384577962,0.0,5.0,11,7,16,0
2025-02-08 18:00:00,1.5,15.8,0.0,3,-15.757440180134125,0.0,0.0,11,7,16,0
2025-02-08 19:00:00,1.6,13.7,0.0,3,-23.88091026263534,0.0,0.0,11,7,16,0
2025-02-08 20:00:00,1.7,12.9,0.0,3,-31.66778509600438,0.0,0.0,11,7,16,0
2025-02-08 21:00:00,1.8,13.1,0.0,3,-38.59953890386703,0.0,0.0,11,7,16,0
2025-02-08 22:00:00,1.8,12.3,0.0,3,-44.00632197740623,0.0,0.0,11,7,16,0
2025-02-08 23:00:00,1.7,10.7,0.0,3,-47.117167196738905,0.0,0.0,11,7,16,0
2025-02-09 00:00:00,1.7,9.5,0.0,3,-47.33220866516535,0.0,0.0,11,7,16,0
2025-02-09 01:00:00,1.7,9.3,0.0,3,-44.60325618926339,0.0,0.0,11,7,16,0
2025-02-09 02:00:00,1.7,9.5,0.0,3,-39.470199793625994,0.0,0.0,11,7,16,0
2025-02-09 03:00:00,1.6,9.6,0.0,3,-32.701080812435265,0.0,0.0,11,7,16,0
2025-02-09 04:00:00,1.6,10.4,0.0,3,-24.98653055748626,0.0,0.0,11,7,16,0
2025-02-09 05:00:00,1.6,11.0,0.0,3,-16.86415687395386,0.0,0.0,11,7,16,0
2025-02-09 06:00:00,1.5,11.0,0.0,3,-8.754350606516113,0.0,0.0,11,7,16,0
2025-02-09 07:00:00,1.5,12.8,0.0,3,-0.801553923186006,0.0,0.0,11,7,16,0
2025-02-09 08:00:00,1.4,13.5,0.0,3,5.958173725954495,0.0,0.0,11,7,16,1
2025-02-09 09:00:00,1.4,12.4,0.0,3,11.650473801157759,0.04424993688977772,7.0,11,7,16,1
2025-02-09 10:00:00,1.9,12.1,0.0,3,15.83426495072068,0.23903002746848215,39.0,11,7,16,1
2025-02-09 11:00:00,2.2,14.2,0.0,3,18.127634888384904,0.31271030893763274,54.0,11,7,16,1
2025-02-09 12:00:00,2.4,16.1,0.0,3,18.304292517055345,0.49308327198865637,82.0,11,7,16,1
2025-02-09 13:00:00,2.5,16.5,0.0,3,16.346440567929136,0.5700735040653298,94.0,11,7,16,1
2025-02-09 14:00:00,2.3,15.9,0.0,3,12.450638634779665,0.41576366297181794,69.0,11,7,16,1
2025-02-09 15:00:00,2.3,17.5,0.0,3,6.9762472742357176,0.3579727402245917,61.0,11,7,16,1
2025-02-09 16:00:00,2.2,16.6,0.0,3,0.5714994672987075,0.29649807065106054,51.0,11,7,16,1
2025-02-09 17:00:00,1.8,16.7,0.0,3,-7.42987754882391,0.05362165353863632,14.0,11,7,16,0
2025-02-09 18:00:00,1.6,17.3,0.0,3,-15.487151447102264,0.0,0.0,11,7,16,0
2025-02-09 19:00:00,1.5,17.4,0.0,3,-23.609090754577906,0.0,0.0,11,7,16,0
2025-02-09 20:00:00,1.5,17.9,0.0,3,-31.38813287926743,0.0,0.0,11,7,16,0
2025-02-09 21:00:00,1.4,18.6,0.0,3,-38.30633360460405,0.0,0.0,11,7,16,0
2025-02-09 22:00:00,1.2,18.1,0.0,3,-43.69691285737406,0.0,0.0,11,7,16,0
2025-02-09 23:00:00,1.3,17.6,0.0,3,-46.79579597181083,0.0,0.0,11,7,16,0
2025-02-10 00:00:00,1.4,17.7,0.0,3,-47.010704540802664,0.0,0.0,11,7,16,0
2025-02-10 01:00:00,1.2,18.9,0.0,3,-44.293944669149425,0.0,0.0,11,7,16,0
2025-02-10 02:00:00,1.3,17.6,0.0,3,-39.17810225666199,0.0,0.0,11,7,16,0
2025-02-10 03:00:00,1.2,16.5,0.0,3,-32.42383512965357,0.0,0.0,11,7,16,0
2025-02-10 04:00:00,1.0,17.2,0.0,3,-24.718262136477165,0.0,0.0,11,7,16,0
2025-02-10 05:00:00,0.9,17.7,0.0,3,-16.598238858772305,0.0,0.0,11,7,16,0
2025-02-10 06:00:00,0.6,18.2,0.0,3,-8.484089106293567,0.0,0.0,11,7,16,0
2025-02-10 07:00:00,0.3,19.1,0.0,3,-0.42295097069803944,0.0,0.0,11,7,16,0
2025-02-10 08:00:00,0.0,19.4,0.0,1,6.24221591809814,0.0,0.0,11,7,16,1
2025-02-10 09:00:00,0.1,19.2,0.0,2,11.951739126634195,0.3113195041033001,21.0,11,7,16,1
2025-02-10 10:00:00,0.6,22.5,0.0,3,16.14866209809911,1.1327356306925471,80.0,11,7,16,1
2025-02-10 11:00:00,0.9,23.1,0.0,3,18.450229487805814,1.1413757007489262,112.0,11,7,16,1
2025-02-10 12:00:00,0.9,23.0,0.0,3,18.62814859941885,0.6242476526418819,92.0,11,7,16,1
2025-02-10 13:00:00,1.1,23.5,0.0,3,16.664386755860775,0.5707441297961422,91.0,11,7,16,1
2025-02-10 14:00:00,1.7,22.9,0.0,3,12.757227370519672,0.5975555465335536,93.0,11,7,16,1
2025-02-10 15:00:00,1.6,21.8,0.0,3,7.267461033735529,0.3591990188618855,61.0,11,7,16,1
2025-02-10 16:00:00,1.6,19.3,0.0,3,0.818429327541125,0.21635780130511095,39.0,11,7,16,1
2025-02-10 17:00:00,1.6,17.7,0.0,3,-7.152702541962526,0.05369143246184708,14.0,11,7,16,0
2025-02-10 18:00:00,1.8,19.0,0.0,3,-15.215145706010517,0.0,0.0,11,7,16,0
2025-02-10 19:00:00,1.8,20.2,0.0,3,-23.33543873596095,0.0,0.0,11,7,16,0
2025-02-10 20:00:00,1.5,20.2,0.0,3,-31.106381310661632,0.0,0.0,11,7,16,0
2025-02-10 21:00:00,1.4,20.2,0.0,2,-38.01063178985976,0.0,0.0,11,7,16,0
2025-02-10 22:00:00,1.0,19.9,0.0,2,-43.384500479186556,0.0,0.0,11,7,16,0
2025-02-10 23:00:00,0.9,19.8,0.0,2,-46.470819066154974,0.0,0.0,11,7,16,0
2025-02-11 00:00:00,0.9,19.6,0.0,3,-46.68493476451712,0.0,0.0,11,6,16,0
2025-02-11 01:00:00,0.8,19.8,0.0,3,-43.979789030914475,0.0,0.0,11,6,16,0
2025-02-11 02:00:00,0.4,18.9,0.0,0,-38.88080690427478,0.0,0.0,11,6,16,0
2025-02-11 03:00:00,0.2,18.8,0.0,2,-32.141264243053,0.0,0.0,11,6,16,0
2025-02-11 04:00:00,0.2,19.1,0.0,2,-24.444682502993302,0.0,0.0,11,6,16,0
2025-02-11 05:00:00,0.2,19.5,0.0,2,-16.327082417539046,0.0,0.0,11,6,16,0
2025-02-11 06:00:00,0.2,19.6,0.0,2,-8.208609216986403,0.0,0.0,11,6,16,0
2025-02-11 07:00:00,0.2,19.6,0.0,3,0.027323744194148958,0.0,0.0,11,6,16,1
2025-02-11 08:00:00,0.2,19.3,0.0,3,6.531425036508281,0.0,0.0,11,6,16,1
2025-02-11 09:00:00,0.4,19.5,0.0,3,12.257798325790446,0.2776308303176477,22.0,11,6,16,1
2025-02-11 10:00:00,0.9,23.8,0.0,3,16.46759917194582,0.7895067007165532,77.0,11,6,16,1
2025-02-11 11:00:00,1.4,23.3,0.0,3,18.777020951757464,1.307053487931985,127.0,11,6,16,1
2025-02-11 12:00:00,1.7,23.4,0.0,3,18.95573682799963,1.3246811780825056,162.0,11,6,16,1
2025-02-11 13:00:00,1.9,23.6,0.0,3,16.98552202537506,1.4232045323757754,181.0,11,6,16,1
2025-02-11 14:00:00,1.8,24.3,0.0,3,13.066487327457054,1.2033624415808175,159.0,11,6,16,1
2025-02-11 15:00:00,1.9,24.5,0.0,3,7.561068872941291,0.7897600112566336,121.0,11,6,16,1
2025-02-11 16:00:00,2.0,22.6,0.0,1,1.070973675885952,0.5610613361120546,91.0,11,6,16,1
2025-02-11 17:00:00,1.5,19.0,0.0,3,-6.8737370034804,0.11608946586058533,36.0,11,6,16,0
2025-02-11 18:00:00,1.4,18.4,0.0,2,-14.941496793043058,0.0,0.0,11,6,16,0
2025-02-11 19:00:00,1.2,18.5,0.0,0,-23.06002337836854,0.0,0.0,11,6,16,0
2025-02-11 20:00:00,0.9,18.7,0.0,0,-30.82259882077402,0.0,0.0,11,6,16,0
2025-02-11 21:00:00,0.6,19.2,0.0,1,-37.712507452100624,0.0,0.0,11,6,16,0
2025-02-11 22:00:00,0.4,19.1,0.0,2,-43.069171875342704,0.0,0.0,11,6,16,0
2025-02-11 23:00:00,0.2,18.2,0.0,3,-46.142342038515096,0.0,0.0,11,6,16,0
2025-02-12 00:00:00,0.2,17.4,0.0,3,-46.355021788177936,0.0,0.0,11,6,16,0
2025-02-12 01:00:00,0.2,16.5,0.0,3,-43.66091885564006,0.0,0.0,11,6,16,0
2025-02-12 02:00:00,-0.2,16.9,0.0,3,-38.57844062707852,0.0,0.0,11,6,16,0
2025-02-12 03:00:00,-0.4,16.1,0.0,3,-31.8534888603413,0.0,0.0,11,6,16,0
2025-02-12 04:00:00,-0.3,15.7,0.0,3,-24.165907296222457,0.0,0.0,11,6,16,0
2025-02-12 05:00:00,-0.4,15.3,0.0,3,-16.050800010181547,0.0,0.0,11,6,16,0
2025-02-12 06:00:00,-0.4,16.2,0.0,3,-7.928011675752757,0.0,0.0,11,6,16,0
2025-02-12 07:00:00,-0.6,16.6,0.0,3,0.266281128940804,0.0,0.0,11,6,16,1
2025-02-12 08:00:00,-0.9,17.0,0.0,3,6.825672828646503,0.0,0.0,11,6,16,1
2025-02-12 09:00:00,-1.0,17.7,0.0,3,12.56853400621992,0.04798174559943447,13.0,11,6,16,1
2025-02-12 10:00:00,-0.9,18.6,0.0,3,16.790959640729227,0.2921884702014119,47.0,11,6,16,1
2025-02-12 11:00:00,-0.9,17.5,0.0,3,19.107893068746222,0.37615671141948637,61.0,11,6,16,1
2025-02-12 12:00:00,-0.9,17.3,0.0,3,19.286941667207913,0.3952754473833174,66.0,11,6,16,1
2025-02-12 13:00:00,-0.8,17.1,0.0,3,17.309732741933672,0.6617327051198498,96.0,11,6,16,1
2025-02-12 14:00:00,-1.1,16.4,0.0,3,13.378308014114921,0.5119558527521385,82.0,11,6,16,1
2025-02-12 15:00:00,-1.0,16.8,0.0,3,7.856954092787092,0.40970980738130425,67.0,11,6,16,1
2025-02-12 16:00:00,-1.1,16.7,0.0,3,1.3286847157350365,0.2650671670531995,46.0,11,6,16,1
2025-02-12 17:00:00,-1.1,16.6,0.0,3,-6.593043219979975,0.06774823080151533,16.0,11,6,16,0
2025-02-12 18:00:00,-1.1,15.0,0.0,3,-14.66627692413958,0.0,0.0,11,6,16,0
2025-02-12 19:00:00,-1.0,14.6,0.0,3,-22.782912375654064,0.0,0.0,11,6,16,0
2025-02-12 20:00:00,-1.0,11.8,0.0,3,-30.536852544167488,0.0,0.0,11,6,16,0
2025-02-12 21:00:00,-0.9,9.2,0.0,3,-37.41203350796927,0.0,0.0,11,6,16,0
2025-02-12 22:00:00,-0.9,8.4,0.0,3,-42.75101320435746,0.0,0.0,11,6,16,0
2025-02-12 23:00:00,-0.9,9.1,0.0,3,-45.810469797375276,0.0,0.0,11,6,16,0
2025-02-13 00:00:00,-1.1,10.4,0.0,3,-46.021087910421585,0.0,0.0,11,6,16,0
2025-02-13 01:00:00,-1.4,10.4,0.0,3,-43.33746444509265,0.0,0.0,11,6,16,0
2025-02-13 02:00:00,-1.4,10.8,0.0,3,-38.2711319111998,0.0,0.0,11,6,16,0
2025-02-13 03:00:00,-0.9,12.0,0.0,3,-31.560631824418834,0.0,0.0,11,6,16,0
2025-02-13 04:00:00,-1.0,13.4,0.0,3,-23.882054482644477,0.0,0.0,11,6,16,0
2025-02-13 05:00:00,-1.3,14.6,0.0,3,-15.76950632673416,0.0,0.0,11,6,16,0
2025-02-13 06:00:00,-1.5,14.9,0.0,3,-7.642397243175338,0.0,0.0,11,6,16,0
2025-02-13 07:00:00,-1.8,15.7,0.0,3,0.514544370090988,0.0,0.0,11,6,16,1
2025-02-13 08:00:00,-1.9,16.5,0.0,3,7.12482956954257,0.0,0.0,11,6,16,1
2025-02-13 09:00:00,-1.9,16.8,0.0,3,12.883827386415959,0.041658324376219025,12.0,11,6,16,1
2025-02-13 10:00:00,-1.9,15.9,0.0,3,17.118625989202727,0.40112402811223247,51.0,11,6,16,1
2025-02-13 11:00:00,-1.9,15.7,0.0,3,19.442729067580544,0.5217251305431633,79.0,11,6,16,1
2025-02-13 12:00:00,-1.9,16.0,0.0,3,19.62164744676808,0.6357988451881137,98.0,11,6,16,1
2025-02-13 13:00:00,-1.5,15.6,0.0,3,17.63690557400686,1.1457249847120077,147.0,11,6,16,1
2025-02-13 14:00:00,-1.6,17.4,0.0,3,13.692579753110351,0.9136177239320717,130.0,11,6,16,1
2025-02-13 15:00:00,-1.3,20.0,0.0,3,8.155002108221709,0.5952558900899708,93.0,11,6,16,1
2025-02-13 16:00:00,-0.8,20.6,0.0,3,1.591128274498061,0.31089922088842686,53.0,11,6,16,1
2025-02-13 17:00:00,-0.4,14.9,0.0,3,-6.310678471032432,0.04159330786125292,13.0,11,6,16,0
2025-02-13 18:00:00,-0.3,14.2,0.0,3,-14.389556698715452,0.0,0.0,11,6,16,0
2025-02-13 19:00:00,-0.2,14.9,0.0,3,-22.504171969357927,0.0,0.0,11,6,16,0
2025-02-13 20:00:00,-0.2,15.8,0.0,3,-30.249208356527205,0.0,0.0,11,6,16,0
2025-02-13 21:00:00,-0.5,15.0,0.0,3,-37.109281839007636,0.0,0.0,11,6,16,0
2025-02-13 22:00:00,-0.6,12.5,0.0,3,-42.43010978220798,0.0,0.0,11,6,16,0
2025-02-13 23:00:00,-0.8,11.2,0.0,3,-45.47530660357407,0.0,0.0,11,6,16,0
2025-02-14 00:00:00,-0.8,11.6,0.0,3,-45.68325522713931,0.0,0.0,11,6,16,0
2025-02-14 01:00:00,-0.8,10.7,0.0,3,-43.00955671681223,0.0,0.0,11,6,16,0
2025-02-14 02:00:00,-1.0,8.6,0.0,3,-37.9590107049285,0.0,0.0,11,6,16,0
2025-02-14 03:00:00,-1.2,9.1,0.0,3,-31.26281797850787,0.0,0.0,11,6,16,0
2025-02-14 04:00:00,-1.4,9.8,0.0,3,-23.59324423041369,0.0,0.0,11,6,16,0
2025-02-14 05:00:00,-1.5,9.1,0.0,3,-15.483318164569724,0.0,0.0,11,6,16,0
2025-02-14 06:00:00,-1.9,7.4,0.0,3,-7.351866119444551,0.0,0.0,11,6,16,0
2025-02-14 07:00:00,-2.0,6.6,0.0,3,0.7717164579298981,0.0,0.0,11,6,16,1
2025-02-14 08:00:00,-2.2,6.3,0.0,3,7.4287640968912,0.0,0.0,11,6,16,1
2025-02-14 09:00:00,-1.6,6.4,0.0,3,13.203558386919141,0.3888413608315776,26.0,11,6,16,1
2025-02-14 10:00:00,-1.0,6.1,0.0,3,17.450479792244863,1.3370882498708725,104.0,11,6,16,1
2025-02-14 11:00:00,-0.8,4.9,0.0,3,19.781411683286038,1.9087873796695487,168.0,11,6,16,1
2025-02-14 12:00:00,-0.6,3.6,0.0,2,19.959738422332393,2.0440970412195028,206.0,11,6,16,1
2025-02-14 13:00:00,-0.3,3.9,0.0,2,17.966927548804733,2.109477299322652,231.0,11,6,16,1
2025-02-14 14:00:00,-0.1,2.8,0.0,3,14.009193727355395,1.5998154760121646,195.0,11,6,16,1
2025-02-14 15:00:00,-0.1,3.1,0.0,3,8.455100453799773,0.9823878252114501,138.0,11,6,16,1
2025-02-14 16:00:00,-0.3,4.1,0.0,3,1.8578868119642635,0.49557801631081905,81.0,11,6,16,1
2025-02-14 17:00:00,-0.9,2.5,0.0,3,-6.0266941928992,0.10324478679324155,28.0,11,6,16,0
2025-02-14 18:00:00,-0.9,4.3,0.0,3,-14.111405106388574,0.0,0.0,11,6,16,0
2025-02-14 19:00:00,-0.9,4.4,0.0,3,-22.223866977601872,0.0,0.0,11,6,16,0
2025-02-14 20:00:00,-0.9,6.5,0.0,3,-29.959730914802506,0.0,0.0,11,6,16,0
2025-02-14 21:00:00,-0.9,8.9,0.0,3,-36.8043233348635,0.0,0.0,11,6,16,0
2025-02-14 22:00:00,-1.0,9.3,0.0,3,-42.10654611620899,0.0,0.0,11,6,16,0
2025-02-14 23:00:00,-1.0,9.0,0.0,3,-45.13695607635728,0.0,0.0,11,6,16,0
2025-02-15 00:00:00,-1.1,9.3,0.0,2,-45.341645587144114,0.0,0.0,11,6,16,0
2025-02-15 01:00:00,-1.6,10.6,0.0,3,-42.67732710469244,0.0,0.0,11,6,16,0
2025-02-15 02:00:00,-1.8,12.3,0.0,3,-37.64220828911327,0.0,0.0,11,6,16,0
2025-02-15 03:00:00,-1.5,12.2,0.1,71,-30.96017403296588,0.0,0.0,11,6,16,0
2025-02-15 04:00:00,-1.6,12.7,0.1,71,-23.299598784054936,0.0,0.0,11,6,16,0
2025-02-15 05:00:00,-1.1,16.3,0.2,71,-15.1923543040715,0.0,0.0,11,6,16,0
2025-02-15 06:00:00,-0.9,15.7,0.6,73,-7.0565172241132785,0.0,0.0,11,6,16,0
2025-02-15 07:00:00,-0.8,15.4,0.9,73,1.0373791235155778,0.0,0.0,11,6,16,1
2025-02-15 08:00:00,-0.3,14.6,1.1,73,7.737343934866573,0.0,0.0,11,6,16,1
2025-02-15 09:00:00,0.6,14.0,0.4,73,13.527605718711357,0.02785352929403933,10.0,11,6,16,1
2025-02-15 10:00:00,1.1,14.5,0.2,71,17.786401787006554,0.2946724878923453,51.0,11,6,16,1
2025-02-15 11:00:00,0.8,12.0,0.8,73,20.12382322112292,0.30789791996178084,53.0,11,6,16,1
2025-02-15 12:00:00,0.6,11.5,0.7,73,20.301098833775384,0.2691322758756445,47.0,11,6,16,1
2025-02-15 13:00:00,0.6,14.8,0.1,71,18.29968610511642,0.7498767938238571,119.0,11,6,16,1
2025-02-15 14:00:00,0.7,14.6,0.0,3,14.328042022492667,1.2209305382765498,168.0,11,6,16,1
2025-02-15 15:00:00,0.4,13.4,0.1,71,8.75713878230384,0.7806668390466461,120.0,11,6,16,1
2025-02-15 16:00:00,-0.2,18.4,0.0,3,2.1285622887059503,0.597053031782031,97.0,11,6,16,1
2025-02-15 17:00:00,-1.9,20.9,0.0,3,-5.741134894476957,0.2030997548069067,43.0,11,6,16,0
2025-02-15 18:00:00,-2.8,20.0,0.0,2,-13.831889536407672,0.0,2.0,11,6,16,0
2025-02-15 19:00:00,-3.2,19.0,0.0,3,-21.94206082724091,0.0,0.0,11,6,16,0
2025-02-15 20:00:00,-3.3,19.0,0.0,3,-29.668483700097767,0.0,0.0,11,6,16,0
2025-02-15 21:00:00,-3.5,18.2,0.0,2,-36.497227938698316,0.0,0.0,11,6,16,0
2025-02-15 22:00:00,-3.8,16.5,0.0,1,-41.78040594100918,0.0,0.0,11,6,16,0
2025-02-15 23:00:00,-4.1,14.8,0.0,1,-44.79552120255329,0.0,0.0,11,6,16,0
2025-02-16 00:00:00,-4.7,12.9,0.0,0,-44.99638055273755,0.0,0.0,11,6,16,0
2025-02-16 01:00:00,-5.2,11.8,0.0,0,-42.34090746500999,0.0,0.0,11,6,16,0
2025-02-16 02:00:00,-5.3,11.7,0.0,0,-37.32085715150673,0.0,0.0,11,6,16,0
2025-02-16 03:00:00,-5.6,12.4,0.0,0,-30.652828434106112,0.0,0.0,11,6,16,0
2025-02-16 04:00:00,-5.8,11.1,0.0,0,-23.001242339785023,0.0,0.0,11,6,16,0
2025-02-16 05:00:00,-6.1,9.8,0.0,0,-14.896735382788378,0.0,0.0,11,6,16,0
2025-02-16 06:00:00,-6.3,8.0,0.0,0,-6.756447292587154,0.0,0.0,11,6,16,0
2025-02-16 07:00:00,-6.6,7.3,0.0,0,1.311098411072166,0.0,0.0,11,6,16,1
2025-02-16 08:00:00,-6.8,6.7,0.0,0,8.050435449654074,0.0,0.0,11,6,16,1
2025-02-16 09:00:00,-6.0,7.8,0.0,0,13.855846968896145,1.274368452413547,55.0,11,6,16,1
2025-02-16 10:00:00,-4.6,6.3,0.0,0,18.12627194330919,3.132314114364442,166.0,11,6,16,1
2025-02-16 11:00:00,-3.5,5.5,0.0,0,20.469845618659207,4.0457651247381,266.0,11,6,16,1
2025-02-16 12:00:00,-2.7,4.2,0.0,0,20.645612961175686,4.349846561943977,334.0,11,6,16,1
2025-02-16 13:00:00,-2.0,3.3,0.0,0,18.63506914331407,4.143746665420411,359.0,11,6,16,1
2025-02-16 14:00:00,-1.9,2.4,0.0,0,14.649017665750065,3.484514057321272,339.0,11,6,16,1
2025-02-16 15:00:00,-1.8,3.8,0.0,0,9.061008854643504,2.442620466277025,278.0,11,6,16,1
2025-02-16 16:00:00,-2.0,5.7,0.0,0,2.4027788850478657,1.1590622764998593,183.0,11,6,16,1
2025-02-16 17:00:00,-2.8,5.2,0.0,0,-5.454036732086635,0.1757283380972001,72.0,11,6,16,0
2025-02-16 18:00:00,-3.6,4.9,0.0,0,-13.551075789458409,0.0,3.0,11,6,16,0
2025-02-16 19:00:00,-3.8,5.1,0.0,0,-21.65881558903935,0.0,0.0,11,6,16,0
2025-02-16 20:00:00,-4.0,8.5,0.0,0,-29.37552906305291,0.0,0.0,11,6,16,0
2025-02-16 21:00:00,-4.5,11.3,0.0,0,-36.188064694533054,0.0,0.0,11,6,16,0
2025-02-16 22:00:00,-4.8,12.4,0.0,0,-41.45177225642638,0.0,0.0,11,6,16,0
2025-02-16 23:00:00,-4.9,13.0,0.0,0,-44.451104348557095,0.0,0.0,11,6,16,0
2025-02-17 00:00:00,-4.9,13.2,0.0,0,-44.64758136491855,0.0,0.0,11,6,16,0
2025-02-17 01:00:00,-5.0,13.7,0.0,0,-42.00042998782939,0.0,0.0,11,6,16,0
2025-02-17 02:00:00,-5.2,14.5,0.0,0,-36.995090865242474,0.0,0.0,11,6,16,0
2025-02-17 03:00:00,-5.1,14.8,0.0,0,-30.340911235328107,0.0,0.0,11,6,16,0
2025-02-17 04:00:00,-4.9,15.8,0.0,0,-22.698300921779776,0.0,0.0,11,6,16,0
2025-02-17 05:00:00,-4.8,15.8,0.0,0,-14.596583768090056,0.0,0.0,11,6,16,0
2025-02-17 06:00:00,-4.7,15.5,0.0,0,-6.451749722963058,0.0,0.0,11,6,16,0
2025-02-17 07:00:00,-4.4,14.7,0.0,0,1.5924305566103527,0.0,0.0,11,6,16,1
2025-02-17 08:00:00,-4.0,14.3,0.0,0,8.367904007757744,0.0,1.0,11,6,16,1
2025-02-17 09:00:00,-2.7,14.6,0.0,0,14.188158683714576,1.2856734480487273,57.0,11,6,16,1
2025-02-17 10:00:00,-1.0,14.7,0.0,0,18.469969532230706,3.0820560132913464,167.0,11,6,16,1
2025-02-17 11:00:00,0.9,13.3,0.0,0,20.819360505873107,3.968805051221631,265.0,11,6,16,1
2025-02-17 12:00:00,2.3,15.5,0.0,0,20.993165178485953,4.307773068853192,331.0,11,6,16,1
2025-02-17 13:00:00,3.1,15.6,0.0,0,18.97296507258048,4.1089606000234475,355.0,11,6,16,1
2025-02-17 14:00:00,3.2,14.8,0.0,0,14.972014661399854,3.343565269460737,330.0,11,6,16,1
2025-02-17 15:00:00,3.0,14.6,0.0,0,9.366604521566586,2.380915857700457,275.0,11,6,16,1
2025-02-17 16:00:00,2.2,11.9,0.0,0,2.6801855624235884,1.1262106904970544,181.0,11,6,16,1
2025-02-17 17:00:00,0.5,10.3,0.0,0,-5.165425607993399,0.187842154452474,73.0,11,6,16,0
2025-02-17 18:00:00,-0.8,10.0,0.0,0,-13.269028091466737,0.0,4.0,11,6,16,0
2025-02-17 19:00:00,-1.5,8.8,0.0,0,-21.374192015639622,0.0,0.0,11,6,16,0
2025-02-17 20:00:00,-2.0,9.0,0.0,0,-29.0809282714616,0.0,0.0,11,6,16,0
2025-02-17 21:00:00,-2.5,8.0,0.0,0,-35.87690179625264,0.0,0.0,11,6,16,0
2025-02-17 22:00:00,-2.7,7.8,0.0,0,-41.120727366828504,0.0,0.0,11,6,16,0
2025-02-17 23:00:00,-2.9,7.4,0.0,0,-44.10380727481788,0.0,0.0,11,6,16,0
2025-02-18 00:00:00,-3.0,7.0,0.0,0,-44.295368912943815,0.0,0.0,11,6,16,0
2025-02-18 01:00:00,-3.2,6.6,0.0,0,-41.65602711370363,0.0,0.0,11,6,16,0
2025-02-18 02:00:00,-3.9,5.1,0.0,0,-36.665043971583415,0.0,0.0,11,6,16,0
2025-02-18 03:00:00,-3.9,6.0,0.0,0,-30.02455397083095,0.0,0.0,11,6,16,0
2025-02-18 04:00:00,-4.0,6.5,0.0,0,-22.390902259663193,0.0,0.0,11,6,16,0
2025-02-18 05:00:00,-4.0,7.7,0.0,0,-14.292023428254481,0.0,0.0,11,6,16,0
2025-02-18 06:00:00,-4.1,8.1,0.0,0,-6.142513077611611,0.0,0.0,11,6,16,0
2025-02-18 07:00:00,-4.2,7.8,0.0,0,1.8809281304004912,0.0,0.0,11,6,16,1
2025-02-18 08:00:00,-5.2,6.1,0.0,1,8.689614123596087,0.0,1.0,11,6,16,1
2025-02-18 09:00:00,-4.0,8.9,0.0,1,14.524416448932712,1.2215713737069702,59.0,11,6,16,1
2025-02-18 10:00:00,-1.7,7.5,0.0,0,18.81737319283006,2.964171646645647,170.0,11,6,16,1
2025-02-18 11:00:00,0.6,6.4,0.0,0,21.172249263254642,4.088497877053621,276.0,11,6,16,1
2025-02-18 12:00:00,2.2,6.6,0.0,0,21.343640004902724,4.359951135397363,342.0,11,6,16,1
2025-02-18 13:00:00,3.2,7.9,0.0,0,19.31326285540679,4.149184502639654,366.0,11,6,16,1
2025-02-18 14:00:00,3.5,8.6,0.0,0,15.296928022988382,3.4344455777374505,342.0,11,6,16,1
2025-02-18 15:00:00,3.3,8.5,0.0,0,9.67382169859627,2.41442983833302,282.0,11,6,16,1
2025-02-18 16:00:00,2.8,6.7,0.0,0,2.9604584601829202,1.166832967932767,190.0,11,6,16,1
2025-02-18 17:00:00,0.9,5.7,0.0,0,-4.875314593610497,0.18689817363240027,79.0,11,6,16,0
2025-02-18 18:00:00,-1.2,4.8,0.0,0,-12.98580910900911,0.0,5.0,11,6,16,0
2025-02-18 19:00:00,-1.2,6.1,0.0,0,-21.088249582086917,0.0,0.0,11,6,16,0
2025-02-18 20:00:00,-1.5,10.4,0.0,0,-28.78474155986943,0.0,0.0,11,6,16,0
2025-02-18 21:00:00,-1.6,10.6,0.0,0,-35.56380663799919,0.0,0.0,11,6,16,0
2025-02-18 22:00:00,-2.0,10.2,0.0,0,-40.78735292179567,0.0,0.0,11,6,16,0
2025-02-18 23:00:00,-2.3,9.2,0.0,0,-43.753731152534215,0.0,0.0,11,6,16,0
2025-02-19 00:00:00,-2.7,8.8,0.0,0,-43.93986370797546,0.0,0.0,11,6,16,0
2025-02-19 01:00:00,-3.0,8.9,0.0,0,-41.30783145555034,0.0,0.0,11,6,16,0
2025-02-19 02:00:00,-3.4,7.2,0.0,0,-36.33085186707419,0.0,0.0,11,6,16,0
2025-02-19 03:00:00,-4.2,5.1,0.0,0,-29.70388953215914,0.0,0.0,11,6,16,0
2025-02-19 04:00:00,-4.9,4.5,0.0,0,-22.079175667484435,0.0,0.0,11,6,16,0
2025-02-19 05:00:00,-5.2,3.6,0.0,0,-13.98317980184892,0.0,0.0,11,6,16,0
2025-02-19 06:00:00,-5.6,4.7,0.0,0,-5.82881909946137,0.0,0.0,11,6,16,0
2025-02-19 07:00:00,-6.4,5.6,0.0,0,2.1761463985154137,0.0,0.0,11,6,16,1
2025-02-19 08:00:00,-6.2,6.5,0.0,0,9.015429591202334,0.0,2.0,11,6,16,1
2025-02-19 09:00:00,-3.2,8.7,0.0,0,14.864494967643068,1.561211730668254,68.0,11,6,16,1
2025-02-19 10:00:00,-0.8,8.5,0.0,3,19.16836099695682,3.2675650059974553,181.0,11,6,16,1
2025-02-19 11:00:00,1.0,7.2,0.0,0,21.52839307788632,4.028431428904711,279.0,11,6,16,1
2025-02-19 12:00:00,2.4,8.6,0.0,0,21.69692215394727,4.429069147222283,348.0,11,6,16,1
2025-02-19 13:00:00,3.2,10.4,0.0,0,19.65585204944138,4.254120344890554,374.0,11,6,16,1
2025-02-19 14:00:00,3.0,11.6,0.0,0,15.623653802496776,3.6063574889838437,356.0,11,6,16,1
2025-02-19 15:00:00,2.8,12.0,0.0,0,9.982558335787829,2.5710334132931085,298.0,11,6,16,1
2025-02-19 16:00:00,1.9,12.3,0.0,0,3.2433031221238764,1.2182457500708799,198.0,11,6,16,1
2025-02-19 17:00:00,0.1,13.3,0.0,0,-4.583700378202863,0.2097429823408558,82.0,11,6,16,0
2025-02-19 18:00:00,-0.9,13.6,0.0,0,-12.701479965877851,0.0,5.0,11,6,16,0
2025-02-19 19:00:00,-1.6,14.3,0.0,0,-20.801046528656684,0.0,0.0,11,6,16,0
2025-02-19 20:00:00,-2.0,15.3,0.0,0,-28.487028180896047,0.0,0.0,11,6,16,0
2025-02-19 21:00:00,-1.8,15.9,0.0,0,-35.248845865704936,0.0,0.0,11,6,16,0
2025-02-19 22:00:00,-1.5,16.6,0.0,0,-40.45172995778751,0.0,0.0,11,6,16,0
2025-02-19 23:00:00,-1.5,17.1,0.0,0,-43.400976582278844,0.0,0.0,11,6,16,0
2025-02-20 00:00:00,-1.8,18.0,0.0,0,-43.581185860543314,0.0,0.0,11,6,16,0
2025-02-20 01:00:00,-1.9,18.5,0.0,0,-40.95597572559487,0.0,0.0,11,6,16,0
2025-02-20 02:00:00,-2.0,19.7,0.0,2,-35.99265069516487,0.0,0.0,11,6,16,0
2025-02-20 03:00:00,-1.8,19.6,0.0,3,-29.37905204780948,0.0,0.0,11,6,16,0
2025-02-20 04:00:00,-1.9,18.5,0.0,3,-21.763251924450927,0.0,0.0,11,6,16,0
2025-02-20 05:00:00,-2.0,18.0,0.0,3,-13.670179665160788,0.0,0.0,11,6,16,0
2025-02-20 06:00:00,-2.0,17.5,0.0,3,-5.510740033903048,0.0,0.0,11,6,16,0
2025-02-20 07:00:00,-2.0,19.0,0.0,3,2.4776498566701832,0.0,0.0,11,6,16,1
2025-02-20 08:00:00,-1.5,21.0,0.0,3,9.345213599150597,0.0,2.0,11,6,16,1
2025-02-20 09:00:00,-0.6,22.2,0.0,1,15.208268135510082,1.2091892836777196,64.0,11,6,16,1
2025-02-20 10:00:00,0.6,19.2,0.0,0,19.522810512105323,2.8352356542255257,173.0,11,6,16,1
2025-02-20 11:00:00,1.6,22.2,0.0,3,21.88767299746766,3.7794734540508435,267.0,11,6,16,1
2025-02-20 12:00:00,2.3,21.3,0.0,3,22.05289658027823,3.5987762837182378,308.0,11,6,16,1
2025-02-20 13:00:00,2.6,22.5,0.0,3,20.000622846743667,2.6819651923479912,284.0,11,6,16,1
2025-02-20 14:00:00,2.4,24.0,0.0,3,15.952089116570633,1.7038171888808364,220.0,11,6,16,1
2025-02-20 15:00:00,2.5,23.1,0.0,3,10.2927143837653,2.1695740390844693,268.0,11,6,16,1
2025-02-20 16:00:00,2.0,23.7,0.0,3,3.528456548153045,0.793758369135416,129.0,11,6,16,1
2025-02-20 17:00:00,1.4,25.5,0.0,3,-4.290558283162383,0.15806271891189835,30.0,11,6,16,0
2025-02-20 18:00:00,1.1,24.8,0.0,3,-12.416100260311438,0.0,2.0,11,6,16,0
2025-02-20 19:00:00,1.1,25.0,0.0,3,-20.512639905751954,0.0,0.0,11,6,16,0
2025-02-20 20:00:00,1.5,25.8,0.0,3,-28.187846458024396,0.0,0.0,11,6,16,0
2025-02-20 21:00:00,1.5,26.0,0.0,3,-34.93208542949117,0.0,0.0,11,6,16,0
2025-02-20 22:00:00,2.2,24.9,0.0,3,-40.113938940570876,0.0,0.0,11,6,16,0
2025-02-20 23:00:00,1.6,24.8,1.6,61,-43.04564361427623,0.0,0.0,11,6,16,0
2025-02-21 00:00:00,2.2,26.7,1.1,55,-43.21945506155046,0.0,0.0,11,6,16,0
2025-02-21 01:00:00,2.8,25.8,2.1,61,-40.60059266722729,0.0,0.0,11,6,16,0
2025-02-21 02:00:00,2.8,18.8,0.1,51,-35.650577242400615,0.0,0.0,11,6,16,0
2025-02-21 03:00:00,3.3,18.4,0.0,3,-29.050176766091724,0.0,0.0,11,6,16,0
2025-02-21 04:00:00,3.5,15.9,0.0,3,-21.4432631576161,0.0,0.0,11,6,16,0
2025-02-21 05:00:00,3.5,13.5,0.0,3,-13.353150997321649,0.0,0.0,11,6,16,0
2025-02-21 06:00:00,3.5,14.3,0.0,3,-5.188334937449383,0.0,0.0,11,6,16,0
2025-02-21 07:00:00,3.7,15.0,0.0,3,2.785018887878678,0.0,0.0,11,6,16,1
2025-02-21 08:00:00,3.9,15.2,0.0,3,9.678828829861445,0.0,1.0,11,6,16,1
2025-02-21 09:00:00,4.3,16.1,0.0,3,15.55560911349562,0.10436253610544696,22.0,11,6,16,1
2025-02-21 10:00:00,4.8,16.0,0.0,3,19.88059886226894,0.37871170904826046,55.0,11,6,16,1
2025-02-21 11:00:00,5.6,15.7,0.0,3,22.249969982280646,0.5001494705243953,79.0,11,6,16,1
2025-02-21 12:00:00,6.5,16.3,0.0,3,22.411448524250588,0.8212748556621311,130.0,11,6,16,1
2025-02-21 13:00:00,7.8,15.5,0.0,3,20.34746611051021,2.237413478349168,247.0,11,6,16,1
2025-02-21 14:00:00,7.1,17.5,0.0,3,16.282132169967994,0.5697351267623474,94.0,11,6,16,1
2025-02-21 15:00:00,7.1,17.7,0.0,3,10.604191757267145,0.4707896671301507,79.0,11,6,16,1
2025-02-21 16:00:00,6.8,18.0,0.0,3,3.8156890675908386,0.30660715010829137,54.0,11,6,16,1
2025-02-21 17:00:00,6.7,17.6,0.0,3,-3.9958351171067648,0.12865707525620038,26.0,11,6,16,0
2025-02-21 18:00:00,6.6,19.2,0.0,3,-12.129728082339199,0.0,2.0,11,6,16,0
2025-02-21 19:00:00,6.6,20.9,0.0,3,-20.223085620620594,0.0,0.0,11,6,16,0
2025-02-21 20:00:00,6.5,21.9,0.0,3,-27.887253839609343,0.0,0.0,11,6,16,0
2025-02-21 21:00:00,6.4,22.5,0.0,3,-34.613590636702654,0.0,0.0,11,6,16,0
2025-02-21 22:00:00,6.6,23.1,0.0,2,-39.77405980815965,0.0,0.0,11,6,16,0
2025-02-21 23:00:00,6.7,22.7,0.0,2,-42.687831770081914,0.0,0.0,11,6,16,0
2025-02-22 00:00:00,6.9,22.5,0.0,3,-42.85479056656706,0.0,0.0,11,6,16,0
2025-02-22 01:00:00,6.8,20.9,0.0,3,-40.241814991633134,0.0,0.0,11,6,16,0
2025-02-22 02:00:00,7.4,20.2,0.0,3,-35.30476883918901,0.0,0.0,11,6,16,0
2025-02-22 03:00:00,6.9,19.2,0.0,3,-28.7173999414302,0.0,0.0,11,6,16,0
2025-02-22 04:00:00,7.1,19.2,0.0,3,-21.1193427267568,0.0,0.0,11,6,16,0
2025-02-22 05:00:00,6.4,16.1,0.2,51,-13.03222284262607,0.0,0.0,11,6,16,0
2025-02-22 06:00:00,6.0,15.0,0.1,51,-4.8616444752222066,0.0,0.0,11,6,16,0
2025-02-22 07:00:00,6.1,15.3,0.1,51,3.0978564941901254,0.0,0.0,11,6,16,1
2025-02-22 08:00:00,5.4,17.0,0.2,51,10.016137545311935,0.0,2.0,11,6,16,1
2025-02-22 09:00:00,5.4,17.7,0.1,51,15.906390398083417,0.17434975051623056,33.0,11,6,16,1
2025-02-22 10:00:00,5.9,16.9,0.0,3,20.24160278674863,0.6467572713452827,93.0,11,6,16,1
2025-02-22 11:00:00,6.9,14.3,0.0,3,22.615164955067456,1.3848790608433739,171.0,11,6,16,1
2025-02-22 12:00:00,7.7,15.0,0.0,3,22.772463554245746,1.4103390898735395,195.0,11,6,16,1
2025-02-22 13:00:00,8.9,13.9,0.0,3,20.696273409338474,1.7275261770201495,237.0,11,6,16,1
2025-02-22 14:00:00,8.2,15.7,0.0,3,16.613682276362482,1.1990824465279353,179.0,11,6,16,1
2025-02-22 15:00:00,8.2,14.4,0.1,51,10.916894297166024,0.7582732748716667,123.0,11,6,16,1
2025-02-22 16:00:00,7.4,16.8,0.3,51,4.104806031647527,0.10911051267668377,23.0,11,6,16,1
2025-02-22 17:00:00,6.8,16.1,0.5,53,-3.6994386971975928,0.045557577587285826,13.0,11,6,16,0
2025-02-22 18:00:00,6.9,17.5,0.3,51,-11.842420030624282,0.0,1.0,11,6,16,0
2025-02-22 19:00:00,7.1,17.3,0.1,51,-19.93243848563644,0.0,0.0,11,6,16,0
2025-02-22 20:00:00,7.2,17.0,0.0,3,-27.58530695386017,0.0,0.0,11,6,16,0
2025-02-22 21:00:00,7.1,16.4,0.1,51,-34.293426205326284,0.0,0.0,11,6,16,0
2025-02-22 22:00:00,6.8,15.1,0.0,3,-39.432172014038144,0.0,0.0,11,6,16,0
2025-02-22 23:00:00,6.3,13.2,0.2,51,-42.327640065417256,0.0,0.0,11,6,16,0
2025-02-23 00:00:00,5.9,12.2,0.5,53,-42.48731118315496,0.0,0.0,11,6,16,0
2025-02-23 01:00:00,5.7,11.4,1.3,61,-39.87977531903431,0.0,0.0,11,6,16,0
2025-02-23 02:00:00,5.4,12.7,0.1,51,-34.95536326518756,0.0,0.0,11,6,16,0
2025-02-23 03:00:00,5.3,12.5,0.0,3,-28.380858724240625,0.0,0.0,11,6,16,0
2025-02-23 04:00:00,5.2,12.7,0.0,3,-20.791625111595366,0.0,0.0,11,6,16,0
2025-02-23 05:00:00,5.0,13.5,0.0,3,-12.707525169353474,0.0,0.0,11,6,16,0
2025-02-23 06:00:00,4.8,13.3,0.0,3,-4.530683408673752,0.0,0.0,11,6,16,0
2025-02-23 07:00:00,4.8,12.9,0.0,3,3.415795051793552,0.0,0.0,11,6,16,1
2025-02-23 08:00:00,4.6,13.5,0.0,3,10.357001661339496,0.0,3.0,11,6,16,1
2025-02-23 09:00:00,5.1,14.5,0.0,3,16.260483889021742,0.44831127243998836,48.0,11,6,16,1
2025-02-23 10:00:00,5.7,14.0,0.0,3,20.60569869688959,1.1654681228709085,125.0,11,6,16,1
2025-02-23 11:00:00,6.8,14.5,0.0,1,22.983138848821866,2.2618920618146547,224.0,11,6,16,1
2025-02-23 12:00:00,8.4,11.8,0.0,0,23.135827606797108,3.678591070282975,328.0,11,6,16,1
2025-02-23 13:00:00,9.8,12.6,0.0,0,21.046937049106987,4.1215901706936755,383.0,11,6,16,1
2025-02-23 14:00:00,9.9,14.7,0.0,0,16.946639876610206,3.1350037082964994,339.0,11,6,16,1
2025-02-23 15:00:00,10.2,14.4,0.0,0,11.230727731678911,2.392038983620677,297.0,11,6,16,1
2025-02-23 16:00:00,9.9,12.9,0.0,0,4.395649323581381,1.2041143934894867,207.0,11,6,16,1
2025-02-23 17:00:00,9.1,13.3,0.0,1,-3.4012220716558517,0.24290719490803497,95.0,11,6,16,0
2025-02-23 18:00:00,7.5,15.6,0.0,1,-11.554231228108378,0.007521622987255752,11.0,11,6,16,0
2025-02-23 19:00:00,6.4,17.6,0.0,1,-19.64075226791924,0.0,0.0,11,6,16,0
2025-02-23 20:00:00,5.4,18.8,0.0,0,-27.282061664551975,0.0,0.0,11,6,16,0
2025-02-23 21:00:00,4.4,21.0,0.0,3,-33.97165631756347,0.0,0.0,11,6,16,0
2025-02-23 22:00:00,4.2,21.4,0.0,3,-39.08835457045359,0.0,0.0,11,6,16,0
2025-02-23 23:00:00,5.2,22.7,0.0,3,-41.965167033934506,0.0,0.0,11,6,16,0
2025-02-24 00:00:00,5.9,23.1,0.0,3,-42.117135260982735,0.0,0.0,11,6,16,0
2025-02-24 01:00:00,6.8,23.4,0.0,3,-39.51460612437768,0.0,0.0,11,6,16,0
2025-02-24 02:00:00,7.4,23.9,0.0,3,-34.60249865929799,0.0,0.0,11,6,16,0
2025-02-24 03:00:00,7.9,24.5,0.0,3,-28.040691054535372,0.0,0.0,11,6,16,0
2025-02-24 04:00:00,8.1,23.6,0.0,3,-20.460245801550357,0.0,0.0,11,6,16,0
2025-02-24 05:00:00,8.1,23.5,0.1,51,-12.379188724182868,0.0,0.0,11,6,16,0
2025-02-24 06:00:00,7.6,25.4,0.7,53,-4.1954294534885435,0.0,0.0,11,6,16,0
2025-02-24 07:00:00,7.6,25.3,0.2,51,3.738503038265989,0.0,0.0,11,6,16,1
2025-02-24 08:00:00,7.7,25.1,0.1,51,10.701282812634588,0.0,2.0,11,6,16,1
2025-02-24 09:00:00,7.9,24.7,0.1,51,16.617760954607263,0.09616242349654103,21.0,11,6,16,1
2025-02-24 10:00:00,7.5,24.1,0.8,53,20.972762730710812,0.1027324742298242,22.0,11,6,16,1
2025-02-24 11:00:00,7.7,23.8,0.5,53,23.35377265246936,0.18533844013395057,35.0,11,6,16,1
2025-02-24 12:00:00,7.9,23.7,0.7,53,23.50142702453664,0.3437831730192311,60.0,11,6,16,1
2025-02-24 13:00:00,7.9,23.1,1.0,55,21.399350102526157,0.26768851743911964,48.0,11,6,16,1
2025-02-24 14:00:00,8.0,21.8,1.0,55,17.280906554627293,0.1342433188037573,27.0,11,6,16,1
2025-02-24 15:00:00,8.1,21.0,0.9,53,11.54559963730685,0.12781936134864558,26.0,11,6,16,1
2025-02-24 16:00:00,8.1,20.3,0.7,53,4.688098685925354,0.0896839349669669,20.0,11,6,16,1
2025-02-24 17:00:00,7.9,18.5,1.0,55,-3.1009590345443883,0.045222377332412834,13.0,11,6,16,0
2025-02-24 18:00:00,7.8,16.7,1.2,55,-11.265215335656677,0.0,1.0,11,6,16,0
2025-02-24 19:00:00,7.7,16.7,1.0,55,-19.348079740031594,0.0,0.0,11,6,16,0
2025-02-24 20:00:00,7.6,17.7,0.8,53,-26.977573127230883,0.0,0.0,11,6,16,0
2025-02-24 21:00:00,7.2,17.7,0.4,51,-33.64834467334772,0.0,0.0,11,6,16,0
2025-02-24 22:00:00,6.8,16.1,0.1,51,-38.742686091565844,0.0,0.0,11,6,16,0
2025-02-24 23:00:00,6.4,15.9,0.0,3,-41.600510751690166,0.0,0.0,11,6,16,0
2025-02-25 00:00:00,6.2,15.6,0.0,3,-41.744380684487396,0.0,0.0,11,6,16,0
2025-02-25 01:00:00,6.2,14.7,0.0,3,-39.146439687291604,0.0,0.0,11,6,16,0
2025-02-25 02:00:00,6.4,14.2,0.0,3,-34.2463134342442,0.0,0.0,11,6,16,0
2025-02-25 03:00:00,6.4,14.3,0.0,3,-27.697035559335063,0.0,0.0,11,6,16,0
2025-02-25 04:00:00,6.3,13.1,0.0,3,-20.125341188131728,0.0,0.0,11,6,16,0
2025-02-25 05:00:00,6.2,12.9,0.0,3,-12.047344881022454,0.0,0.0,11,6,16,0
2025-02-25 06:00:00,6.0,12.8,0.0,3,-3.855806249192696,0.0,0.0,11,6,16,0
2025-02-25 07:00:00,5.8,13.2,0.0,3,4.065691680520715,0.0,0.0,11,6,16,1
2025-02-25 08:00:00,5.8,12.3,0.0,3,11.048842410239331,0.0,3.0,11,6,16,1
2025-02-25 09:00:00,6.0,14.1,0.0,3,16.97809249451487,0.35933071268612526,43.0,11,6,16,1
2025-02-25 10:00:00,6.4,16.1,0.0,3,21.34267080539675,1.2290528457764658,126.0,11,6,16,1
2025-02-25 11:00:00,6.8,14.3,0.0,2,23.72694745444248,1.6362778654068457,184.0,11,6,16,1
2025-02-25 12:00:00,7.7,14.8,0.0,1,23.8691485919978,2.814092088875791,282.0,11,6,16,1
2025-02-25 13:00:00,8.5,16.5,0.0,3,21.753406436446483,3.300437023189849,340.0,11,6,16,1
2025-02-25 14:00:00,8.8,17.5,0.0,3,17.616385050979034,2.588977283816271,304.0,11,6,16,1
2025-02-25 15:00:00,8.8,16.1,0.0,3,11.861419399861816,1.1086588951375054,171.0,11,6,16,1
2025-02-25 16:00:00,8.1,13.9,0.1,51,4.982072865026382,0.5971219373029744,101.0,11,6,16,1
2025-02-25 17:00:00,6.7,16.3,0.5,53,-2.7983047655606583,0.1605478291474769,31.0,11,6,16,0
2025-02-25 18:00:00,6.0,13.6,0.3,51,-10.975424562797002,0.0,3.0,11,6,16,0
2025-02-25 19:00:00,5.7,14.7,0.1,51,-19.054472731531717,0.0,0.0,11,6,16,0
2025-02-25 20:00:00,5.2,14.8,0.0,3,-26.67189584570164,0.0,0.0,11,6,16,0
2025-02-25 21:00:00,5.3,14.2,0.0,3,-33.323554543587534,0.0,0.0,11,6,16,0
2025-02-25 22:00:00,5.0,13.0,0.0,3,-38.395244836274514,0.0,0.0,11,6,16,0
2025-02-25 23:00:00,4.8,12.7,0.0,3,-41.23376886213293,0.0,0.0,11,6,16,0
2025-02-26 00:00:00,4.7,12.6,0.0,3,-41.36916486786387,0.0,0.0,11,6,16,0
2025-02-26 01:00:00,4.6,12.0,0.0,3,-38.77540804613972,0.0,0.0,11,6,16,0
2025-02-26 02:00:00,4.0,12.3,0.0,3,-33.88694619570356,0.0,0.0,11,6,16,0
2025-02-26 03:00:00,3.9,11.6,0.0,3,-27.350031453986432,0.0,0.0,11,6,16,0
2025-02-26 04:00:00,3.7,12.1,0.0,3,-19.78704846010028,0.0,0.0,11,6,16,0
2025-02-26 05:00:00,3.8,11.4,0.0,3,-11.71212548269277,0.0,0.0,11,6,16,0
2025-02-26 06:00:00,3.5,10.2,0.0,3,-3.5116564199809517,0.0,0.0,11,6,16,0
2025-02-26 07:00:00,3.5,10.9,0.0,3,4.397121472206635,0.0,0.0,11,6,16,1
2025-02-26 08:00:00,3.5,10.6,0.0,3,11.399541693081147,0.0,5.0,11,6,16,1
2025-02-26 09:00:00,4.0,11.1,0.0,3,17.341349000193063,0.1946223821707238,36.0,11,6,16,1
2025-02-26 10:00:00,4.8,11.3,0.0,3,21.715298667630165,0.6632712812416754,99.0,11,6,16,1
2025-02-26 11:00:00,5.6,11.3,0.0,3,24.102544484153483,1.1093052868944169,152.0,11,6,16,1
2025-02-26 12:00:00,5.9,11.7,0.0,3,24.238879569298234,1.3421227780462184,188.0,11,6,16,1
2025-02-26 13:00:00,6.2,10.9,0.0,3,22.10900073698113,1.4858950971956486,200.0,11,6,16,1
2025-02-26 14:00:00,6.4,10.4,0.0,3,17.95297927430059,1.3756472068855365,205.0,11,6,16,1
2025-02-26 15:00:00,6.7,9.8,0.0,3,12.178098175830698,1.2236170568966993,179.0,11,6,16,1
2025-02-26 16:00:00,6.8,7.7,0.0,3,5.277997769976295,0.7180632152908444,122.0,11,6,16,1
2025-02-26 17:00:00,6.7,4.7,0.0,3,-2.4927298756144722,0.22465844930035536,48.0,11,6,16,0
2025-02-26 18:00:00,5.8,5.2,0.0,3,-10.684909674477211,0.013761122961087086,8.0,11,6,16,0
2025-02-26 19:00:00,5.1,4.6,0.0,3,-18.75998218113706,0.0,0.0,11,6,16,0
2025-02-26 20:00:00,4.8,5.3,0.0,2,-26.36508372855755,0.0,0.0,11,6,16,0
2025-02-26 21:00:00,3.7,6.1,0.0,1,-32.99734882293798,0.0,0.0,11,6,16,0
2025-02-26 22:00:00,2.8,6.7,0.0,1,-38.0461087505316,0.0,0.0,11,6,16,0
2025-02-26 23:00:00,2.2,4.9,0.0,0,-40.865038601421816,0.0,0.0,11,6,16,0
2025-02-27 00:00:00,1.5,7.2,0.0,0,-40.99160475216229,0.0,0.0,11,6,16,0
2025-02-27 01:00:00,1.5,7.3,0.0,3,-38.401642955993026,0.0,0.0,11,6,16,0
2025-02-27 02:00:00,1.9,5.8,0.0,3,-33.52453566592341,0.0,0.0,11,6,16,0
2025-02-27 03:00:00,1.9,5.9,0.0,3,-26.99981844744414,0.0,0.0,11,6,16,0
2025-02-27 04:00:00,1.8,5.6,0.0,3,-19.445505501474358,0.0,0.0,11,6,16,0
2025-02-27 05:00:00,1.8,4.0,0.0,3,-11.373662673477384,0.0,0.0,11,6,16,0
2025-02-27 06:00:00,1.7,4.6,0.0,3,-3.162697230806984,0.0,0.0,11,6,16,0
2025-02-27 07:00:00,1.5,5.0,0.0,3,4.73260850985605,0.0,0.0,11,6,16,1
2025-02-27 08:00:00,1.6,4.4,0.0,3,11.753241774772192,0.0,5.0,11,6,16,1
2025-02-27 09:00:00,1.8,5.2,0.0,3,17.70740061281991,0.2157253875069256,39.0,11,6,16,1
2025-02-27 10:00:00,2.1,4.9,0.0,3,22.09052194174251,0.49835038207464005,83.0,11,6,16,1
2025-02-27 11:00:00,3.2,7.3,0.0,3,24.480445151341613,1.0746738104400506,152.0,11,6,16,1
2025-02-27 12:00:00,4.3,8.1,0.0,3,24.610507723749464,1.5630898980965113,211.0,11,6,16,1
2025-02-27 13:00:00,5.2,8.1,0.0,3,22.466028532532633,2.1256399664827286,265.0,11,6,16,1
2025-02-27 14:00:00,4.9,4.7,0.0,3,18.290594310655976,1.3548113641104653,200.0,11,6,16,1
2025-02-27 15:00:00,5.3,4.9,0.0,3,12.495548854217688,1.1570451240449868,180.0,11,6,16,1
2025-02-27 16:00:00,4.9,6.1,0.0,3,5.574618193859209,0.5806598070411281,97.0,11,6,16,1
2025-02-27 17:00:00,4.4,5.6,0.0,3,-2.1834042510264737,0.2782685079460853,50.0,11,6,16,0
2025-02-27 18:00:00,3.8,5.2,0.0,3,-10.393719992588046,0.0077921601470009975,8.0,11,6,16,0
2025-02-27 19:00:00,3.2,4.5,0.0,3,-18.46465818927163,0.0,0.0,11,6,16,0
2025-02-27 20:00:00,2.5,3.7,0.0,3,-26.0571901455654,0.0,0.0,11,6,16,0
2025-02-27 21:00:00,2.3,1.3,0.0,3,-32.66979008192844,0.0,0.0,11,6,16,0
2025-02-27 22:00:00,2.3,2.8,0.0,3,-37.695355509000365,0.0,0.0,11,6,16,0
2025-02-27 23:00:00,2.2,3.5,0.0,3,-40.494416823892124,0.0,0.0,11,6,16,0
2025-02-28 00:00:00,2.2,3.8,0.0,3,-40.61181680428862,0.0,0.0,11,6,16,0
2025-02-28 01:00:00,2.0,3.2,0.0,3,-38.025275850327944,0.0,0.0,11,6,16,0
2025-02-28 02:00:00,1.7,2.8,0.0,3,-33.15922061176485,0.0,0.0,11,6,16,0
2025-02-28 03:00:00,1.9,2.1,0.0,3,-26.646536651551074,0.0,0.0,11,6,16,0
2025-02-28 04:00:00,2.0,3.7,0.0,3,-19.100850792436418,0.0,0.0,11,6,16,0
2025-02-28 05:00:00,1.9,5.5,0.0,3,-11.032088719944582,0.0,0.0,11,6,16,0
2025-02-28 06:00:00,1.5,5.4,0.0,3,-2.8084440781568816,0.0,0.0,11,6,16,0
2025-02-28 07:00:00,1.4,5.7,0.0,3,5.072030597926158,0.0,0.0,11,6,16,1
2025-02-28 08:00:00,1.2,5.7,0.0,3,12.109803686652015,0.0015848176812371158,6.0,11,6,16,1
2025-02-28 09:00:00,1.4,4.9,0.0,3,18.076117178849202,0.26139168058268947,46.0,11,6,16,1
2025-02-28 10:00:00,1.9,5.6,0.0,3,22.46821617567676,0.5824607876980326,92.0,11,6,16,1
2025-02-28 11:00:00,2.6,5.5,0.0,3,24.860531083339197,0.8997161874544629,142.0,11,6,16,1
2025-02-28 12:00:00,3.7,4.7,0.0,3,24.983921359414666,1.8017052123628103,231.0,11,6,16,1
2025-02-28 13:00:00,4.9,4.7,0.0,2,22.82438621476979,2.7629162971066608,319.0,11,6,16,1
2025-02-28 14:00:00,4.3,5.7,0.0,3,18.629136430946602,1.212734188610432,178.0,11,6,16,1
2025-02-28 15:00:00,4.7,5.6,0.0,3,12.81368601896807,1.056926283840272,164.0,11,6,16,1
2025-02-28 16:00:00,4.7,5.5,0.0,2,5.872195398254462,0.8011903938978302,134.0,11,6,16,1
2025-02-28 17:00:00,4.2,4.8,0.0,2,-1.8689796645044936,0.35693257340671186,98.0,11,6,16,0
2025-02-28 18:00:00,2.5,6.2,0.0,2,-10.101903390770303,0.0413952918489607,21.0,11,6,16,0
2025-02-28 19:00:00,1.5,7.6,0.0,1,-18.168550070781762,0.0,0.0,11,6,16,0
2025-02-28 20:00:00,1.0,4.8,0.0,0,-25.748267983695655,0.0,0.0,11,6,16,0
2025-02-28 21:00:00,0.4,3.7,0.0,1,-32.34094061825924,0.0,0.0,11,6,16,0
2025-02-28 22:00:00,-0.2,3.2,0.0,1,-37.34306255588548,0.0,0.0,11,6,16,0
2025-02-28 23:00:00,-0.4,3.1,0.0,3,-40.12200002752934,0.0,0.0,11,6,16,0
2025-03-01 00:00:00,-0.3,6.7,0.0,3,-40.22991701771568,0.0,0.0,11,6,16,0
2025-03-01 01:00:00,-1.2,8.2,0.0,3,-37.64643780628623,0.0,0.0,11,6,16,0
2025-03-01 02:00:00,-0.1,6.7,0.0,3,-32.791139777083174,0.0,0.0,11,6,16,0
2025-03-01 03:00:00,-0.6,8.2,0.0,3,-26.290326494343418,0.0,0.0,11,6,16,0
2025-03-01 04:00:00,-0.5,10.5,0.0,3,-18.75322331317095,0.0,0.0,11,6,16,0
2025-03-01 05:00:00,0.0,10.9,0.0,3,-10.687535816715467,0.0,0.0,11,6,16,0
2025-03-01 06:00:00,0.8,11.4,0.0,3,-2.4480707783505835,0.0,0.0,11,6,16,0
2025-03-01 07:00:00,1.5,13.0,0.0,3,5.415710785755479,0.0,0.0,11,6,16,1
2025-03-01 08:00:00,2.2,13.1,0.0,1,12.46908841781709,0.1441832599742801,14.0,11,6,16,1
2025-03-01 09:00:00,3.4,14.2,0.0,0,18.44736830314028,1.5027283270942025,99.0,11,6,16,1
2025-03-01 10:00:00,5.3,16.4,0.0,2,22.848256884736685,3.373625574926257,229.0,11,6,16,1
2025-03-01 11:00:00,6.6,19.2,0.0,3,25.242684160218985,3.7507524511679433,307.0,11,6,16,1
2025-03-01 12:00:00,7.2,19.0,0.0,3,25.359009344664813,3.139683816265488,320.0,11,6,16,1
2025-03-01 13:00:00,7.7,19.9,0.0,3,23.183971057655455,2.8116245027954747,323.0,11,6,16,1
2025-03-01 14:00:00,7.2,21.3,0.0,3,18.968513096467348,1.875074610627641,253.0,11,6,16,1
2025-03-01 15:00:00,7.1,20.5,0.0,3,13.132425911990367,1.29855681245703,196.0,11,6,16,1
2025-03-01 16:00:00,6.9,19.8,0.0,3,6.170616272009212,1.0224689305898644,172.0,11,6,16,1
2025-03-01 17:00:00,6.0,18.7,0.0,3,-1.5471507649653802,0.4531449994194403,92.0,11,6,16,0
2025-03-01 18:00:00,4.9,18.8,0.0,3,-9.809506280709002,0.06546558117656912,16.0,11,6,16,0
2025-03-01 19:00:00,4.4,19.2,0.0,3,-17.871706407598126,0.0,0.0,11,6,16,0
2025-03-01 20:00:00,4.1,18.9,0.0,3,-25.43836970261937,0.0,0.0,11,6,16,0
2025-03-01 21:00:00,4.1,19.4,0.0,3,-32.01086250711968,0.0,0.0,11,6,16,0
2025-03-01 22:00:00,4.4,20.2,0.0,3,-36.98930714481919,0.0,0.0,11,6,16,0
2025-03-01 23:00:00,5.0,19.9,0.0,3,-39.747884379295584,0.0,0.0,11,6,16,0
2025-03-02 00:00:00,5.2,20.0,0.0,3,-39.84602091471871,0.0,0.0,11,6,16,0
2025-03-02 01:00:00,5.2,20.3,0.0,3,-37.26525951330035,0.0,0.0,11,6,16,0
2025-03-02 02:00:00,5.6,18.9,0.0,3,-32.42043181934548,0.0,0.0,11,6,16,0
2025-03-02 03:00:00,5.6,18.4,0.0,3,-25.93132863737769,0.0,0.0,11,6,16,0
2025-03-02 04:00:00,5.2,18.9,0.0,3,-18.402762450641205,0.0,0.0,11,6,16,0
2025-03-02 05:00:00,4.4,19.1,0.0,3,-10.340135872833173,0.0,0.0,11,6,16,0
2025-03-02 06:00:00,4.3,19.6,0.0,3,-2.0801359197440092,0.0,0.0,11,6,16,0
2025-03-02 07:00:00,4.3,20.4,0.0,3,5.762199306363996,0.0,0.0,11,6,16,1
2025-03-02 08:00:00,4.7,22.2,0.0,3,12.830956952710807,0.1944768538675308,18.0,11,6,16,1
2025-03-02 09:00:00,5.8,23.9,0.0,3,18.821023399690915,1.7748460545017029,109.0,11,6,16,1
2025-03-02 10:00:00,7.1,21.6,0.0,3,23.23051959313389,2.792719708214252,212.0,11,6,16,1
2025-03-02 11:00:00,7.9,23.4,0.0,3,25.62678654788357,3.6764969253374327,308.0,11,6,16,1
2025-03-02 12:00:00,8.6,26.2,0.0,2,25.73566113777538,4.310239583292431,385.0,11,6,16,1
2025-03-02 13:00:00,8.9,26.7,0.0,3,23.54468123457511,4.142104659549843,406.0,11,6,16,1
2025-03-02 14:00:00,8.6,28.4,0.0,3,19.308632962708288,3.386433779155295,380.0,11,6,16,1
2025-03-02 15:00:00,8.1,28.4,0.0,3,13.451686396799815,1.759375195436819,250.0,11,6,16,1
2025-03-02 16:00:00,7.4,25.7,0.0,3,6.469775516017506,0.8429346656100776,143.0,11,6,16,1
2025-03-02 17:00:00,6.4,23.4,0.0,3,-1.213676957402697,0.3721324322156791,107.0,11,6,16,0
2025-03-02 18:00:00,5.3,22.5,0.0,2,-9.516573587744347,0.06634458229151916,25.0,11,6,16,0
2025-03-02 19:00:00,4.7,22.6,0.0,3,-17.574175101130592,0.0,0.0,11,6,16,0
2025-03-02 20:00:00,4.4,23.1,0.0,3,-25.127547389497224,0.0,0.0,11,6,16,0
2025-03-02 21:00:00,4.3,24.9,0.0,3,-31.67961765037873,0.0,0.0,11,6,16,0
2025-03-02 22:00:00,4.3,26.2,0.0,3,-36.63416637767814,0.0,0.0,11,6,16,0
2025-03-02 23:00:00,4.2,25.3,0.0,3,-39.37216574017876,0.0,0.0,11,6,16,0
2025-03-03 00:00:00,4.6,26.2,0.0,3,-39.46024354995836,0.0,0.0,11,6,16,0
2025-03-03 01:00:00,4.8,26.8,0.0,3,-36.88187124490635,0.0,0.0,11,6,16,0
2025-03-03 02:00:00,5.2,25.9,0.0,3,-32.0472352503874,0.0,0.0,11,6,16,0
2025-03-03 03:00:00,5.6,25.6,0.0,3,-25.569683897066156,0.0,0.0,11,6,16,0
2025-03-03 04:00:00,5.7,25.5,0.0,3,-18.049607908267177,0.0,0.0,11,6,16,0
2025-03-03 05:00:00,5.8,25.1,0.0,3,-9.99002027308596,0.0,0.0,11,6,16,0
2025-03-03 06:00:00,5.8,25.7,0.0,3,-1.7019968617509704,0.0,0.0,11,6,16,0
2025-03-03 07:00:00,5.6,26.9,0.0,2,6.111736391855885,0.0,0.0,11,6,16,1
2025-03-03 08:00:00,5.6,26.9,0.0,3,13.195270306679816,0.2867263460515457,20.0,11,6,16,1
2025-03-03 09:00:00,6.2,26.3,0.0,3,19.196951739983746,0.21858834589789472,40.0,11,6,16,1
2025-03-03 10:00:00,7.3,21.3,0.0,3,23.614879873323304,1.3864841847861382,157.0,11,6,16,1
2025-03-03 11:00:00,8.2,25.6,0.0,2,26.012720729072065,2.1807267575167515,234.0,11,6,16,1
2025-03-03 12:00:00,9.1,33.9,0.0,3,26.113766810591912,3.882572317524006,367.0,11,6,16,1
2025-03-03 13:00:00,9.1,30.8,0.0,3,23.90641583365081,1.7356349569202512,237.0,11,6,16,1
2025-03-03 14:00:00,9.6,32.1,0.0,3,19.64940588150685,3.4250304439806603,385.0,11,6,16,1
2025-03-03 15:00:00,9.1,28.2,0.0,3,13.771386922754573,1.7266980546580957,248.0,11,6,16,1
2025-03-03 16:00:00,8.7,26.0,0.0,3,6.769573645458962,1.3654730621078237,241.0,11,6,16,1
2025-03-03 17:00:00,7.7,25.7,0.0,3,-0.8598941361509702,0.39445508286569025,124.0,11,6,16,0
2025-03-03 18:00:00,6.6,24.7,0.0,3,-9.223148713146728,0.06630044604934741,29.0,11,6,16,0
2025-03-03 19:00:00,5.9,24.4,0.0,3,-17.27600342421296,0.0,0.0,11,6,16,0
2025-03-03 20:00:00,5.7,24.0,0.0,3,-24.81585281289223,0.0,0.0,11,6,16,0
2025-03-03 21:00:00,5.6,24.8,0.0,3,-31.347267824516052,0.0,0.0,11,6,16,0
2025-03-03 22:00:00,5.4,25.1,0.0,2,-36.277717242216625,0.0,0.0,11,6,16,0
2025-03-03 23:00:00,5.2,25.1,0.0,1,-38.99493968985831,0.0,0.0,11,6,16,0
2025-03-04 00:00:00,5.2,24.6,0.0,1,-39.07269951526223,0.0,0.0,11,6,16,0
2025-03-04 01:00:00,5.1,23.7,0.0,3,-36.49640283357387,0.0,0.0,11,6,16,0
2025-03-04 02:00:00,5.0,23.7,0.0,3,-31.67168838117763,0.0,0.0,11,6,16,0
2025-03-04 03:00:00,4.8,24.9,0.0,3,-25.205533169978864,0.0,0.0,11,6,16,0
2025-03-04 04:00:00,4.7,24.3,0.0,3,-17.693899618446792,0.0,0.0,11,6,16,0
2025-03-04 05:00:00,4.6,24.2,0.0,3,-9.63731960689158,0.0,0.0,11,6,16,0
2025-03-04 06:00:00,4.6,23.4,0.0,3,-1.3083975086040738,0.0,0.0,11,6,16,0
2025-03-04 07:00:00,4.9,23.5,0.0,3,6.464129430217653,0.0,0.0,11,6,16,1
2025-03-04 08:00:00,5.1,24.0,0.0,3,13.561889559820258,0.27998282276818326,24.0,11,6,16,1
2025-03-04 09:00:00,6.2,27.4,0.0,3,19.5750224989701,1.8359341151016682,121.0,11,6,16,1
2025-03-04 10:00:00,7.3,31.3,0.0,3,24.001213383133802,2.4423123751671643,210.0,11,6,16,1
2025-03-04 11:00:00,8.1,29.2,0.0,3,26.40036953233608,3.238856091937868,296.0,11,6,16,1
2025-03-04 12:00:00,9.1,34.2,0.0,3,26.493217070329173,4.421084191484023,403.0,11,6,16,1
2025-03-04 13:00:00,9.4,30.3,0.1,51,24.26907487130414,3.312619783088755,351.0,11,6,16,1
2025-03-04 14:00:00,8.6,29.8,0.1,51,19.990742901626902,1.2891815013547923,194.0,11,6,16,1
2025-03-04 15:00:00,8.2,27.6,0.0,3,14.091448489866067,0.6713199330477311,110.0,11,6,16,1
2025-03-04 16:00:00,7.8,27.1,0.0,3,7.069915959922312,0.25518957852400104,46.0,11,6,16,1
2025-03-04 17:00:00,7.8,26.9,0.0,3,-0.4650538360790648,0.21071577613343648,39.0,11,6,16,0
2025-03-04 18:00:00,6.9,27.5,0.0,3,-8.929273479746016,0.08400953501749876,20.0,11,6,16,0
2025-03-04 19:00:00,6.6,28.9,0.0,3,-16.9772380723805,0.0,0.0,11,6,16,0
2025-03-04 20:00:00,6.5,30.7,0.0,3,-24.503337475668715,0.0,0.0,11,6,16,0
2025-03-04 21:00:00,6.4,31.7,0.0,3,-31.013874727180777,0.0,0.0,11,6,16,0
2025-03-04 22:00:00,6.2,31.4,0.0,3,-35.9200366484379,0.0,0.0,11,6,16,0
2025-03-04 23:00:00,6.1,31.7,0.0,3,-38.61630155087781,0.0,0.0,11,6,16,0
2025-03-05 00:00:00,6.1,31.2,0.0,3,-38.68350294543606,0.0,0.0,11,6,17,0
2025-03-05 01:00:00,6.2,31.3,0.0,3,-36.10898364836753,0.0,0.0,11,6,17,0
2025-03-05 02:00:00,6.4,31.2,0.0,3,-31.29392927048167,0.0,0.0,11,6,17,0
2025-03-05 03:00:00,6.7,32.6,0.0,3,-24.839017362068162,0.0,0.0,11,6,17,0
2025-03-05 04:00:00,6.6,32.5,0.0,3,-17.335777657831173,0.0,0.0,11,6,17,0
2025-03-05 05:00:00,6.7,32.0,0.0,3,-9.282163354946675,0.0,0.0,11,6,17,0
2025-03-05 06:00:00,6.7,31.7,0.0,3,-0.8874529862930132,0.0,0.0,11,6,17,0
2025-03-05 07:00:00,7.1,31.6,0.0,3,6.819192697662601,0.0,0.0,11,6,17,1
2025-03-05 08:00:00,7.2,30.7,0.0,3,13.930675889313093,0.05823215576941553,15.0,11,6,17,1
2025-03-05 09:00:00,7.7,30.7,0.0,3,19.955104798706984,0.436338801316682,69.0,11,6,17,1
2025-03-05 10:00:00,8.1,30.2,0.0,3,24.38939590071186,1.0438804973355345,141.0,11,6,17,1
2025-03-05 11:00:00,8.5,28.0,0.0,3,26.789616158982,1.1178039797568968,170.0,11,6,17,1
2025-03-05 12:00:00,9.4,34.2,0.0,3,26.873903279529515,1.8389476013462804,242.0,11,6,17,1
2025-03-05 13:00:00,9.2,36.4,0.0,3,24.632559304141083,1.1503687089171097,179.0,11,6,17,1
2025-03-05 14:00:00,9.1,31.2,0.0,3,20.3325562678732,0.976455619263053,158.0,11,6,17,1
2025-03-05 15:00:00,9.6,31.3,0.0,3,14.411793614141104,1.5830129086094498,235.0,11,6,17,1
2025-03-05 16:00:00,8.6,33.2,0.5,53,7.370711955984731,0.4758212026459492,81.0,11,6,17,1
2025-03-05 17:00:00,8.1,32.0,0.2,51,0.01432208845669436,0.38993949553808743,73.0,11,6,17,1
2025-03-05 18:00:00,7.8,32.1,0.0,3,-8.634988056793887,0.12193044456447606,27.0,11,6,17,0
2025-03-05 19:00:00,7.7,31.7,0.0,3,-16.677925214310932,0.0,0.0,11,6,17,0
2025-03-05 20:00:00,7.3,31.1,0.0,3,-24.19005266673291,0.0,0.0,11,6,17,0
2025-03-05 21:00:00,7.2,31.0,0.0,3,-30.67950002226597,0.0,0.0,11,6,17,0
2025-03-05 22:00:00,7.2,30.8,0.0,3,-35.561201463611965,0.0,0.0,11,6,17,0
2025-03-05 23:00:00,7.0,28.7,0.0,3,-38.23634641222887,0.0,0.0,11,6,17,0
2025-03-06 00:00:00,6.9,27.8,0.0,3,-38.29276752497333,0.0,0.0,11,6,17,0
2025-03-06 01:00:00,6.9,26.1,0.0,3,-35.719742575272846,0.0,0.0,11,6,17,0
2025-03-06 02:00:00,6.8,24.9,0.0,3,-30.91409567727223,0.0,0.0,11,6,17,0
2025-03-06 03:00:00,6.7,24.8,0.0,3,-24.47027732174007,0.0,0.0,11,6,17,0
2025-03-06 04:00:00,6.7,24.6,0.0,3,-16.97538216522065,0.0,0.0,11,6,17,0
2025-03-06 05:00:00,6.8,25.6,0.0,3,-8.924679520621694,0.0,0.0,11,6,17,0
2025-03-06 06:00:00,6.8,25.4,0.0,2,-0.40595040199076493,0.0,0.0,11,6,17,0
2025-03-06 07:00:00,6.2,24.0,0.0,2,7.176745347851252,0.0,0.0,11,6,17,1
2025-03-06 08:00:00,6.7,23.6,0.0,3,14.30149060040479,0.4091802076458261,26.0,11,6,17,1
2025-03-06 09:00:00,7.2,20.6,0.0,2,20.33706774967881,0.331960354066838,58.0,11,6,17,1
2025-03-06 10:00:00,8.2,20.9,0.0,1,24.77930335729036,2.454544215202787,204.0,11,6,17,1
2025-03-06 11:00:00,9.3,21.3,0.0,0,27.180344208036658,2.9729048459934373,282.0,11,6,17,1
2025-03-06 12:00:00,10.2,22.0,0.0,0,27.25571747424555,3.812212417079282,374.0,11,6,17,1
2025-03-06 13:00:00,10.8,22.3,0.0,0,24.99677103922751,4.326571041066477,441.0,11,6,17,1
2025-03-06 14:00:00,11.4,20.8,0.0,0,20.67475941880231,3.8105250422765153,432.0,11,6,17,1
2025-03-06 15:00:00,11.3,20.1,0.0,0,14.732346293416043,2.808362410328567,374.0,11,6,17,1
2025-03-06 16:00:00,10.9,18.6,0.0,0,7.671874941828122,1.510613644579472,277.0,11,6,17,1
2025-03-06 17:00:00,9.9,17.5,0.0,0,0.2597327354382344,0.3815419783375613,156.0,11,6,17,1
2025-03-06 18:00:00,8.4,15.0,0.0,0,-8.340330858831152,0.07927649234098022,40.0,11,6,17,0
2025-03-06 19:00:00,7.4,14.3,0.0,0,-16.37811054124225,0.0,0.0,11,6,17,0
2025-03-06 20:00:00,6.8,15.1,0.0,0,-23.87604951149065,0.0,0.0,11,6,17,0
2025-03-06 21:00:00,6.0,14.7,0.0,0,-30.34420538341567,0.0,0.0,11,6,17,0
2025-03-06 22:00:00,5.4,14.5,0.0,0,-35.20128854587139,0.0,0.0,11,6,17,0
2025-03-06 23:00:00,5.1,15.8,0.0,0,-37.85516915227687,0.0,0.0,11,6,17,0
2025-03-07 00:00:00,5.1,15.7,0.0,0,-37.90060649552959,0.0,0.0,11,5,17,0
2025-03-07 01:00:00,5.1,15.2,0.0,0,-35.32880800001229,0.0,0.0,11,5,17,0
2025-03-07 02:00:00,4.4,13.9,0.0,0,-30.532325016761007,0.0,0.0,11,5,17,0
2025-03-07 03:00:00,4.3,13.2,0.0,2,-24.099453776705587,0.0,0.0,11,5,17,0
2025-03-07 04:00:00,4.3,12.9,0.0,2,-16.612853261919753,0.0,0.0,11,5,17,0
2025-03-07 05:00:00,4.7,13.6,0.0,0,-8.564994188570793,0.0,0.0,11,5,17,0
2025-03-07 06:00:00,4.8,13.0,0.0,0,0.09999698596507756,0.0,0.0,11,5,17,1
2025-03-07 07:00:00,4.7,13.3,0.0,0,7.536610532040839,0.0,0.0,11,5,17,1
2025-03-07 08:00:00,5.4,14.6,0.0,0,14.674195156129898,0.7264947263496735,38.0,11,5,17,1
2025-03-07 09:00:00,7.2,14.5,0.0,3,20.72078048983022,2.507267359900949,151.0,11,5,17,1
2025-03-07 10:00:00,8.9,11.7,0.0,0,25.17081186780578,2.971880411082291,246.0,11,5,17,1
2025-03-07 11:00:00,10.9,12.4,0.0,0,27.5724376992409,4.398184435018206,371.0,11,5,17,1
2025-03-07 12:00:00,12.7,12.6,0.0,2,27.63855238048199,4.535441650363073,431.0,11,5,17,1
2025-03-07 13:00:00,13.9,15.1,0.0,3,25.361612942819278,4.26401571970097,452.0,11,5,17,1
2025-03-07 14:00:00,14.6,18.8,0.4,51,21.017266983136878,3.0195875591782744,376.0,11,5,17,1
2025-03-07 15:00:00,11.1,7.9,6.1,63,15.053031973651997,1.168858549322116,186.0,11,5,17,1
2025-03-07 16:00:00,11.1,5.5,0.3,51,7.973321744843091,0.6063061711341072,104.0,11,5,17,1
2025-03-07 17:00:00,11.6,10.1,0.0,3,0.5107357565211572,0.29531353711568886,54.0,11,5,17,1
2025-03-07 18:00:00,10.9,10.9,0.0,3,-8.045338411898854,0.08850618288960338,22.0,11,5,17,0
2025-03-07 19:00:00,9.7,11.8,0.0,3,-16.07783931519998,0.0,0.0,11,5,17,0
2025-03-07 20:00:00,8.2,11.6,0.0,3,-23.56137902092121,0.0,0.0,11,5,17,0
2025-03-07 21:00:00,7.6,12.6,0.0,3,-30.008052535886293,0.0,0.0,11,5,17,0
2025-03-07 22:00:00,6.8,11.7,0.0,1,-34.84037477634408,0.0,0.0,11,5,17,0
2025-03-07 23:00:00,6.1,9.5,0.0,1,-37.472864460948216,0.0,0.0,11,5,17,0
2025-03-08 00:00:00,5.6,9.6,0.0,0,-37.50713266403186,0.0,0.0,11,5,17,0
2025-03-08 01:00:00,5.2,9.8,0.0,2,-34.936307793183815,0.0,0.0,11,5,17,0
2025-03-08 02:00:00,5.2,9.4,0.0,3,-30.148754319888113,0.0,0.0,11,5,17,0
2025-03-08 03:00:00,4.9,9.0,0.0,3,-23.726687274490033,0.0,0.0,11,5,17,0
2025-03-08 04:00:00,4.7,7.3,0.0,3,-16.248330974330386,0.0,0.0,11,5,17,0
2025-03-08 05:00:00,4.2,4.7,0.0,3,-8.203230986731725,0.0,0.0,11,5,17,0
2025-03-08 06:00:00,3.7,4.0,0.0,3,0.4031417445947909,0.0,0.0,11,5,17,1
2025-03-08 07:00:00,3.5,1.8,0.0,3,7.89861496068265,0.0,0.0,11,5,17,1
2025-03-08 08:00:00,4.6,1.0,0.0,3,15.048651205847833,0.446362429456283,34.0,11,5,17,1
2025-03-08 09:00:00,5.8,3.1,0.0,3,21.106112221361144,0.9901188699363155,101.0,11,5,17,1
2025-03-08 10:00:00,7.4,4.6,0.0,3,25.563797759400416,1.1580478614027743,155.0,11,5,17,1
2025-03-08 11:00:00,9.4,5.5,0.0,3,27.96578109412706,1.7752386452154845,217.0,11,5,17,1
2025-03-08 12:00:00,10.9,6.3,0.0,3,28.022301428957114,1.694142808617507,242.0,11,5,17,1
2025-03-08 13:00:00,12.1,7.1,0.0,3,25.726988847619083,2.2489553973682885,287.0,11,5,17,1
2025-03-08 14:00:00,12.9,9.3,0.0,3,21.35999477493587,3.4291901065028862,412.0,11,5,17,1
2025-03-08 15:00:00,12.1,10.9,0.0,3,15.373777515637457,2.440597097321198,342.0,11,5,17,1
2025-03-08 16:00:00,10.7,11.5,0.0,3,8.274972463794015,1.3480599309013632,244.0,11,5,17,1
2025-03-08 17:00:00,8.9,11.0,0.0,3,0.7667277259943575,0.4518590881052923,118.0,11,5,17,1
2025-03-08 18:00:00,7.2,11.4,0.0,3,-7.750045178468312,0.11733403252960344,40.0,11,5,17,0
2025-03-08 19:00:00,5.9,11.3,0.0,3,-15.777156415862294,0.0,0.0,11,5,17,0
2025-03-08 20:00:00,5.7,10.8,0.0,3,-23.246092139163977,0.0,0.0,11,5,17,0
2025-03-08 21:00:00,5.4,10.2,0.0,3,-29.671103296692706,0.0,0.0,11,5,17,0
2025-03-08 22:00:00,5.3,9.8,0.0,3,-34.478537089758305,0.0,0.0,11,5,17,0
2025-03-08 23:00:00,4.9,9.6,0.0,3,-37.089526861127894,0.0,0.0,11,5,17,0
2025-03-09 00:00:00,4.2,9.5,0.0,1,-37.112458411315615,0.0,0.0,11,5,17,0
2025-03-09 01:00:00,3.8,9.1,0.0,3,-34.54236929756222,0.0,0.0,11,5,17,0
2025-03-09 02:00:00,2.9,8.8,0.0,3,-29.763520196135644,0.0,0.0,11,5,17,0
2025-03-09 03:00:00,3.0,8.3,0.0,3,-23.352118126522626,0.0,0.0,11,5,17,0
2025-03-09 04:00:00,3.2,8.0,0.0,3,-15.88195515854855,0.0,0.0,11,5,17,0
2025-03-09 05:00:00,3.2,7.1,0.0,3,-7.839510418921719,0.0,0.0,11,5,17,0
2025-03-09 06:00:00,3.2,5.7,0.0,3,0.7155412078407011,0.0,0.0,11,5,17,1
2025-03-09 07:00:00,3.2,6.2,0.0,3,8.262588626782403,0.0,0.0,11,5,17,1
2025-03-09 08:00:00,3.4,6.8,0.0,3,15.424720612631447,0.2002023186141565,22.0,11,5,17,1
2025-03-09 09:00:00,3.8,8.7,0.0,3,21.492932245310612,0.47380770008960565,70.0,11,5,17,1
2025-03-09 10:00:00,4.8,10.0,0.0,3,25.95813759783894,1.0977103197373534,145.0,11,5,17,1
2025-03-09 11:00:00,6.4,9.8,0.0,3,28.360259315213206,1.8708047911971128,228.0,11,5,17,1
2025-03-09 12:00:00,8.2,9.8,0.0,1,28.406858768229988,2.931816103343003,337.0,11,5,17,1
2025-03-09 13:00:00,9.0,8.2,0.0,3,26.09280355861666,3.3135200325920606,386.0,11,5,17,1
2025-03-09 14:00:00,10.9,8.1,0.0,3,21.702859787606755,3.55589704650939,428.0,11,5,17,1
2025-03-09 15:00:00,11.2,8.3,0.0,3,15.694511162071237,2.534603370478836,358.0,11,5,17,1
2025-03-09 16:00:00,10.8,8.1,0.0,3,8.576750244903181,1.4358961924191884,264.0,11,5,17,1
2025-03-09 17:00:00,9.5,6.9,0.0,3,1.0271384190607762,0.5592107119772729,133.0,11,5,17,1
2025-03-09 18:00:00,7.5,7.3,0.0,3,-7.454483329872588,0.17914792714103323,37.0,11,5,17,0
2025-03-09 19:00:00,5.9,7.5,0.0,3,-15.476106385906718,0.0,0.0,11,5,17,0
2025-03-09 20:00:00,5.3,7.7,0.0,3,-22.930239789531754,0.0,0.0,11,5,17,0
2025-03-09 21:00:00,5.0,8.2,0.0,3,-29.33341961299378,0.0,0.0,11,5,17,0
2025-03-09 22:00:00,4.8,7.9,0.0,3,-34.11585250350798,0.0,0.0,11,5,17,0
2025-03-09 23:00:00,4.3,7.3,0.0,3,-36.70525072921322,0.0,0.0,11,5,17,0
2025-03-10 00:00:00,4.1,8.1,0.0,3,-36.716695701173734,0.0,0.0,11,5,17,0
2025-03-10 01:00:00,4.1,8.0,0.0,3,-34.14711931739984,0.0,0.0,11,5,17,0
2025-03-10 02:00:00,3.7,8.9,0.0,1,-29.376758799489792,0.0,0.0,11,5,17,0
2025-03-10 03:00:00,3.5,6.3,0.0,0,-22.975886355652733,0.0,0.0,11,5,17,0
2025-03-10 04:00:00,2.5,4.5,0.0,0,-15.513865426630602,0.0,0.0,11,5,17,0
2025-03-10 05:00:00,2.0,4.0,0.0,0,-7.473949022335745,0.0,0.0,11,5,17,0
2025-03-10 06:00:00,0.9,5.3,0.0,0,1.0361778662615393,0.0,0.0,11,5,17,1
2025-03-10 07:00:00,0.3,5.0,0.0,0,8.628364583003403,0.0,0.0,11,5,17,1
2025-03-10 08:00:00,1.5,7.4,0.0,3,15.802265479539798,0.6954208796470706,45.0,11,5,17,1
2025-03-10 09:00:00,3.0,6.2,0.0,3,21.88110999399963,1.3819400837157616,124.0,11,5,17,1
2025-03-10 10:00:00,5.0,3.7,0.0,2,26.353708211885575,2.085474293443966,214.0,11,5,17,1
2025-03-10 11:00:00,6.9,3.7,0.0,0,28.755757763350687,3.9595346442264368,364.0,11,5,17,1
2025-03-10 12:00:00,9.1,4.0,0.0,0,28.79211927624037,4.605366169922973,456.0,11,5,17,1
2025-03-10 13:00:00,10.8,7.1,0.0,0,26.458962857581483,4.493751755583071,483.0,11,5,17,1
2025-03-10 14:00:00,10.9,11.4,0.0,0,22.045780186827926,3.7856693760396123,450.0,11,5,17,1
2025-03-10 15:00:00,9.4,13.8,0.0,1,16.015162504994052,2.675344054076668,372.0,11,5,17,1
2025-03-10 16:00:00,7.8,13.4,0.0,3,8.878581073612722,1.396566017043987,252.0,11,5,17,1
2025-03-10 17:00:00,6.7,12.4,0.0,3,1.2914317341411987,0.5677604436360808,129.0,11,5,17,1
2025-03-10 18:00:00,6.1,9.8,0.0,3,-7.158682451434032,0.11749931853596964,36.0,11,5,17,0
2025-03-10 19:00:00,5.9,8.8,0.0,3,-15.17473347468362,0.0,0.0,11,5,17,0
2025-03-10 20:00:00,5.8,7.6,0.0,3,-22.613872918887523,0.0,0.0,11,5,17,0
2025-03-10 21:00:00,5.6,9.1,0.0,3,-28.995063598677234,0.0,0.0,11,5,17,0
2025-03-10 22:00:00,4.8,9.7,0.0,3,-33.75239814514059,0.0,0.0,11,5,17,0
2025-03-10 23:00:00,4.5,9.8,0.0,3,-36.320130314787136,0.0,0.0,11,5,17,0
2025-03-11 00:00:00,4.3,11.5,0.0,3,-36.31995608973442,0.0,0.0,11,5,17,0
2025-03-11 01:00:00,4.2,12.1,0.0,3,-33.75068410957407,0.0,0.0,11,5,17,0
2025-03-11 02:00:00,4.0,10.5,0.0,3,-28.98860579740108,0.0,0.0,11,5,17,0
2025-03-11 03:00:00,3.6,11.5,0.0,3,-22.59813164698386,0.0,0.0,11,5,17,0
2025-03-11 04:00:00,3.3,11.3,0.0,3,-15.144201074181566,0.0,0.0,11,5,17,0
2025-03-11 05:00:00,3.3,11.1,0.0,3,-7.10665828529531,0.0,0.0,11,5,17,0
2025-03-11 06:00:00,3.5,10.1,0.0,3,1.3640818182170307,0.0,0.0,11,5,17,1
2025-03-11 07:00:00,3.5,10.0,0.2,51,8.995778735228853,0.0,0.0,11,5,17,1
2025-03-11 08:00:00,3.7,11.8,0.4,51,16.181148174798494,0.02064163416846493,9.0,11,5,17,1
2025-03-11 09:00:00,4.0,14.6,0.3,51,22.270515061376827,0.17539738787595352,33.0,11,5,17,1
2025-03-11 10:00:00,4.2,16.0,0.2,51,26.750386715686233,0.2588591811528254,46.0,11,5,17,1
2025-03-11 11:00:00,4.3,14.1,0.1,51,29.152162333282924,0.34204722504547563,59.0,11,5,17,1
2025-03-11 12:00:00,4.2,13.0,0.1,51,29.177978570321535,0.2651658079996289,47.0,11,5,17,1
2025-03-11 13:00:00,4.1,11.3,0.9,53,26.82537350625349,0.24594359266416604,44.0,11,5,17,1
2025-03-11 14:00:00,2.8,8.6,0.6,53,22.388675302431523,0.37587297447702595,64.0,11,5,17,1
2025-03-11 15:00:00,2.5,7.8,0.4,51,16.3356624535148,0.3440963573878641,59.0,11,5,17,1
2025-03-11 16:00:00,2.5,7.4,0.2,51,9.180393579079336,0.27967812936215186,49.0,11,5,17,1
2025-03-11 17:00:00,2.6,8.2,0.1,51,1.5591064715927132,0.22156558032642182,40.0,11,5,17,1
2025-03-11 18:00:00,2.6,7.4,0.1,51,-6.862669160554063,0.10516611488801343,22.0,11,5,17,0
2025-03-11 19:00:00,2.7,7.1,0.1,51,-14.873081680056202,0.0,0.0,11,5,17,0
2025-03-11 20:00:00,2.7,7.4,0.1,51,-22.297042540313655,0.0,0.0,11,5,17,0
2025-03-11 21:00:00,2.9,6.7,0.3,51,-28.656097569107345,0.0,0.0,11,5,17,0
2025-03-11 22:00:00,3.3,6.4,0.4,51,-33.38825127825842,0.0,0.0,11,5,17,0
2025-03-11 23:00:00,3.6,7.3,0.7,53,-35.93425975936613,0.0,0.0,11,5,17,0
2025-03-12 00:00:00,3.6,6.0,0.3,51,-35.92235073504811,0.0,0.0,11,5,17,0
